Product_ID,Product_Name,Category,Price_THB,Price_Band,Units_Sold,Sold_Capped,Has_Sales_Data,Reviews,Est_Revenue_THB,Shop_Location,Region_Group
77736,VISTRA Zinc 15mg ( 45 caps) -  วิสทร้า ซิงก์ 15 มก. ( 45 เม็ด),Multivitamins,204.0,฿100–299,9999.0,True,True,7216.0,2039796.0,Chachoengsao,Other provinces
381156,Optimum Nutrition Amino Energy Grape,Mass Gainer,899.0,฿500–999,661.0,False,True,76.0,594239.0,Bangkok,Greater Bangkok
1649266,BOTANICA COLLECTION โบทานีก้า สกัดจากธัญพืช 500กรัม x 1กระปุก,Immunity,585.0,฿500–999,1118.0,False,True,174.0,654030.0,Bangkok,Greater Bangkok
1649268,BOTANICA COLLECTION โบทานีก้า สกัดจากธัญพืช 500กรัม x 3กระปุก,Immunity,1740.0,"฿1,000+",274.0,False,True,37.0,476760.0,Bangkok,Greater Bangkok
2404062,Mega We Care Calcium เมก้า วีแคร์ แคลเซียม [60 แคปซูล] กระดูกและฟัน,Bone & Joint Support,195.0,฿100–299,4113.0,False,True,838.0,802035.0,Pathum Thani,Greater Bangkok
2863493,Signature กาแฟ Max Curve Coffee Sugar free (3 ห่อ),Appetite Suppressant,252.0,฿100–299,522.0,False,True,113.0,131544.0,Bangkok,Greater Bangkok
4369937,DEVER energy gel (vital source of energy) ดีเวอร์ เจลให้พลังงาน เจลพลังงาน เจลวิ่ง เนื้อเยลลี่ สำหรับนักกีฬา นักวิ่ง นักปั่น ว่ายน้ำ &gt; 100 ML องุ่น 6 ซอง,Pre-Workout,560.0,฿500–999,254.0,False,True,61.0,142240.0,Bangkok,Greater Bangkok
4369940,DEVER ดีเวอร์ (vital energy) เครื่องดื่มเยลลี่ให้พลังงาน เกลือแร่ เจลพลังงาน สำหรับนักวิ่ง นักปั่น นักกีฬา ออกกำลังกาย energy gel &gt; 100 ML ผลไม้รวม 6 ซอง,Pre-Workout,560.0,฿500–999,1115.0,False,True,157.0,624400.0,Bangkok,Greater Bangkok
4369945,DEVER vital energy gel เจลวิ่ง เจลนักวิ่ง นักปั่น นักกีฬา เนื้อเยลลี่ เจลให้พลังงานพร้อมทาน สารอาหารสำหรับนักกีฬา เกลือแร่ &gt; 100 ML ผลไม้รวม 12 ซอง,Pre-Workout,1070.0,"฿1,000+",233.0,False,True,40.0,249310.0,Bangkok,Greater Bangkok
4369955,DEVER energy gel (vital source of energy) ดีเวอร์ เจลให้พลังงาน เจลพลังงาน เจลวิ่ง เนื้อเยลลี่ สำหรับนักกีฬา นักวิ่ง นักปั่น ว่ายน้ำ &gt; 100 ML ผลไม้รวม 24 ซอง,Pre-Workout,2040.0,"฿1,000+",95.0,False,True,6.0,193800.0,Bangkok,Greater Bangkok
4369956,DEVER energy gel (vital source of energy) ดีเวอร์ เจลให้พลังงาน เจลพลังงาน เจลเพิ่มพลังงาน เกลือแร่ สำหรับนักกีฬา นักวิ่ง ออกกำลังกาย &gt; 40 ML ส้ม 12 ซอง,Pre-Workout,790.0,฿500–999,1930.0,False,True,302.0,1524700.0,Bangkok,Greater Bangkok
100055009,เมล็ดเจีย ออร์แกนิค 200 g Organic Chia seeds เมล็ดเซีย เมล็ดเชีย ขายส่ง ราคาส่ง Chia seed Slim Healthy,Meal Replacement,159.0,฿100–299,4143.0,False,True,710.0,658737.0,Bangkok,Greater Bangkok
100061850,เมล็ดเจีย ออร์แกนิค 390 กรัม Organic Chia seeds Slim Healthy,Meal Replacement,290.0,฿100–299,291.0,False,True,44.0,84390.0,Bangkok,Greater Bangkok
100074319,เครื่องดื่มสมุนไพรผสมชนิดแห้ง ตราจินตะวัน (ขิง เห็ดหุหนู พุทราจีน เห็ดหลินจือ ),Heart & Blood Pressure,280.0,฿100–299,455.0,False,True,77.0,127400.0,Chiang Mai,Other provinces
100185938,3 Bottle ขวด Herbal One Garcinia ผลส้มแขก อ้วยอัน 100 Capsule,Fat Blockers & Burners,347.0,฿300–499,61.0,False,True,21.0,21167.0,Phuket,Other provinces
110297279,Blackmores Choles-Bloc ลดระดับไขมันและโคเลสเตอรอลในเลือด 60 แคปซูล 12444,Heart & Blood Pressure,596.0,฿500–999,174.0,False,True,21.0,103704.0,Krabi,Other provinces
110315946,Amsel Amino Collagen  แอมเซล อะมิโน คอลลาเจน 40 capsules,Skin Nourishment,149.0,฿100–299,375.0,False,True,64.0,55875.0,Chonburi,Other provinces
110542527,Amsel Glutamine 800 (30 Capsules) แอมเซล แอล-กลูตามีน 800,"Stress, Sleep, and Anxiety",215.0,฿100–299,1339.0,False,True,235.0,287885.0,Chonburi,Other provinces
113711464,ดีทอกซ์ MFL BODY CLEANSE 50 CAPS,Detoxification,599.0,฿500–999,133.0,False,True,32.0,79667.0,Bangkok,Greater Bangkok
117167804,เซซามิน ตรา บี เอ็น เฮิร์บส์ Pack 4 กระปุก,Bone & Joint Support,1200.0,"฿1,000+",306.0,False,True,77.0,367200.0,Chiang Mai,Other provinces
117298235,🔥ส่งฟรี สั่งเลย🚚 Vitamores ผลิตภัณฑ์เสริมอาหารไวต้ามอร์ส ตรีผลา พลัส เห็ดหลินจือ 1 กระปุก 30 แคปซูล ดูแลหุ่นสวย ผิวกระจ่างใส,Detoxification,185.0,฿100–299,1257.0,False,True,106.0,232545.0,Saraburi,Other provinces
120824255,CAL Garlic Oil Capsule น้ำมันกระเทียม ผลิตภัณฑ์เสริมอาหาร 2 กล่อง แถมฟรี แผงอาหารเสริม 2 แผง (10 แคปซูล),Heart & Blood Pressure,1003.0,"฿1,000+",55.0,False,True,10.0,55165.0,Bangkok,Greater Bangkok
121454182,(3 ขวด) Amsel Glutamine 800  แอมเซล กลูตามีน 800 (30 capsules) ช่วยการนอนหลับ,"Stress, Sleep, and Anxiety",644.0,฿500–999,173.0,False,True,32.0,111412.0,Chonburi,Other provinces
121457206,(2 ขวด) Amsel Glutamine 800  แอมเซล กลูตามีน 800 (30 capsules) ช่วยการนอนหลับ,"Stress, Sleep, and Anxiety",429.0,฿300–499,191.0,False,True,29.0,81939.0,Chonburi,Other provinces
122542443,Blackmores Biotin H+ แบลคมอร์ส ไบโอติน เอช+ [60 เม็ด],Hair & Nail,576.0,฿500–999,4182.0,False,True,868.0,2408832.0,Pathum Thani,Greater Bangkok
141456838,Amsel Zinc Vitamin Premix (แอมเซล ซิงค์ พลัส วิตามินพรีมิกซ์) 30 Capsules,Acne Care,112.0,฿100–299,3318.0,False,True,510.0,371616.0,Chonburi,Other provinces
150149104,Khaolaor ขาวละออ กระชายดำพลัส แอล-อาร์จินีน 60 แคปซูล/กล่อง,Sexual Health Vitamins,235.0,฿100–299,5703.0,False,True,1070.0,1340205.0,Samut Prakan,Greater Bangkok
160896218,Auswelllife Royal Jelly นมผึ้งเกรดพรีเมี่ยม 100%. ต้านความเครียด นอนไม่หลับ 1 กระปุก (60 แคปซูล) ทานได้. 2 เดือน,"Stress, Sleep, and Anxiety",620.0,฿500–999,185.0,False,True,31.0,114700.0,Ubon Ratchathani,Other provinces
169859919,ควินัว ขาว 500 กรัม ออร์แกนิค Organic White Quinoa คีนัว สีขาว ข้าวคีนัว ข้าวควินัว Slim Healthy,Meal Replacement,189.0,฿100–299,94.0,False,True,7.0,17766.0,Bangkok,Greater Bangkok
200016014,UME GOLD ยูมีโกลด์ 20 ซอง (ของแท้ 100%),Detoxification,880.0,฿500–999,78.0,False,True,12.0,68640.0,Samut Prakan,Greater Bangkok
219646045,S.K. herb (คัพ D) คัพดี เอส เค เฮิร์บ by นางเนียน บรรจุ 10 แคปซูล (3 กล่อง),Women's Health,165.0,฿100–299,52.0,False,True,1.0,8580.0,Bangkok,Greater Bangkok
220049820,เมล็ดแฟลกซ์ สีน้ำตาล บดผง 300 กรัม ออร์แกนิค มีเลข อย. Organic Brown Grinded Flaxseeds แฟล็กซีด เมล็ดflaxseed Slim Healthy,Meal Replacement,250.0,฿100–299,667.0,False,True,103.0,166750.0,Bangkok,Greater Bangkok
220051034,เมล็ดแฟลกซ์ สีน้ำตาล บดผง 150 กรัม ออร์แกนิค มีเลข อย. Organic Brown Grinded Flaxseeds แฟล็กซีด เมล็ดแฟลกซ์ซีด Slim Healthy,Digestive Care,150.0,฿100–299,1383.0,False,True,246.0,207450.0,Bangkok,Greater Bangkok
220055985,Handy Herb G nite แฮนดี้เฮิร์บ จีไนท์ (24ซอง/กล่อง),"Stress, Sleep, and Anxiety",440.0,฿300–499,185.0,False,True,32.0,81400.0,Pathum Thani,Greater Bangkok
227647203,ผงแฟลกซ์ สีทอง 300 กรัม ออร์แกนิค มีเลข อย. ผงเมล็ดแฟลกซ์ เมล็ดแฟลกซ์บดผง Organic Golden Grinded Flaxseeds แฟล็กซีดสีทอง Slim Healthy,Meal Replacement,259.0,฿100–299,700.0,False,True,128.0,181300.0,Bangkok,Greater Bangkok
230237081,Vistra Gotu Kola Extract Plus Zinc (30 แคปซูล) วิสทร้า โกตู พลัส ซิงค์,Acne Care,177.0,฿100–299,1235.0,False,True,84.0,218595.0,Phatthalung,Other provinces
230420728,turbo max two up TWO UP by Turbomax ทูอัพ บาย เทอร์โบ แมกซ์ (60 แคปซูล),Men's Health,845.0,฿500–999,9541.0,False,True,1633.0,8062145.0,Bangkok,Greater Bangkok
233361400,หมอเส็ง - กาแฟสมุนไพร สูตร1 [25 ซอง] ของแท้100%,Nutritional Foods & Drinks,640.0,฿500–999,279.0,False,True,36.0,178560.0,Samut Prakan,Greater Bangkok
243931800,เมล็ดแฟลกซ์ สีน้ำตาล 200 g ไม่บด ออร์แกนิค มีเลข อย. Organic Brown Flaxseeds แฟล็กซีด แฟล็กซ์ แฟลกซ์ซี๊ด ลินิน linen Slim Healthy,Meal Replacement,89.0,<฿100,277.0,False,True,44.0,24653.0,Bangkok,Greater Bangkok
247673356,แพ๊คเกจใหม่ Meme Doom มีมี่ดูมพลัส อาหารเสริมสำหรับคุณผู้หญิง มัดใจสามีอยู่หมัด บรรจุ 7 เม็ด  (3 ซอง),Breast Enlargement,82.0,<฿100,10.0,False,True,,820.0,Bangkok,Greater Bangkok
247673585,แพ๊คเกจใหม่ Meme Doom มีมี่ดูมพลัส อาหารเสริมสำหรับคุณผู้หญิง มัดใจสามีอยู่หมัด บรรจุ 7 เม็ด  (5 ซอง),Breast Enlargement,135.0,฿100–299,54.0,False,True,5.0,7290.0,Bangkok,Greater Bangkok
248059138,โฉมใหม่ Meme Doom มีมี่ดูม ยาอกโต นมเด้ง บรรจุ 7 เม็ด/ซอง,Breast Enlargement,89.0,<฿100,27.0,False,True,1.0,2403.0,Bangkok,Greater Bangkok
252596257,🔥Nutri Master Bain Syrup 150 ml พัฒนาสมองเด็ก เบน ไซรับ Nutrimaster น้ำมันปลาเข้มข้น,Brain & Memory,134.0,฿100–299,8320.0,False,True,950.0,1114880.0,Nakhon Si Thammarat,Other provinces
258134229,ชาอุ่นรัก เพิ่มบำรุงน้ำนมแม่หลังคลอด มัมโกลด์(แถมขวดน้ำพรีเมี่ยม สูตรใหม่แท้100%),Pregnancy Care,199.0,฿100–299,7386.0,False,True,1570.0,1469814.0,Chai Nat,Other provinces
259807924,Clara Plus คลาร่า พลัส 20 แคปซูล [2 กล่อง],Women's Health,532.0,฿500–999,438.0,False,True,75.0,233016.0,Bangkok,Greater Bangkok
259809796,Clara Plus คลาร่า พลัส 20 แคปซูล [1 กล่อง],Women's Health,269.0,฿100–299,623.0,False,True,89.0,167587.0,Bangkok,Greater Bangkok
261716999,เมล็ดเจีย ออร์แกนิค 1 Kg Organic Chia seeds เมล็ดเซีย เมล็ดเชีย ขายส่ง ราคาส่ง Chia seed Slim Healthy,Meal Replacement,379.0,฿300–499,346.0,False,True,70.0,131134.0,Bangkok,Greater Bangkok
261724016,เมล็ดเจีย ออร์แกนิค 80 g แถม 50 g Organic Chia seeds เมล็ดเซีย เมล็ดเชีย ขายส่ง ราคาส่ง Chia seed Slim Healthy,Meal Replacement,150.0,฿100–299,311.0,False,True,15.0,46650.0,Bangkok,Greater Bangkok
264230901,WHEYWWL เวย์โปรตีนไอโซเลท ลดไขมัน/เพิ่มกล้ามเนื้อ - ขนาด 1 ปอนด์ รสช็อคโกแลต (แถมฟรี! แก้วเชคเกอร์),Protein,900.0,฿500–999,574.0,False,True,115.0,516600.0,Nonthaburi,Greater Bangkok
265233364,"คาเฟอีน High Caffeine 200 mg + Calcium 75 mg, Extra Strength 100 Tablets (Natrol®) Energy Support",Pre-Workout,679.0,฿500–999,37.0,False,True,6.0,25123.0,Chiang Mai,Other provinces
270378201,Chu ผลิตภัณฑ์เสริมอาหาร ชูว์ อาหารเสริม (ขนาด 10 แคปซูล x 2 กล่อง),Sexual Health Vitamins,278.0,฿100–299,9999.0,True,True,5977.0,2779722.0,Pathum Thani,Greater Bangkok
277561371,ถั่งเช่า Donutt Cordyceps Plus Multivitamin B ถั่งเช่า มัลติ วิตามินบี 30 แคปซูล (3 กล่อง) *แพ็คเก็จใหม่ ล่าสุด,Immunity,348.0,฿300–499,4082.0,False,True,803.0,1420536.0,Pathum Thani,Greater Bangkok
277582293,ถั่งเช่า Donutt Cordyceps Plus Multivitamin B ถั่งเช่า มัลติ วิตามินบี 30 แคปซูล (2 กล่อง) แพ็คเก็จใหม่ ล่าสุด !!,Immunity,230.0,฿100–299,2945.0,False,True,585.0,677350.0,Pathum Thani,Greater Bangkok
289486009,"[ คาเฟอีน + แคลเซียม ] Natrol , High Caffeine (200 mg) x 100 เม็ด (Tablets)",Pre-Workout,649.0,฿500–999,124.0,False,True,13.0,80476.0,Bangkok,Greater Bangkok
293544943,"ALLMAX Nutrition, Caffeine , 200 mg, 100 Tablets, (100 เม็ด.)",Pre-Workout,390.0,฿300–499,892.0,False,True,133.0,347880.0,Nonthaburi,Greater Bangkok
297428115,แพคคู่ Amoni C Rosehip Plus อาโมนิ ซี โรสฮิป พลัส (30 เม็ด x 1 กระปุก) + L Gluta Armoni แอล กลูต้า อาโมนิ (30 เม็ด x 1 กระปุก) อาหารเสริม,Whitening,249.0,฿100–299,9999.0,True,True,3069.0,2489751.0,Pathum Thani,Greater Bangkok
300138094,Collagen plus Gold Princess (คอลลาเจน พลัส บรรจุ 40 เม็ด),Whitening,139.0,฿100–299,100000.0,True,True,10746.0,13900000.0,Samut Prakan,Greater Bangkok
303962966,MATELL L-Carnitine 500mg(100capsules) แอลคาร์นิทีน 500มก(100แคป),Food Supplement,249.0,฿100–299,9999.0,True,True,3940.0,2489751.0,Khon Kaen,Other provinces
304438121,วิตามินซี รูปและรสผลไม้ เยลลี่ Hi C fruit Chewies Vitamin C ขนาดบรรจุ 200 กรัม 100 เม็ด,Multivitamins,199.0,฿100–299,425.0,False,True,82.0,84575.0,Nonthaburi,Greater Bangkok
305484773,"คาเฟอีน Caffeine 200mg + Calcium 75mg Metabolism & Performance, Essentials 100 Tablets (GAT)",Pre-Workout,668.0,฿500–999,51.0,False,True,15.0,34068.0,Chiang Mai,Other provinces
308956359,"[ โฟลิค ] Now Foods, Folic Acid+ B-12 x 250 เม็ด (Tablets)",Pregnancy Care,479.0,฿300–499,53.0,False,True,10.0,25387.0,Bangkok,Greater Bangkok
311296330,D Aora Detox Herb ดีออร่า เฮิร์บ สมุนไพร ดีท็อคช์ (ขนาดบรรจุ 100 เม็ด),Detoxification,114.0,฿100–299,2788.0,False,True,441.0,317832.0,Bangkok,Greater Bangkok
318368061,พริกไทยดำ ปรับรูปร่างแม่หลังคลอด เผาผลาญ กระชับ พุงยุบ พิเศษ 2 กล่อง ทานได้ 2 เดือน( 60 แคปซูล) ส่งฟรี KERRY,Pregnancy Care,690.0,฿500–999,15.0,False,True,1.0,10350.0,Chai Nat,Other provinces
323104095,VERYUP เพิ่มน้ำหนักสำหรับคนผอม  สูตรใหม่เพิมคอลลาเจน สกัดจากธรรมชาติแท้,Mass Gainer,450.0,฿300–499,1276.0,False,True,210.0,574200.0,Nonthaburi,Greater Bangkok
328184868,🔥 PREROTIC  PLUS by Medileen พรีโรติก เมดิลีน ฟรีเทสเตอร์ +สะสมคะแนนแลกของรางวัล,Digestive Care,998.0,฿500–999,534.0,False,True,109.0,532932.0,Bangkok,Greater Bangkok
329316250,(แท้💯%แพ็คแกจใหม่) สมุนไพรว่านเสน่ห์หา ตราบ้านแก้ว ใส เฮิร์บ บรรจุ 10 แคปซูล (5 ซอง),Breast Enlargement,90.0,<฿100,18.0,False,True,1.0,1620.0,Bangkok,Greater Bangkok
330726217,DEVER vital energy gel เจลวิ่ง เจลนักวิ่ง นักปั่น นักกีฬา เนื้อเยลลี่ เจลให้พลังงานพร้อมทาน สารอาหารสำหรับนักกีฬา เกลือแร่ &gt; 100 ML มะนาว 6 ซอง,Pre-Workout,560.0,฿500–999,163.0,False,True,45.0,91280.0,Bangkok,Greater Bangkok
330792010,Turbomax เทอร์โบ แมกซ์ (60 แคปซูล),Sexual Health Vitamins,838.0,฿500–999,670.0,False,True,142.0,561460.0,Bangkok,Greater Bangkok
330994623,DEVER energy gel (vital source of energy) ดีเวอร์ เจลให้พลังงาน เจลพลังงาน เจลเพิ่มพลังงาน เกลือแร่ สำหรับนักกีฬา นักวิ่ง ออกกำลังกาย &gt; 40 ML มะนาว 6 ซอง,Pre-Workout,480.0,฿300–499,762.0,False,True,157.0,365760.0,Bangkok,Greater Bangkok
334538014,WHEYWWL เวย์โปรตีนไอโซเลท ลดไขมัน/เพิ่มกล้ามเนื้อ - ขนาด 1 ปอนด์ รสซูกัส (แถมฟรี! แก้วเชคเกอร์),Mass Gainer,1000.0,"฿1,000+",143.0,False,True,29.0,143000.0,Nonthaburi,Greater Bangkok
339450955,อาหารเสริม สำหรับผู้ชายและผู้หญิง กิฟฟารีน Giffarine #ซิ้งค์ #คอลลาเจน #Collagen #สิว #หน้ามัน #ผมร่วง #ผมหลุดร่วง #มีบุตรยาก #อ่อนเพลีย,Acne Care,520.0,฿500–999,10.0,False,True,1.0,5200.0,Bangkok,Greater Bangkok
339986068,นูทริ โฟลิค NUTRI FOLIC GIFFARINE #เลือดจาง #โลหิตจาง #ธาลัสซีเมีย #บำรุงร่างกาย #อ่อนเพลีย #โฟลิค #คนท้อง #ตั้งท้อง #ตั้งครรภ์ #อาหารเสริม,Multivitamins,180.0,฿100–299,9.0,False,True,3.0,1620.0,Bangkok,Greater Bangkok
343726461,MATELL Whey Protein Isolate เวย์ โปรตีน ไอโซเลท Non Soy ไม่มีซอย ผสม Collagen,Protein,449.0,฿300–499,100000.0,True,True,11367.0,44900000.0,Khon Kaen,Other provinces
344858315,Vitaccino coffee เกรดเอ มีสติกเกอร์ LIDA กาแฟลดน้ำหนัก กาแฟดำ ไวแทคชิโน อีริต้า กาแฟ 15 ซอง,Food Supplement,118.0,฿100–299,9999.0,True,True,6800.0,1179882.0,Bangkok,Greater Bangkok
346780443,Vistra Gotu Kola Extract Plus Zinc วิสทร้า โกตู โคลา พลัส ซิงค์ [30 เม็ด],Acne Care,192.0,฿100–299,4408.0,False,True,771.0,846336.0,Pathum Thani,Greater Bangkok
350444875,Lemona Collagen เลโมนา คอลลาเจน / Lemona Gyeol Fish Collagen 1200 Mg คอลลาเจนเกาหลี LEMONA Gyeol by BellaColla Thailand,Skin Nourishment,369.0,฿300–499,9999.0,True,True,2095.0,3689631.0,Nonthaburi,Greater Bangkok
350708854,Blackmores Bio Calcium + D3 แบลคมอร์ส ไบโอ แคลเซี่ยม [60 เม็ด] มีวิตามินดี เพื่อช่วยในการดูดซึมแคลเซียม,Bone & Joint Support,253.0,฿100–299,5232.0,False,True,1123.0,1323696.0,Pathum Thani,Greater Bangkok
360366203,(แบบ 10 ซอง) มีดูมซองแดงMemeDoom มีมี่ดูม,Breast Enlargement,179.0,฿100–299,51.0,False,True,2.0,9129.0,Nonthaburi,Greater Bangkok
367742357,MemeDoom มีมี่ดูม 1 ซอง สำหรับผู้หญิง  1 ซอง,Breast Enlargement,19.0,<฿100,1507.0,False,True,107.0,28633.0,Nonthaburi,Greater Bangkok
372852949,Herbal One Fenugreek เฮอร์บัล วัน ฟีนูกรีค บรรจุ 60 แคปซูล เมล็ดลูกซัด   (ผลิตภัณฑ์เสริมอาหาร),Pregnancy Care,124.0,฿100–299,977.0,False,True,146.0,121148.0,Bangkok,Greater Bangkok
385168226,A-OVA Collagen (เอโอว่า คอลลาเจน) เครื่องดื่มคอลลาเจนสกัดเย็นจากหอยเป๋าฮื้อ  1 แพ็ค 6 ขวด,Beauty Supplements Value Sets,225.0,฿100–299,762.0,False,True,123.0,171450.0,Bangkok,Greater Bangkok
399752460,คลอโรฟิลล์ กิฟฟารีน Chlorophyll คลอโรฟิลล์ ซี โอ กลิ่นแอปเปิ้ล เครื่องดื่ม ขนาด 30 ซอง/กล่อง (แถมกระบอกน้ำ) ส่งฟรี กิฟฟารีของแท้ ส่งเร็ว,Detoxification,480.0,฿300–499,116.0,False,True,26.0,55680.0,Samut Prakan,Greater Bangkok
402138009,ซื้อ 2 แถม 2 !!! Venista เวนิสต้า อาหารเสริม (ขนาด 30 เม็ด) อาหารเสริม ผลิตภัณฑ์เสริมอาหาร,Detoxification,198.0,฿100–299,293.0,False,True,52.0,58014.0,Pathum Thani,Greater Bangkok
427190524,"เบลนเดอร่า เอ็มเอฟ (BLENDERA MF) ขนาด 2,500 กรัม",Nutritional Foods & Drinks,829.0,฿500–999,1686.0,False,True,281.0,1397694.0,Bangkok,Greater Bangkok
434602279,เพิ่มน้ำนม กู้น้ำนม เร่งน้ำนม บำรุงน้ำนม แทนอยู่ไฟ 30 แคป (ทานได้ 1 เดือน /ส่งฟรี),Pregnancy Care,390.0,฿300–499,2165.0,False,True,502.0,844350.0,Chai Nat,Other provinces
451878017,((ของแท้ มี QR code)) Nature King Royal Jelly 1000mg (120Capsules) อาหารเสริม นมผึ้ง นำเข้าจากออสเตรเลีย,"Stress, Sleep, and Anxiety",386.0,฿300–499,8128.0,False,True,1569.0,3137408.0,Bangkok,Greater Bangkok
473632392,"ไบโอติน บำรุงผมและเล็บ 21st Century, Biotin, 10000 mcg, 120 tablets",Hair & Nail,365.0,฿300–499,1667.0,False,True,346.0,608455.0,Chiang Mai,Other provinces
475434904,Sh ส้มเช้ง เอส เอช ลดน้ำหนักอาหารเสริม 1 กล่องบรรจุ 10 เม็ด ส่งฟรี มีเก็บปลายทาง (1 กล่อง),Appetite Suppressant,230.0,฿100–299,427.0,False,True,57.0,98210.0,Bangkok,Greater Bangkok
533212614,กรดโฟลิก Folic Acid 400 mcg 100 Tablets (Mason Natural®) โฟเลต Folate,Pregnancy Care,298.0,฿100–299,92.0,False,True,18.0,27416.0,Chiang Mai,Other provinces
552672216,Onny Collagen By Plateroon ออนนี่ คอลลาเจน สารสกัดเกรดพรีเมี่ยม 60 แคปซูล,Skin Nourishment,220.0,฿100–299,14.0,False,True,1.0,3080.0,Bangkok,Greater Bangkok
559764730,Vitacel Gold ไวต้าเซล โกลด์ (1กระปุก 60 แคปซูล ),Detoxification,589.0,฿500–999,874.0,False,True,138.0,514786.0,Bangkok,Greater Bangkok
569020897,Himalaya party smart สมุนไพรเเก้เเฮงค์,Detoxification,450.0,฿300–499,556.0,False,True,34.0,250200.0,Bangkok,Greater Bangkok
584308739,Apple Herb Detox [10 แคปซูล/ซอง] / Luxi Manow Detox [5 แคปซูล/ซอง] [เลือกด้านใน] สมุนไพรแอปเปิ้ลเขียวดีท็อกซ์ BC อ้วนผอม,Fat Blockers & Burners,9.0,<฿100,100000.0,True,True,11389.0,900000.0,Nonthaburi,Greater Bangkok
587300035,MS SOY PROTEIN ISOLATE เวย์โปรตีน ซอยโปรตีน โปรตีนถั่วเหลืองแท้ 100% กล้ามเนื้อ  แพ้เวย์ whey โปรตีนนมทานได้,Protein,279.0,฿100–299,9999.0,True,True,4651.0,2789721.0,Bangkok,Greater Bangkok
591580400,อาหารเสริมท่านชาย TOPTEN (1 กล่อง 2 แคปซูล),Sexual Health Vitamins,350.0,฿300–499,793.0,False,True,148.0,277550.0,Lampang,Other provinces
605058330,Blackmores Bio Zinc A Chelate แบลคมอร์ส ไบโอ ซิงค์ เอ คีเลต [90 เม็ด],Hair & Nail,341.0,฿300–499,3271.0,False,True,648.0,1115411.0,Pathum Thani,Greater Bangkok
610896268,Blackmores Ginkgo แบลคมอร์ส ใบแป๊ะก๊วย [30 เม็ด],Food Supplement,268.0,฿100–299,879.0,False,True,152.0,235572.0,Pathum Thani,Greater Bangkok
613642916,G-Zanol 10 เซียน จี-ซานอล ราคา 1 ขวด,Detoxification,395.0,฿300–499,49.0,False,True,5.0,19355.0,Bangkok,Greater Bangkok
616542012,บีซีเอเอ BCAA Essentials 750mg 240 Capsules (MusclePharm®),Pre-Workout,1598.0,"฿1,000+",7.0,False,True,1.0,11186.0,Chiang Mai,Other provinces
627078254,Mommy Booster น้ำมะกรูดอินทผลัม ออร์แกนิค 15 ขวด สกัดเข้มข้น มัมมี่บู๊สเตอร์ บำรุงเลือด เพิ่มโอกาสสมหวัง กระเช้าเยี่ยมคลอด,Pregnancy Care,990.0,฿500–999,1812.0,False,True,398.0,1793880.0,Bangkok,Greater Bangkok
627086180,Mommy Booster น้ำหัวปลี ออร์แกนิค คละรส 15 ขวด สกัดเข้มข้น มัมมี่บู๊สเตอร์ เพิ่มน้ำนม บำรุงน้ำนม น้ำหัวปลีออร์แกนิก บำรุงครรภ์ กระเช้าเยี่ยม,Pregnancy Care,990.0,฿500–999,1153.0,False,True,223.0,1141470.0,Bangkok,Greater Bangkok
628288642,ถั่ว 5 สีขนิดผง แม่อุษา 352 กรัม (บรรจุ16 ซองเล็ก),Nutritional Foods & Drinks,100.0,฿100–299,6106.0,False,True,854.0,610600.0,Bangkok,Greater Bangkok
628952552,MaxxLife GD1 Spirulina แพ็คคู่ สาหร่ายเกลียวทอง  สาหร่ายสไปรูไลน่า 100เม็ด 2 กระปุก,Detoxification,537.0,฿500–999,508.0,False,True,109.0,272796.0,Phitsanulok,Other provinces
633838528,(12 ขวด) Ener-G Speedy เอนเนอร์-จี สปีดี้ รสเลมอน น้ำตาลน้อย สะดวก ดื่มง่าย สูตรเพิ่มสารสกัด!! Handy Herb,Brain & Memory,190.0,฿100–299,61.0,False,True,8.0,11590.0,Pathum Thani,Greater Bangkok
641118150,Vistra Gotu Kola Extract Plus Zinc วิสทร้า  สารสกัดใบบัวบก [30 เม็ด],Acne Care,192.0,฿100–299,739.0,False,True,118.0,141888.0,Pathum Thani,Greater Bangkok
659652804,(12 ขวด) Night Night Speedy ไนท์ ไนท์ สปีดี้ ดื่มง่าย น้ำตาล 0%  สูตรใหม่!! Handy Herb,"Stress, Sleep, and Anxiety",190.0,฿100–299,54.0,False,True,10.0,10260.0,Pathum Thani,Greater Bangkok
674830094,*1แถม1* ไอเม่ ดาวน์โหลด อาหารเสริมดีท็อกซ์ รสมิกซ์เบอร์รี่ 5 ซอง (2 กล่อง),Digestive Care,258.0,฿100–299,313.0,False,True,51.0,80754.0,Bangkok,Greater Bangkok
713622829,มัลโตเดกตริน Maltodextrin (แป้งผง เพิ่มนํ้าหนัก อยากอ้วน โหลดคาร์บ กินข้าวได้น้อย),Mass Gainer,90.0,<฿100,5120.0,False,True,676.0,460800.0,Bangkok,Greater Bangkok
721050711,Mega we care zemax sx (pack3) 30 แคปซูล เมก้า วีเเคร์ ซีแมกซ์ เอสเอ็กซ์,Men's Health,912.0,฿500–999,347.0,False,True,77.0,316464.0,Bangkok,Greater Bangkok
721102081,"ซื้อ4 แถมอีก1 ,ซื้อ12 แถมอีก4 DEVER ENERGY GEL ดีเวอร์ เจล ขนาด 40ml. ให้พลังงาน 120 kcal.",Pre-Workout,60.0,<฿100,1082.0,False,True,31.0,64920.0,Nong Khai,Other provinces
726522941,Vistra salmon fish oil 1000mg 100 แคปซูล วิสทร้า น้ำมันปลาแซลมอน,Brain & Memory,213.0,฿100–299,3600.0,False,True,799.0,766800.0,Bangkok,Greater Bangkok
728726953,MS MASS WHEY PROTEIN GAINER เวย์โปรตีน เพิ่มน้ำหนัก เพิ่มกล้ามเนื้อ สำหรับคนผอม อยู่ท้อง ตัวใหญ่ขึ้น ขนาด 2LBS CHOCOLATE รสช็อกโกแลต ไม่ใช่soyถั่วเหลือง,Mass Gainer,299.0,฿100–299,1838.0,False,True,467.0,549562.0,Bangkok,Greater Bangkok
728756330,MS  MASS SOY PROTEIN GAINER เวย์โปรตีน ซอยโปรตีน เกนเนอร์ โปรตีนถั่วเหลือง เพิ่มกล้ามเนื้อ เพิ่มน้ำหนัก คนผอม แพ้wheyเวย์โปรตีนนมทานได้ CHOCOLATE อร่อย,Mass Gainer,219.0,฿100–299,8995.0,False,True,1846.0,1969905.0,Bangkok,Greater Bangkok
732786485,Vitaccino coffee กาแฟดำ ไวแทคชิโน อีริต้า กาแฟ 15 ซอง,Slimming Beverages,119.0,฿100–299,9999.0,True,True,3016.0,1189881.0,Bangkok,Greater Bangkok
734690742,Optimum Nutrition Creatine เพิ่มกล้ามเนื้อ เพิ่มพลัง (600 กรัม เป็นฝาสีขาว),Pre-Workout,1100.0,"฿1,000+",4267.0,False,True,522.0,4693700.0,Bangkok,Greater Bangkok
736108137,Mega we care hi green 30 แคปซูล เมก้า วีแคร์ ไฮ กรีน ชาเขียวสกัด,Fat Blockers & Burners,269.0,฿100–299,126.0,False,True,21.0,33894.0,Bangkok,Greater Bangkok
758488147,เพิ่มแรง เพิ่มกล้ามเนื้อ ครีเอทีน 100% CREATINE 5000 (ซอง) 300g c5000 กินกับ เวย์ โปรตีน ดีมาก whey protein,Mass Gainer,520.0,฿500–999,3032.0,False,True,447.0,1576640.0,Bangkok,Greater Bangkok
760816251,แพคเกจใหม่ CHUCHO ชูวโชว์ ผลิตภัณฑ์อาหารเสริมสำหรับผู้ชาย บรรจุ 10 แคปซูล/ซอง,Men's Health,60.0,<฿100,58.0,False,True,12.0,3480.0,Bangkok,Greater Bangkok
761442998,Blackmores 9 Plus Care Gold 60 Capsules แบลคมอร์ส 9 พลัส แคร์โกลด์ (ราคาพิเศษ),Pregnancy Care,580.0,฿500–999,17.0,False,True,3.0,9860.0,Bangkok,Greater Bangkok
762356401,"Doctor's Best, NAC Detox Regulators, 60 Veggie Caps",Detoxification,349.0,฿300–499,407.0,False,True,65.0,142043.0,Chiang Mai,Other provinces
808100238,( 1 กล่อง) กาแฟ 3 in 1 ลิโชคอฟฟี่ (มังกร) เกรดเอ มีสติกเกอร์ LIDA ลดน้ำหนัก รักษารูปร่าง 15 ซอง,Appetite Suppressant,124.0,฿100–299,3037.0,False,True,384.0,376588.0,Bangkok,Greater Bangkok
813208796,Milk Plus & More - (สูตรขิง) น้ำหัวปลี ผสมอินทผลัม กระตุ้นเพิ่มน้ำนม บำรุงครรภ์ 250 mL,Pregnancy Care,80.0,<฿100,415.0,False,True,37.0,33200.0,Nonthaburi,Greater Bangkok
867342518,👍พร้อมส่ง ! น้ำมะกรูดอินทผลัม Mommy Booster 15 ขวด,Pregnancy Care,999.0,฿500–999,887.0,False,True,220.0,886113.0,Pathum Thani,Greater Bangkok
867392587,👍พร้อมส่ง ! มะกรูดผง 100% Mommy Booster 1 กล่อง,Pregnancy Care,590.0,฿500–999,286.0,False,True,39.0,168740.0,Pathum Thani,Greater Bangkok
869088956,COLLA Zinc Plus C CherChom คอลลา ซิ้งค์ พลัส ซี  เชอชม (1กระป๋อง/50 กรัม),Beauty Supplements Value Sets,149.0,฿100–299,235.0,False,True,15.0,35015.0,Bangkok,Greater Bangkok
870284070,(1 กระปุก ช็อค )biovitt Whey Protein Isolate เวย์โปรตีน ไอโซเลท 2 ปอนด์ เข้มช็อก โปรตีนสูง สร้างกล้ามเนื้อ ลีนไขมัน,Protein,999.0,฿500–999,1202.0,False,True,180.0,1200798.0,Samut Prakan,Greater Bangkok
872790659,Conceive Plus Women’s Fertility Supplements: Balance Your Cycle and Hormones - Fertility Blend with Folate by CONCEIVE PLUS,Pregnancy Care,900.0,฿500–999,40.0,False,True,0.0,36000.0,Ubon Ratchathani,Other provinces
915646570,Chu ชูว์ ผลิตภัณฑ์เสริมอาหาร [ขนาด 10 แคปซูล] [ 1 กล่อง] อาหารเสริม อาหารเสริมสำหรับผู้ชาย,Men's Health,145.0,฿100–299,2745.0,False,True,464.0,398025.0,Pathum Thani,Greater Bangkok
916328554,Mommy Booster น้ำมะกรูดอินทผลัม ออร์แกนิค 30 ขวด สกัดเข้มข้น มัมมี่บู๊สเตอร์ บำรุงเลือด เพิ่มโอกาสสมหวัง กระเช้าเยี่ยมคลอด,Pregnancy Care,1980.0,"฿1,000+",394.0,False,True,96.0,780120.0,Bangkok,Greater Bangkok
921350147,พร้อมส่ง! ผลิคใหม่❗ ชีววิถี น้ำสมุนไพรตรีผลา รสธรรมชาติ น้ำมะขามป้อม สมอไทย สมอพิเภก 1000 ml,Immunity,220.0,฿100–299,2522.0,False,True,321.0,554840.0,Nakhon Pathom,Greater Bangkok
934260082,PVL 100% Pure Creatine ขนาด 300 g. ครีเอทีน แบบผง เพิ่มแรง เพิ่มพลัง,Pre-Workout,972.0,฿500–999,101.0,False,True,18.0,98172.0,Bangkok,Greater Bangkok
957348497,จิวยากุ / juuyaku 3 ขวด โปรโมชั่นวันนี้เท่านั้น ผลิตภัณฑ์อาหารเสริมผลิตจากสมุนไพรพลูคาวเข้มข้น 99.3%,Immunity,1800.0,"฿1,000+",197.0,False,True,29.0,354600.0,Bangkok,Greater Bangkok
959974252,"[ สลิปเปอรี่เอล์ม ] Now Foods, Slippery Elm (400 mg) x 100 แคปซูล (Capsules)",Well Being Gifts & Value Sets,590.0,฿500–999,156.0,False,True,17.0,92040.0,Bangkok,Greater Bangkok
960508630,(2 กระปุก ช็อค)Biovitt Whey Protein Isolate เวย์โปรตีน รสช็อกโกแลต ไบโอวิตเหมาะกับทุกเพศ โปรตีน 35g ขนาด 907.2กรัม,Mass Gainer,1998.0,"฿1,000+",851.0,False,True,115.0,1700298.0,Samut Prakan,Greater Bangkok
1008120209,ดับเบิ้ลแม็ก พรีเมี่ยม อาหารเสริมท่านชาย 1 ซอง บรรจุ 10 เเคปซูล (ไม่มีใบบัวชัวร์) รับประกันเเท้,Sexual Health Vitamins,244.0,฿100–299,773.0,False,True,148.0,188612.0,Ratchaburi,Other provinces
1024080872,🔥ส่งฟรี สั่งเลย🚚 VITAMORES ผลิตภัณฑ์เสริมอาหาร สารสกัดจากเปลือกมังคุด ชนิดแคปซูล ดูแลผิวสวย หน้าใส ไร้จุดด่างดำที่เกิดจากสิว (1แถม1),Acne Care,279.0,฿100–299,,False,False,,,Saraburi,Other provinces
1047204766,วิตามินซีเกาหลี Korea Eundan Vitamin C [5 ซอง] [60 แคปซูล/ซอง] [ไม่มีกล่อง] วิตามินซีของเกาหลี BellaColla Thailand,Skin Nourishment,599.0,฿500–999,895.0,False,True,157.0,536105.0,Nonthaburi,Greater Bangkok
1057938081,70% OFF ราคา Sale!!! โปรดอ่าน EXP: 12/2023 คีเลต ซิงค์ Chelated Zinc (Gluconate) 50 mg 250 Tablets (PipingRock®) สังกะสี Piping Rock,Acne Care,350.0,฿300–499,12.0,False,True,,4200.0,Chiang Mai,Other provinces
1065034581,[ 3 กล่อง ] กาแฟ ผสม ถั่งเช่า และ สารสกัดเห็ดหลินจือ ตรา ลีฟเนส  Livnest Coffee ใช้สารให้ความหวานแทนน้ำตาล กาแฟถั่งเช่า,Nutritional Foods & Drinks,265.0,฿100–299,698.0,False,True,139.0,184970.0,Bangkok,Greater Bangkok
1105570848,♥️ 1กระปุก/แท้/พร้อมส่ง ♥️ CAR-B-BOCK คาร์บีบ๊อก อาหารเสริมสูตร (เหลือง),Appetite Suppressant,115.0,฿100–299,182.0,False,True,25.0,20930.0,Bangkok,Greater Bangkok
1114812305,[2 กล่อง] Kumiko Collagen คูมิโกะ คอลลาเจน - คอลลาเจนเข้มข้น,Skin Nourishment,366.0,฿300–499,1516.0,False,True,314.0,554856.0,Pathum Thani,Greater Bangkok
1114876478,KUMIKO Collagen คูมิโกะ คอลลาเจน [15 ซอง],Skin Nourishment,185.0,฿100–299,1344.0,False,True,144.0,248640.0,Pathum Thani,Greater Bangkok
1120796715,กาแฟเหล็ก 3 in 1  ลิโซ่ กาแฟลดน้ำหนัก รูปร่าง สัดส่วน กระชับ บรรจุ 15 ซอง,Appetite Suppressant,140.0,฿100–299,7236.0,False,True,1219.0,1013040.0,Bangkok,Greater Bangkok
1134270407,Blackmores Fish Oil 1000 mg. แบลคมอร์ส ฟิช ออยล์ บรรจุ 80 แคปซูล,Brain & Memory,315.0,฿300–499,72.0,False,True,10.0,22680.0,Nonthaburi,Greater Bangkok
1138350596,(1 กระปุก) D Aora Detox Herb ดีออร่า เฮิร์บ สมุนไพร ดีท็อคช์ (ขนาดบรรจุ 100 เม็ด/1 กระปุก),Detoxification,114.0,฿100–299,1098.0,False,True,193.0,125172.0,Bangkok,Greater Bangkok
1145076351,"Doctor's Best, Vitamin D3, 125 mcg (5000 IU) x 180 Softgels แคลเซียม และ กระดูก",Bone & Joint Support,319.0,฿300–499,4080.0,False,True,760.0,1301520.0,Nakhon Sawan,Other provinces
1149010866,ซินญอริต้าเคเอสบายว่านแก้วใส Senorita KS เซโนริต้า 1 ซอง,Breast Enlargement,65.0,<฿100,350.0,False,True,14.0,22750.0,Nonthaburi,Greater Bangkok
1149458829,(ของแท้ 100%) Super D Maxxx ซุปเปอร์ดีแม็กซ์ อาหารเสริมท่านชาย (1 กระปุก x 60 แคปซูล ),Men's Health,750.0,฿500–999,2507.0,False,True,355.0,1880250.0,Bangkok,Greater Bangkok
1149460514,กาแฟ ดีแน่ แพค 30 ซอง,Slimming Beverages,315.0,฿300–499,4982.0,False,True,632.0,1569330.0,Bangkok,Greater Bangkok
1151434484,1กระปุกCAR-B-BOCK คาร์บีบ๊อก (เหลือง)   30 แคปซูล,Fat Blockers & Burners,115.0,฿100–299,69.0,False,True,2.0,7935.0,Pathum Thani,Greater Bangkok
1153182538,คูมิโกะ คอลลาเจน Rose Placenta Extract เป็นส่วนผสมสำคัญอีกหนึ่งตัวที่น่าสนใจของ KUMIKO Collagen Premium,Whitening,185.0,฿100–299,748.0,False,True,72.0,138380.0,Pathum Thani,Greater Bangkok
1154740447,(1กระปุก) คาร์บีบ๊อก (เหลือง),Fat Blockers & Burners,115.0,฿100–299,1077.0,False,True,147.0,123855.0,Pathum Thani,Greater Bangkok
1156242561,Starbucks Coffee Capsule Nespresso แคปซูลกาแฟสตาร์บัค For Nespresso Machine (บรรจุกล่องละ 10 แคปซูล),Slimming Beverages,199.0,฿100–299,8794.0,False,True,622.0,1750006.0,Pathum Thani,Greater Bangkok
1173374471,Kumiko Collagen คูมิโกะ คอลลาเจน [15 ซอง] คอลลาเจนเข้มข้น บำรุงผิว,Skin Nourishment,184.0,฿100–299,1878.0,False,True,182.0,345552.0,Pathum Thani,Greater Bangkok
1176060096,Chu ชูว์ ผลิตภัณฑ์เสริมอาหาร [ขนาด 10 แคปซูล] [ 1 กล่อง] อาหารเสริม อาหารเสริมสำหรับผู้ชาย,Men's Health,131.0,฿100–299,9999.0,True,True,4790.0,1309869.0,Pathum Thani,Greater Bangkok
1184526486,CAR-B-BLOCK เหลือง คาร์บีบ๊อกแท้100%,Appetite Suppressant,115.0,฿100–299,3954.0,False,True,600.0,454710.0,Bangkok,Greater Bangkok
1188070361,(2230) ชาปลีกล้วยสำเร็จรูป สูตรออริจินัล 1 กล่อง 10 ซอง,Pregnancy Care,120.0,฿100–299,61.0,False,True,7.0,7320.0,Bangkok,Greater Bangkok
1227388465,กำลังชางสาร สมุนไพร เสริมอาหาร (มี QR ของแท้) 1 กระปุก/ 60 แคปซูล,Well Being Gifts & Value Sets,259.0,฿100–299,1811.0,False,True,332.0,469049.0,Bangkok,Greater Bangkok
1228186005,ส่งฟรี 🎁 CORDYTHAI ถั่งเช่า ซื้อ3แถม1 (60 แคปซูล)  กระปุกสีแดง  เซตผู้ชาย 3 แถม 1 กระปุก แถมฟรี เจล 50 ml +แมส (50 ชิ้น/กล่อง) +กระเป๋าพับได้,Detoxification,5400.0,"฿1,000+",10.0,False,True,2.0,54000.0,Bangkok,Greater Bangkok
1249930011,(1 กล่อง) DONUTT Total Fibely โดนัท โทเทิล ไฟบีลี่ บรรจุ 10 ซอง,Appetite Suppressant,99.0,<฿100,5547.0,False,True,747.0,549153.0,Pathum Thani,Greater Bangkok
1262380094,Myo-Inositol 120 Capsules วิตามินช่วยเพิ่มความสมบูรณ์ของไข่ และช่วยลดภาวะ PCOS ให้ได้ไข่ที่มีคุณภาพ และไข่ตกสม่ำเสมอ วิตามินเตรียมตัวก่อนตั้งครรภ,Pregnancy Care,1790.0,"฿1,000+",65.0,False,True,5.0,116350.0,Bangkok,Greater Bangkok
1278994538,TAB-D,Detoxification,1000.0,"฿1,000+",162.0,False,True,39.0,162000.0,Prachuap Khiri Khan,Other provinces
1314588158,ยันฮี เวจจี้ ไฟเบอร์ ไดเอ็ท 100 แคปซูล Yanhee Veggy Fiber Diet [ Exp.2025 ] พรีไบโอติก Prebiotic ใยอาหาร ผักบด,Digestive Care,105.0,฿100–299,3050.0,False,True,537.0,320250.0,Bangkok,Greater Bangkok
1321890371,วิตามินบีรวม เม็ดฟู่ เหนื่อยล้าจาการทำงาน Sunlife Twist จากประเทศเยอรมัน,Multivitamins,145.0,฿100–299,363.0,False,True,75.0,52635.0,Udon Thani,Other provinces
1324424108,สลิมคอฟฟี่ ( 2 กล่อง) กาแฟ กล่องกระดาษตรามังกร ลดน้ำหนัก บรรจุ 15 ซอง,Slimming Beverages,240.0,฿100–299,9999.0,True,True,2240.0,2399760.0,Bangkok,Greater Bangkok
1325944145,FOD ยาแก้เมา ยาแก้แฮงค์ กินแล้วคอแข็ง ไม่แฮงค์ บำรุงตับ 1ซอง,Detoxification,77.0,<฿100,1732.0,False,True,116.0,133364.0,Bangkok,Greater Bangkok
1345796091,ของแท้!! วันเดย์ ไดเอ็ท 1 day ลดน้ำหนัก เม็ดสีเลือดหมู 60 เม็ด,Appetite Suppressant,159.0,฿100–299,8902.0,False,True,1529.0,1415418.0,Bangkok,Greater Bangkok
1354422699,🔥ลดพิเศษ ถูกสุดในไทย ส่งฟรี🔥 INT-100™ 5 hours BRAIN energy capsule อาหารเสริมสมอง ออกฤทธิ์ใน 5 นาที สมองดี งานเดิน,Brain & Memory,159.0,฿100–299,7136.0,False,True,954.0,1134624.0,Bangkok,Greater Bangkok
1357922808,Multi Vitamins Plus Mineral วิตามินรวมและแร่ธาตุ เม็ดฟู่ บริษัท Sunlife จากประเทศ เยอรมัน,Multivitamins,145.0,฿100–299,567.0,False,True,107.0,82215.0,Udon Thani,Other provinces
1358036735,Sun Clara กล่องสีส้ม (1 กล่อง 30 แคปซูล),Women's Health,439.0,฿300–499,2705.0,False,True,358.0,1187495.0,Bangkok,Greater Bangkok
1379050112,"Jarrow Formulas, Methyl B-12, Lemon Flavor, 1000 mcg, 100 Lozenges วิตามิน B12 ช่วยบำรุงประสาท",Brain & Memory,450.0,฿300–499,465.0,False,True,76.0,209250.0,Bangkok,Greater Bangkok
1415110975,(10ซองแท้💯%แพ็คแกจใหม่)สมุนไพรว่านเสน่ห์หา ตราบ้านแก้ว ใส เฮิร์บ บรรจุ 10 แคปซูล,Women's Health,114.0,฿100–299,9999.0,True,True,2928.0,1139886.0,Nong Khai,Other provinces
1420410283,Puritan's Pride Garlic Oil 5000 mg. / 250 Rapid Release Softgels,Heart & Blood Pressure,495.0,฿300–499,653.0,False,True,180.0,323235.0,Nakhon Pathom,Greater Bangkok
1439932864,ส่งฟรี!!! วิตามินบีรวม โคลีนบี complex มือชา ปลายประสาท เหน็บชา เท้าชา นิ้วล็อค อาหารเสริม จำนวน 2 กล่อง 60 แคปซูล ทานได้ 1 เดือน,Multivitamins,560.0,฿500–999,340.0,False,True,93.0,190400.0,Bangkok,Greater Bangkok
1459732345,Clover Plus Timemild ไทม์มายด์ แอล-กลูตามีน มีส่วนผสมของดอก คาโมมายล์ (30แคปซูล) (อาหารเสริม),"Stress, Sleep, and Anxiety",219.0,฿100–299,7123.0,False,True,1421.0,1559937.0,Bangkok,Greater Bangkok
1460948183,[2 กล่อง] เวนิสต้าดีท็อก [30 เม็ด/กล่อง] Venista Detox อาหารเสริมดีทอกซ์,Fat Blockers & Burners,99.0,<฿100,8353.0,False,True,1265.0,826947.0,Bangkok,Greater Bangkok
1466588297,Blackmores 9+ Care Gold 60cap  แบลคมอร์ส 9 พลัส แคร์ โกลด์ 60แคปซูล  1กระปุก  ส่งฟรี,Pregnancy Care,578.0,฿500–999,19.0,False,True,4.0,10982.0,Phitsanulok,Other provinces
1469398840,เจริญอาหาร The Na Multivitamin Plus วิตามินรวม เพิ่มน้ำหนัก 1 กระปุก 45 แคปซูล เบื่ออาหาร น้ำหนักน้อย อยาก อ้วน Multivit มัลติวิต,Mass Gainer,608.0,฿500–999,120.0,False,True,19.0,72960.0,Chiang Mai,Other provinces
1469864555,แท้ 100 % ล็อตใหม่ล่าสุด Biotin Zinc 90 เม็ด ไบโอทิน ซิงก์ คณะเภสัช จุฬา ไบโอตินซิงค์ เภสัชจุฬา,Hair & Nail,360.0,฿300–499,153.0,False,True,35.0,55080.0,Bangkok,Greater Bangkok
1480782009,แท้100%  Lot.9 ใหม่ล่าสุด /ว่านบ้านแก้วใส ว่านเสน่หา ( 1 ซอง มี10 แคปซูลนะคะ),Breast Enlargement,12.0,<฿100,4800.0,False,True,204.0,57600.0,Udon Thani,Other provinces
1518820444,มัมซ์โกลด์ พลัส ชาอุ่นรัก เพิ่มน้ำนมแม่หลังคลอด(2กล่องขึ้นไปฟรีขวดชงชาพีเมี่ยม+ส่งฟรี)เพิ่ม กู้ บำรุง ทำสต๊อกน้ำนมแม่ ของแท้100%,Pregnancy Care,199.0,฿100–299,1886.0,False,True,415.0,375314.0,Lampang,Other provinces
1550138529,1แถม1 Kisslip ลูกอมแก้ตับแฮงค์ (10 ซอง),Detoxification,900.0,฿500–999,152.0,False,True,20.0,136800.0,Bangkok,Greater Bangkok
1564378417,เม็ดฟู่ช่วยเผาผลาญสูตร- Everslim,Weight Management Value Sets,84.0,<฿100,9999.0,True,True,2081.0,839916.0,Pathum Thani,Greater Bangkok
1569816841,Bode B COMPLEX Multi 8 โบเด้ วิตามิน บี รวม 100 เม็ด,Multivitamins,189.0,฿100–299,147.0,False,True,28.0,27783.0,Uthai Thani,Other provinces
1571936624,#ส่งฟรี #แคลเซียม กิฟฟารีน ผสมวิตามินดี เพิ่มสูง กระดูกแข็งแรง แคลเซียม 600 มก อาหารเสริมกิฟฟารีน แคล-ดี-แมก 600 Cal-D-Mag 600 Giffarine,Bone & Joint Support,420.0,฿300–499,,False,False,,,Bangkok,Greater Bangkok
1575642076,Car-B-BOCK คาร์บีบ๊อก อาหารเสริมควบคุมน้ำหนัก (สีเหลือง ),Weight Management Value Sets,115.0,฿100–299,1269.0,False,True,274.0,145935.0,Pathum Thani,Greater Bangkok
1579314454,"กิฟฟารีน นูทริ โฟลิค ผลิตภัณฑ์เสริมอาหาร วิตามินซี วิตามินบี1 วิตามินบี6 วิตามินบี12 และกรดโฟลิค Giffarine Nutri Folic Vitamin C, Vitamin B1, Vitamin B6, Vitamin B12",Pregnancy Care,180.0,฿100–299,31.0,False,True,7.0,5580.0,Bangkok,Greater Bangkok
1579732651,WWL L-Carnitine ผลิตภัณฑ์เสริมอาหาร แอลคาร์นิทีน,Weight Management Value Sets,799.0,฿500–999,46.0,False,True,10.0,36754.0,Nonthaburi,Greater Bangkok
1591308112,แคลเซียม CALHOF PLUS 120 เม็ด แคลฮอฟ พลัส  สินค้าใหม่อายุยาว ควรบริโภคก่อน 05/2024 บำรุง กระดูก,Bone & Joint Support,269.0,฿100–299,123.0,False,True,18.0,33087.0,Bangkok,Greater Bangkok
1600036354,Mega We Care Lecithin เมก้า วีแคร์ เลซิติน 1200 มิลลิกรัม(ผลิตภัณฑ์เสริมอาหาร) เลซิตินจากถั่วเหลือง (30แคปซูล/100แคปซูล/200แคปซูล) 1ขวด,Brain & Memory,89.0,<฿100,518.0,False,True,113.0,46102.0,Bangkok,Greater Bangkok
1600768540,💦 ส่งฟรี อาหารเสริมน้ำมันปลากิฟฟารีน อาหารเสริมสำหรับนักเรียนฉลาด อาหารเสริมสำหรับเด็กและการจดจำ น้ำมันตับปลา การจดจำสมธิเจริญอาห,Brain & Memory,200.0,฿100–299,27.0,False,True,1.0,5400.0,Samut Prakan,Greater Bangkok
1605932508,Elevit pregnancy and breastfeeding with DHA+choline 60caps exp  10/2024,Pregnancy Care,790.0,฿500–999,542.0,False,True,72.0,428180.0,Pathum Thani,Greater Bangkok
1607132975,"[ รูติน ] Thompson, Rutin 500 mg x 60 เม็ด (Tablets)",Immunity,479.0,฿300–499,119.0,False,True,19.0,57001.0,Bangkok,Greater Bangkok
1611650013,(ซื้อ 5 แถม 1) Dever Energy Gel (ดีเวอร์เจล) 40ml ให้เจลพลังงาน 120kcal ซองขนาดเล็กพกพาสะดวก (Z1),Pre-Workout,60.0,<฿100,1939.0,False,True,86.0,116340.0,Bangkok,Greater Bangkok
1614824361,BODE Garlic Oil 90cap +15cap ( น้ำมันกระเทียม ),Heart & Blood Pressure,190.0,฿100–299,25.0,False,True,2.0,4750.0,Bangkok,Greater Bangkok
1615592533,น้ำมันรำข้าวสกัดเย็นออร์แกนิค 100 แคปซูล (แบบเจลอ่อน) สวนปานะ,Heart & Blood Pressure,260.0,฿100–299,1763.0,False,True,350.0,458380.0,Bangkok,Greater Bangkok
1622366190,Blackmores Bio Zinc A Chelate แบลคมอร์ส ไบโอ ซิงค์ เอ คีเลต [90 เม็ด],Acne Care,346.0,฿300–499,4819.0,False,True,952.0,1667374.0,Pathum Thani,Greater Bangkok
1629354968,Mood Boost มู้ดบู๊ส อาหารเสริม โรคแพนิค ตื่นตระหนก วิตกกังวล โรคเครียด โรคซึมเศร้า Moodboost Panic ของแท้ 100%,Brain & Memory,980.0,฿500–999,800.0,False,True,128.0,784000.0,Pathum Thani,Greater Bangkok
1633880598,ส่งฟรี!! กิฟฟารีน คอลลาสติน สารสกัดจากเยื่อหุ้มเปลือกไข่ อาการปวดข้อ ปวดเข่า เพิ่มน้ำหล่อเลี้ยงข้อ ลดการเสื่อมสลายของกระดูกอ่อน,Bone & Joint Support,740.0,฿500–999,20.0,False,True,6.0,14800.0,Bangkok,Greater Bangkok
1661930389,ว่านเสน่หาบ้านแก้วใสเพื่อผู้หญิง บรรจุ 10 แคปซูล  (2 ซอง ),Breast Enlargement,55.0,<฿100,10.0,False,True,0.0,550.0,Si Sa Ket,Other provinces
1663380817,ว่านเสน่หาบ้านแก้วใสเพื่อผู้หญิง บรรจุ 10 แคปซูล  (3 ซอง ),Breast Enlargement,69.0,<฿100,,False,False,,,Si Sa Ket,Other provinces
1663388725,ว่านเสน่หาบ้านแก้วใสเพื่อผู้หญิง บรรจุ 10 แคปซูล  (1 ซอง ),Breast Enlargement,29.0,<฿100,6.0,False,True,,174.0,Si Sa Ket,Other provinces
1663458048,ว่านเสน่หาบ้านแก้วใสเพื่อผู้หญิง บรรจุ 10 แคปซูล  (2 ซอง ),Breast Enlargement,55.0,<฿100,9.0,False,True,,495.0,Si Sa Ket,Other provinces
1670412940,ว่านเสน่หาบ้านแก้วใสเพื่อผู้หญิง บรรจุ 10 แคปซูล  (1 ซอง ),Breast Enlargement,29.0,<฿100,,False,False,,,Si Sa Ket,Other provinces
1670448643,ว่านเสน่หาบ้านแก้วใสเพื่อผู้หญิง บรรจุ 10 แคปซูล  (3 ซอง ),Breast Enlargement,69.0,<฿100,,False,False,,,Si Sa Ket,Other provinces
1670514008,ว่านเสน่หาบ้านแก้วใสเพื่อผู้หญิง บรรจุ 10 แคปซูล  (5 ซอง ),Breast Enlargement,100.0,฿100–299,,False,False,,,Si Sa Ket,Other provinces
1674522858,สูตรเก่าดั้งเดิม💋 อาหารเสริมลดน้ำหนัก ลดสัดส่วน บาชิส้มกล่องกระดาษ บาชิ Baschi (มีกล่อง) # 30 แคปซูลต่อกล่อง 🔥พร้อมส่ง/แท้ 100%🔥,Fat Blockers & Burners,139.0,฿100–299,6989.0,False,True,722.0,971471.0,Sakon Nakhon,Other provinces
1676868611,"NUUI FIBERRY PRUNE _""หนุยม่วง""_ หนุย ไฟเบอร์รี่ พรุน (1 กล่อง 10 ซอง)",Detoxification,285.0,฿100–299,1957.0,False,True,266.0,557745.0,Bangkok,Greater Bangkok
1685842981,Mega We Care Evening Primrose Oil เมก้า วีแคร์ อีฟนิ่ง พริมโรส ออยล์ [100 แคปซูล] สารสกัดจากน้ำมันดอกอีฟนิ่งพริมโรส,Women's Health,395.0,฿300–499,2943.0,False,True,695.0,1162485.0,Pathum Thani,Greater Bangkok
1687362106,วิตามิน​ DAISO Saw Palmetto 20 วัน​ บำรุงเส้นผม​,Hair & Nail,99.0,<฿100,37.0,False,True,4.0,3663.0,Saraburi,Other provinces
1690464027,Mega We Care Lecithin เมก้า วีแคร์ เลซิติน [100 แคปซูล],Brain & Memory,249.0,฿100–299,3663.0,False,True,830.0,912087.0,Pathum Thani,Greater Bangkok
1701920849,[Exp2025] Now Foods Maca Raw 750 mg 90 VegCaps / Maca 500mg 100 VegCap มาคา,Men's Health,530.0,฿500–999,224.0,False,True,20.0,118720.0,Nonthaburi,Greater Bangkok
1702504398,"(แบบกระปุก) Asahi Dear Natura Vitamin C 1000mg 120 เม็ด พร้อม B2, B6 ช่วยบำรุงผิว",Whitening,185.0,฿100–299,164.0,False,True,21.0,30340.0,Bangkok,Greater Bangkok
1716162868,ของแท้💯 กาแฟ ลิโซ่ 3 in 1 กาแฟกล่องกระดาษ แถบแดง ตรามังกร ลิโซ่คอฟฟี่ 1 กล่อง 15 ซอง ลิโซ่,Weight Management Value Sets,124.0,฿100–299,9999.0,True,True,2483.0,1239876.0,Pattani,Other provinces
1724538172,ออนนี่ คอลลาเจน Onny Collagen 60 แคปซูล,Skin Nourishment,215.0,฿100–299,89.0,False,True,5.0,19135.0,Nonthaburi,Greater Bangkok
1725026508,X-Boom [1 ซอง][10 เม็ด/ซอง] เอ็กซ์บูม,Breast Enlargement,14.85,<฿100,9999.0,True,True,1375.0,148485.15,Bangkok,Greater Bangkok
1732250772,ของแท้ Liso 🔥ลิโซ่สูตรดั่งเดิมขวดเขียวใส 40 แคปซูล,Fat Blockers & Burners,125.0,฿100–299,5098.0,False,True,766.0,637250.0,Pattani,Other provinces
1732326586,[🔥มีวิธีดูของแท้🔥] ลิโซ่ขวดใส แบบไม่แถมดีท็อกซ์ สูตรดื้อลดยาก ขนาด40แคปซูล,Fat Blockers & Burners,125.0,฿100–299,1226.0,False,True,175.0,153250.0,Pattani,Other provinces
1732758023,คอลลาเจนกระดูก คอลลาเจน CollaJoy by Dr.awie 1 กระปุกมี 30 เม็ด [ของแท้ ส่งฟรี Kerry] Collagen คอลลาเจนไขข้อ คอลาเจนข้อเข่า คอลลาเจนข้อต่อ คอลลาเจนปวดข้อ,Acne Care,750.0,฿500–999,48.0,False,True,25.0,36000.0,Chiang Mai,Other provinces
1734556609,L-Slim Coffee แอลสลิม คอฟฟี่ กาแฟดี,Appetite Suppressant,425.0,฿300–499,830.0,False,True,87.0,352750.0,Pathum Thani,Greater Bangkok
1736040339,Blackmores Pregnancy & Breast-Feeding GOLD For baby's healthy development 180 capsules,Pregnancy Care,969.0,฿500–999,419.0,False,True,78.0,406011.0,Samut Prakan,Greater Bangkok
1736142128,น้ำมันปลา แพ็คเกจใหม่ คลังสินค้าท้องถิ่นในประเทศไทย รับประกันความแท้ Blackmores FISH OIL Odourless 1000 Natural Source Of Omega-2 400 Capsules,Brain & Memory,658.0,฿500–999,2844.0,False,True,699.0,1871352.0,Samut Prakan,Greater Bangkok
1737388499,แบลคมอร์ส Pregnancy FOLATE Optimises Folic Acid 500mcg Levels 90 tablets,Pregnancy Care,268.0,฿100–299,123.0,False,True,17.0,32964.0,Samut Prakan,Greater Bangkok
1750132563,X BOOM เอ็กซ์บูมซองม่วงช่วยหน้าอกและภายใน (10ซอง),Breast Enlargement,120.0,฿100–299,3942.0,False,True,682.0,473040.0,Bangkok,Greater Bangkok
1757016797,จมูกข้าว สมฤดี,Immunity,285.0,฿100–299,393.0,False,True,32.0,112005.0,Bangkok,Greater Bangkok
1761440490,Blackmores 9+ Care Gold (Dietary Supplement Product) แบลคมอร์ส 9 พลัส แคร์ โกลด์ 60 แคปซูล วิตามินบำรุงสำหรับคุณแม่ตั้งครรภ์ และคุณแม่ที่ให้นมบุตร exp 5/24,Pregnancy Care,499.0,฿300–499,60.0,False,True,15.0,29940.0,Chiang Mai,Other provinces
1764398950,Puritan's Pride L-Theanine 200 mg / 60 Capsules,"Stress, Sleep, and Anxiety",365.0,฿300–499,796.0,False,True,70.0,290540.0,Nakhon Pathom,Greater Bangkok
1764618772,Sugar De Monk ชูการ์เดอมั้ง [250 g.]  น้ำตาลคีโต จากหล่อฮังก๊วย/ 0 Cal,Nutritional Foods & Drinks,269.0,฿100–299,115.0,False,True,19.0,30935.0,Pathum Thani,Greater Bangkok
1779642360,"NUUI FIBERRY PRUNE _""หนุยม่วง""_ หนุย ไฟเบอร์รี่ พรุน (1 กล่อง 10 ซอง)",Detoxification,285.0,฿100–299,862.0,False,True,96.0,245670.0,Bangkok,Greater Bangkok
1786438838,"Nature's Bounty, Calcium Magnesium Zinc with Vitamin D3, 100 Coated Caplets",Bone & Joint Support,395.0,฿300–499,629.0,False,True,97.0,248455.0,Nonthaburi,Greater Bangkok
1788938063,วิตามิน​ DAISO Saw Palmetto 20 วัน​ บำรุงเส้นผม​,Hair & Nail,99.0,<฿100,150.0,False,True,19.0,14850.0,Saraburi,Other provinces
1825876336,MS WHEY PROTEIN 100% เวย์โปรตีนแท้ ขนาด 2 LB โปรตีนนม ลดไขมัน เพิ่มกล้ามเนื้อ ลดหิว คุมน้ำหนัก อร่อย  ธรรมชาติ ไร้สารเติมแต่ง ไม่ใช่soyถั่วเหลือง,Protein,569.0,฿500–999,2994.0,False,True,572.0,1703586.0,Bangkok,Greater Bangkok
1843334422,[Exp2025] Six Star Elite Series Testosterone Booster 60 Caplets แพคเกจใหม่,Pre-Workout,660.0,฿500–999,49.0,False,True,7.0,32340.0,Nonthaburi,Greater Bangkok
1845554961,( Set 10 ซอง )เสน่ห์นาง บ้านแสงจันทร์ (ซองชมพู) ผลิตภัณฑือาหารเสริมสำหรับผู้หญิง 1 ซองบรรจุ 10 เม็ด,Skin Nourishment,200.0,฿100–299,42.0,False,True,8.0,8400.0,Bangkok,Greater Bangkok
1848476560,กาแฟบำรุงสุขภาพ ท๊อปวัน โกลด์ TOP ONE Gold coffee 10 กล่อง,Men's Health,240.0,฿100–299,132.0,False,True,20.0,31680.0,Bangkok,Greater Bangkok
1850002562,P-PROST ดูแล ต่อมลูกหมากโต ฉี่เล็ด ฉี่ปนเลือด ฉี่กระปิดกระปอย 1กระปุก ส่งฟรี,Men's Health,350.0,฿300–499,1156.0,False,True,284.0,404600.0,Phitsanulok,Other provinces
1867428158,Nubolic Royal Jelly 40 แคปซูล รอยัลเจลลี่เข้มข้น 1650 mg,Skin Nourishment,159.0,฿100–299,9999.0,True,True,2697.0,1589841.0,Bangkok,Greater Bangkok
1883812440,[Exp2025 ] Six Star Elite Series Testosterone Booster 60 Caplets เทสโทสเทอโรน,Pre-Workout,699.0,฿500–999,456.0,False,True,66.0,318744.0,Nonthaburi,Greater Bangkok
1895418558,MATELL Collagen Dipeptide 100% คอลลาเจน ไดเปปไทด์ 100g ผสม Rice Ceramide Ceravite  ขนาดโมเลกุลเล็กที่สุดในโลก,Skin Nourishment,299.0,฿100–299,9999.0,True,True,4028.0,2989701.0,Khon Kaen,Other provinces
1900512242,Colla ac คอลลาเจนลดสิว by dr awie [ส่งฟรี Kerry ] คอลลาเจนสิวฝ้า คอลาเจนแก้สิว 1 กระปุก มี 30 แคปซูล คอลลาเจนญี่ปุ่นคอลลาเจนลดสิวโดยหมอ,Acne Care,590.0,฿500–999,189.0,False,True,37.0,111510.0,Chiang Mai,Other provinces
1903538670,FUMINO ฟูมิโน่ ดีท็อกซ์ ถ่ายแข็ง ฟูมิโนช่วยได้ ของแท้!!!  บรรจุ กล่องละ 10 ซอง,Digestive Care,91.0,<฿100,9999.0,True,True,5625.0,909909.0,Bangkok,Greater Bangkok
1914586384,มิราแมน 🏇 กาแฟผู้ชาย Miraman Coffee กาแฟสมุนไพรแท้💯(%)สูตรเข้มข้น 1 กล่อง 10 ซอง ของแท้,Men's Health,555.0,฿500–999,400.0,False,True,32.0,222000.0,Pathum Thani,Greater Bangkok
1919004842,นิวทรีโฟลิค บำรุงเลือด บำรุงโลหิต โลหิตจาง บำรุงครรภ์ แก้อาการอ่อนเพลีย ตะคริวเหน็บชา ขาดวิตามินบี 1 6 12,Pregnancy Care,180.0,฿100–299,6.0,False,True,1.0,1080.0,Nakhon Pathom,Greater Bangkok
1927456254,"พร้อมส่งจากไทย Now Foods, Garlic Oil, น้ำมันกระเทียม, สกัดเข้มข้น 1500 มิลลิกรัม 100 แคปซูล, *พร้อมส่ง*",Heart & Blood Pressure,316.0,฿300–499,39.0,False,True,4.0,12324.0,Bangkok,Greater Bangkok
1928216018,"พร้อมส่งจากไทย Now Foods, CoQ10, 30 mg, 60 Veg Capsules โคเอ็นไซม์-คิว10 30 มิลลิกรัม 60 แคปซูล *พร้อมส่ง*",Heart & Blood Pressure,378.0,฿300–499,23.0,False,True,3.0,8694.0,Bangkok,Greater Bangkok
1944984810,วิตามินเร่งขาวเทาทองตัวแรงคลีนิก  500mg.  15เม็ด,Whitening,250.0,฿100–299,85.0,False,True,7.0,21250.0,Suphan Buri,Other provinces
1947404510,อาหารเสริมยูเอส(US)( 1กล่อง),Weight Management Value Sets,219.0,฿100–299,2033.0,False,True,315.0,445227.0,Bangkok,Greater Bangkok
1950078902,( 10 ชอง 110บาท ) X BOOM [ เซ็ต 10 ซอง ] X-Boom เอ็กซ์บูม ซองม่วง ( 10 แคปซูล / ซอง ),Breast Enlargement,117.0,฿100–299,3334.0,False,True,499.0,390078.0,Bangkok,Greater Bangkok
1975696148,Blackmores  9+ Care Gold ( 60 caps ) แบลคมอร์ส 9 พลัส แคร์ โกลด์ 60 เม็ด,Pregnancy Care,745.0,฿500–999,1314.0,False,True,230.0,978930.0,Chachoengsao,Other provinces
1978338569,DHC X BESTURAL COLLAGEN คอลลาเจนเยลลี่ คอลลาเจน กัมมี่ การันตีคุณภาพโดยแบรนด์ญี่ปุ่นDHC skincare,Skin Nourishment,215.0,฿100–299,948.0,False,True,112.0,203820.0,Bangkok,Greater Bangkok
1994538166,โล้ะล้างสต้อค อาหารเสริมยู เอส (U s )( 1กล่อง),Appetite Suppressant,229.0,฿100–299,1603.0,False,True,192.0,367087.0,Bangkok,Greater Bangkok
1998678219,Vistra KIWI Extract  วิสทร้า สารสกัดกีวี ผลิตภัณฑ์เสริมอาหารเพื่อจัดการปัญหาสิวครบสูตร 30 เม็ด [Exp.06/23],Acne Care,319.0,฿300–499,5.0,False,True,4.0,1595.0,Lamphun,Other provinces
2001186116,#อย่างฟินส์....ซองเดียว 89 บาทจบๆ  💊แค่วันละเม็ด ฟิ ต แน่น ฟู ซิงค์ 🧡  โปรคุ้มๆ 10 ซอง 690 บาท  ทานได้นาน 3 เดือน ต่อเนื่อง  🚚ส่งของทุกวัน มีเก็บปลายทาง,Breast Enlargement,35.0,<฿100,11.0,False,True,3.0,385.0,Songkhla,Other provinces
2013740212,C4 Original Pre-workout 30Servings อาหารเสริมก่อนออกกำลังกาย,Pre-Workout,1379.0,"฿1,000+",778.0,False,True,81.0,1072862.0,Bangkok,Greater Bangkok
2017012525,แอลกลูต้าarmoni อาโมนิ Shining [1 กระปุก/30 เม็ด] อาหารเสริมเพื่อผิวสวย L-Gluta แอลกลูต้าไธโอน,Whitening,129.0,฿100–299,2050.0,False,True,301.0,264450.0,Nonthaburi,Greater Bangkok
2034914581,Nutripack นูทริแพค (1 ลัง หรือ 20 ถุง) สูตรทูน่า สูตรไก่ อาหารผู้ป่วยสำเร็จรูป ผู้สูงอายุ อาหารเหลวทางสายยาง,Nutritional Foods & Drinks,1270.0,"฿1,000+",885.0,False,True,219.0,1123950.0,Nonthaburi,Greater Bangkok
2048188643,📌📌ลดน้ำหนัก ดื้อยา บาชิส้ม กล่องกระดาษ บาชิ Baschi Slimming สูตรเดิม มี 30เม็ดต่อกล่อง ของแท้100%%,Fat Blockers & Burners,139.0,฿100–299,3763.0,False,True,261.0,523057.0,Sakon Nakhon,Other provinces
2054726901,✨ผลิตภัณฑ์ Liso/Lishou ลิโซ่สูตรเดิม(แคปซูลสกรีน) ลดน้ำหนัก สัดส่วน มี 40เม็ด ของแท้100% ส่งไว++,Appetite Suppressant,124.0,฿100–299,9999.0,True,True,1825.0,1239876.0,Sakon Nakhon,Other provinces
2055048432,✨ราคา 2 กระปุก✨Liso/Lishou ลิโซ่สูตรเดิม(แคปซูลสกรีน) ลดน้ำหนัก สัดส่วน มี 40เม็ด ของแท้100% ส่งไว++,Weight Management Value Sets,246.0,฿100–299,2470.0,False,True,382.0,607620.0,Sakon Nakhon,Other provinces
2055184884,📌อาหาร เสริม/ลดน้ำหนัก/สัดส่วน Capsule Slimming ลิโซ่แคปซูลตัวเก่า มี 40เม็ด ของแท้ล้านน% พร้อมส่ง++,Appetite Suppressant,124.0,฿100–299,5781.0,False,True,711.0,716844.0,Sakon Nakhon,Other provinces
2062440268,น้ำมันงาขี้ม้อน สกัดเย็น 100 แคปซูล (แบบเจลอ่อน) สวนปานะ,Heart & Blood Pressure,260.0,฿100–299,781.0,False,True,145.0,203060.0,Bangkok,Greater Bangkok
2063306023,2 ซอง GROW โปรตีนจากพืชผสม ธัญพืช งาดำ ข้าวโอ๊ต ไม่มีน้ำตาล ขนาด 300 กรัม,Protein,599.0,฿500–999,103.0,False,True,24.0,61697.0,Pathum Thani,Greater Bangkok
2068828165,ส่งด่วน ของแท้ ราคาถูก จัดส่งไม่ระบุชื่อสินค้า อาหารเสริม iTEM pro ไอเทมโปร Itempro 1 กล่อง 4 เม็ด,Sexual Health Vitamins,187.0,฿100–299,3161.0,False,True,657.0,591107.0,Bangkok,Greater Bangkok
2070494043,❤️3 กล่อง❤️Liso/Lishou Slimming Softgels ลิโซ่ลดน้ำหนัก เม็ดซอฟเจลตัวใหม่ล่าสุด‼️ #ลดสัดส่วน #ลดพุง มี 10เม็ดต่อกล่อง ของแท้ล้านน%,Weight Management Value Sets,299.0,฿100–299,507.0,False,True,104.0,151593.0,Sakon Nakhon,Other provinces
2083860124,[ แท้100% มีรหัสตัวแทน ] มัลติวิตามิน พลัส วิตามินเพิ่มน้ำหนัก (1 กระปุก) - Multivitamin plus สูตรใหม่!! ไม่ง่วงนอน อาหารเสริม เพิ่มน้ำหนัก ปลอดภัย100%,Mass Gainer,650.0,฿500–999,89.0,False,True,18.0,57850.0,Bangkok,Greater Bangkok
2115272671,Clover plus Gift set Timemild Camomile ไทม์มายด์ ช่วยการนอนหลับ สารสกัดจาก คาโมมายล์ หลับสนิท ไม่ตื่นกลางดึก วิตามินบี 30 แคปซูลx3 (อาหารเสริม),"Stress, Sleep, and Anxiety",575.0,฿500–999,5.0,False,True,1.0,2875.0,Bangkok,Greater Bangkok
2119042603,LUK PAD DETOX ลูกปัด ดีท็อกซ์ สมุนไพรซุปเปอร์คลีน เพื่อการดีท้อก [20เม็ด] 1 ซอง,Digestive Care,23.0,<฿100,9999.0,True,True,1185.0,229977.0,Pattani,Other provinces
2119088372,🌿Clean Detox🌿(แพค10ซอง)คลีนดีท็อกซ์ สมุนไพรล้างลำไส้ดูแลรูปร่าง,Fat Blockers & Burners,220.0,฿100–299,1042.0,False,True,149.0,229240.0,Pattani,Other provinces
2120338357,กาแฟดอกเด่ 1 ห่อ 25 ซอง คุมหิว อิ่มนาน ต้องลอง,Slimming Beverages,148.0,฿100–299,6092.0,False,True,951.0,901616.0,Bangkok,Greater Bangkok
2128016835,"วิตามินบี 5 Jarrow Formulas, Pantothenic Acid B5, 500 mg, 100 Veggie Caps",Skin Nourishment,685.0,฿500–999,283.0,False,True,38.0,193855.0,Chiang Mai,Other provinces
2132828781,คัพดี เอส.เค.เฮิร์บ (คัพD) S.K.herb อย. 54-1-19859-5-0006 แพ็คเกจใหม่,Breast Enlargement,55.0,<฿100,1740.0,False,True,114.0,95700.0,Pathum Thani,Greater Bangkok
2132986598,ไซโกโน๊ะ คอลลาเจน Saikono Collagen ไซโกโนะ คอลลาเจน,Whitening,199.0,฿100–299,9492.0,False,True,991.0,1888908.0,Pathum Thani,Greater Bangkok
2133126041,ALLMAX Nutrition Caffeine 200 mg  100 Tablets,Pre-Workout,300.0,฿300–499,70.0,False,True,5.0,21000.0,Phuket,Other provinces
2140684548,BINA PLUS บีน่าพลัส 1 แถม​ 1 บีน่า ส่งไว ส่งฟรี มันม่วง MUNMAUNG,Appetite Suppressant,390.0,฿300–499,656.0,False,True,125.0,255840.0,Bangkok,Greater Bangkok
2142162979,( 10 ชอง )เอ็กซ์บูม X Boom ช่วยภายในพร้อมกระชับหน้าอก,Breast Enlargement,120.0,฿100–299,144.0,False,True,25.0,17280.0,Bangkok,Greater Bangkok
2145408124,"น้ำมันงาดำสกัดเย็น 1,000 มก. 60 แคปซูล (อิมมอร์)",Bone & Joint Support,590.0,฿500–999,1307.0,False,True,222.0,771130.0,Samut Prakan,Greater Bangkok
2151082793,VISTRA Soy Lecithin เลซิติน,Brain & Memory,179.0,฿100–299,1251.0,False,True,275.0,223929.0,Pathum Thani,Greater Bangkok
2151188155,((1000mg)) Vistra Gluta Complex กลูต้า บำรุงผิว ผิวขาว,Whitening,467.0,฿300–499,910.0,False,True,144.0,424970.0,Pathum Thani,Greater Bangkok
2156144194,((Odorless 100เม็ด)) VISTRA วิสตร้า Fish Oil FishOil น้ำมันปลา ฟิชออย Odorless ไม่มีกลิ่นคาว,Brain & Memory,209.0,฿100–299,1890.0,False,True,448.0,395010.0,Pathum Thani,Greater Bangkok
2156226831,VISTRA L-Cysteine Plus Biotin ผมและเล็บ,Hair & Nail,242.0,฿100–299,94.0,False,True,14.0,22748.0,Pathum Thani,Greater Bangkok
2157876478,Joju Collagen [1 กระปุก] [30 เม็ด/กระปุก] โจจูคอลลาเจน Jojuคอลลาเจน สิว ผิวหมองคล้ำ จุดด่างดำ BC คอลลาเจน,Skin Nourishment,179.0,฿100–299,9999.0,True,True,3805.0,1789821.0,Nonthaburi,Greater Bangkok
2157992537,Joju Collagen [2 กระปุก] [30 เม็ด/กระปุก] โจจูคอลลาเจน Jojuคอลลาเจน ปัญหาสิว ผิวหมองคล้ำ จุดด่างดำ Joju Collagenของแท้ BC คอลลาเจน,Skin Nourishment,359.0,฿300–499,2395.0,False,True,311.0,859805.0,Nonthaburi,Greater Bangkok
2165766881,Jessie Mum - [ชุดทดลอง 2 ชุด] Jessiemum เจสซี่มัม อาหารเสริมเพิ่มน้ำนม สมุนไพรเพิ่มน้ำนม อาหารเสริมเร่งน้ำนม อาหารเสริมกู้น้ำนม หลังคลอด อยู่ไฟ,Pregnancy Care,360.0,฿300–499,723.0,False,True,163.0,260280.0,Bangkok,Greater Bangkok
2168618213,SOMIN  vita โซมิน วิตต้า 1 กระปุก บรรจุ 30 เม็ด  วิตซีเกาหลี 100%,Multivitamins,210.0,฿100–299,2806.0,False,True,322.0,589260.0,Bangkok,Greater Bangkok
2175276710,LukPad by Clean Herb ลูกปัด ลูกปัดดีท็อกซ์ (5 ซอง),Digestive Care,160.0,฿100–299,279.0,False,True,43.0,44640.0,Bangkok,Greater Bangkok
2203819112,Jessie Mum อาหารเสริมเพิ่มน้ำนม สำหรับคุณแม่น้ำนมน้อย 30 แคปซูล,Pregnancy Care,890.0,฿500–999,1477.0,False,True,330.0,1314530.0,Pathum Thani,Greater Bangkok
2205784768,( ส่งฟรี ) ชุดเตรียมตั้งครรภ์ กิฟฟารีน โฟลิค ไบโอแฟลกซ์  มีบุตรยาก เลือดจาง NUTRI FOLIC / BIO FLAX,Pregnancy Care,180.0,฿100–299,806.0,False,True,153.0,145080.0,Bangkok,Greater Bangkok
2205796282,( ส่งฟรี ) โฟลิค กิฟฟารีน NUTRI FOLIC GIFFARINE สร้างเม็ดเลือด เสริมธาตุเหล็ก บำรุงเลือด,Multivitamins,180.0,฿100–299,2354.0,False,True,487.0,423720.0,Bangkok,Greater Bangkok
2210058734,4 Mix Oil (เจเอสพี) ขนาด 250 แคปซูล จำนวน 2 ขวด (มีของแถม),"Stress, Sleep, and Anxiety",1039.0,"฿1,000+",1001.0,False,True,212.0,1040039.0,Bangkok,Greater Bangkok
2229554370,NBL DHA Algae Oil 330 mg,Beauty Supplements Value Sets,390.0,฿300–499,1807.0,False,True,271.0,704730.0,Bangkok,Greater Bangkok
2235817912,(ขนาดทดลอง) JESSIE MUM JESSIEMUM เจสซี่มัม อาหารเสริมเพิ่มน้ำนม อาหารเสริมเร่งน้ำนม อาหารเสริมกู้น้ำนม อาหารเสริมกระตุ้นน้ำนม 5 แคปซูล,Pregnancy Care,180.0,฿100–299,106.0,False,True,18.0,19080.0,Pathum Thani,Greater Bangkok
2235899292,(ขนาดทดลอง) Jessie mum เจสซี่มัม สมุนไพรกู้น้ำนม อาหารเสริมบำรุงน้ำนม ปลอดภัย มี อย และ ฮาลาล (1 ซอง 5 แคปซูล),Pregnancy Care,180.0,฿100–299,2192.0,False,True,317.0,394560.0,Pathum Thani,Greater Bangkok
2235912231,(ขนาดทดลอง) Jessiemum เจสซี่มัม อาหารเสริมเพิ่มน้ำนม เร่งน้ำนม อาหารเสริมกู้น้ำนม สมุนไพรเพิ่มน้ำนม หลังคลอด x  1 ซอง 5 แคปซูล,Pregnancy Care,180.0,฿100–299,120.0,False,True,18.0,21600.0,Pathum Thani,Greater Bangkok
2245489236,9X Purely Inspired Garcinia Cambogia+ สารสกัดจากส้มแขก 100 Tablets,Fat Blockers & Burners,550.0,฿500–999,20.0,False,True,7.0,11000.0,Nonthaburi,Greater Bangkok
2246414095,อภัยภูเบศร แคปซูลขมิ้นชัน (60 แคปซูล),Herbs & Traditional Medicine,69.0,<฿100,2567.0,False,True,390.0,177123.0,Bangkok,Greater Bangkok
2248087304,[2 ขวด] Banner Protein แบนเนอร์ โปรตีน [60 แคปซูล][ขวดใหญ่-สีแดง],Well Being Gifts & Value Sets,606.0,฿500–999,877.0,False,True,284.0,531462.0,Pathum Thani,Greater Bangkok
2261750343,{จำนวน 10 ซอง) ว่านเสน่ห์หา สมุนไพร บ้านแก้วใส เฮิร์บ ผลิตภัณฑ์เสริมอาหารสำหรับผู้หญิง ของแท้100%,Women's Health,110.0,฿100–299,148.0,False,True,10.0,16280.0,Bangkok,Greater Bangkok
2275091702,"Muscletech, Essential Series, Platinum 100% Caffeine, 220 mg, 125 Tablets ก่อนออกกำลังกาย, ออกกำลังกาย",Pre-Workout,419.0,฿300–499,397.0,False,True,62.0,166343.0,Nonthaburi,Greater Bangkok
2283803078,Jelly Fiber เจลลี่ไฟเบอร์ ( 1กล่อง 5 ซอง ),Weight Management Value Sets,129.0,฿100–299,135.0,False,True,16.0,17415.0,Bangkok,Greater Bangkok
2284261866,ส่งฟรี!! วีต้า ไวต้า กิฟฟารีน สูตรไม่เติมน้ำตาล Giffarine Vita เครื่องดื่มธัญญาหาญสำเร็จรูป กลิ่นข้าวโพด ร้านAom&AimShop,Nutritional Foods & Drinks,132.0,฿100–299,5.0,False,True,2.0,660.0,Bangkok,Greater Bangkok
2293567288,"ส่งฟรี #เลซิตินกิฟฟารีน  #Lecithin #ตับ #ไขมัน #เลซิติน60แคปซูล #เลซิติน 1,200 mg ผสมมิกซ์ แคโรทีนอยด์ #เลซิตินgiffarine #อาหารเสริมตับ #วิตามินอี Giffarine",Well Being Gifts & Value Sets,680.0,฿500–999,387.0,False,True,60.0,263160.0,Samut Prakan,Greater Bangkok
2295083516,สินค้าขายดี มิตรพลัสน้ำมันงาดำสกัดเย็นเกรดพรีเมี่ยม รีวิวจากผู้ใช้จริง ปวดข้อ ปวดเข่า ปวดกระดูกนอนไม่หลับให้เราดูแลคุณ ขนาด 30-90 เม็ด,Bone & Joint Support,96.0,<฿100,9999.0,True,True,3473.0,959904.0,Bangkok,Greater Bangkok
2296640104,Clover Plus IMS อาหารเสริม สารสกัดจากเห็ดชิตาเกะ 1ขวด/30แคปซูล,Immunity,189.0,฿100–299,53.0,False,True,11.0,10017.0,Bangkok,Greater Bangkok
2297114751,บูสท์ ออปติมัม Whey Protein,Immunity,795.0,฿500–999,5849.0,False,True,1027.0,4649955.0,Lopburi,Other provinces
2298142229,[ แท้100% มีรหัสตัวแทน ] มัลติวิตามินพลัส วิตามินเพิ่มน้ำหนัก (1 ซอง) ขนาดทดลอง 7 วัน - Multivitamin plus สูตรใหม่! ไม่ง่วงนอน อาหารเสริม เพิ่มน้ำหนัก,Mass Gainer,290.0,฿100–299,32.0,False,True,4.0,9280.0,Bangkok,Greater Bangkok
2310932289,AROKA CAL-TYPE 2 Collagen คอลลาเจน ไทพ์ทู calcium collagen type 2,Bone & Joint Support,295.0,฿100–299,155.0,False,True,25.0,45725.0,Bangkok,Greater Bangkok
2314486168,( 10 ชอง 110 บาท) X BOOM [ เซ็ต 10 ซอง ] X-Boom เอ็กซ์บูม ซองม่วง ( 10 แคปซูล / ซอง ),Breast Enlargement,130.0,฿100–299,24.0,False,True,3.0,3120.0,Bangkok,Greater Bangkok
2326496563,Mega We Care Nat Mag เมก้า วีแคร์ แนท แมก [30 เม็ด] แมกนีเซียม,Brain & Memory,174.0,฿100–299,590.0,False,True,120.0,102660.0,Pathum Thani,Greater Bangkok
2329680250,Herbal One Fenugreek เฮอร์บัล วัน ฟีนูกรีค บรรจุ 60 แคปซูล เมล็ดลูกซัด มีสารตั้งต้นของฮอร์โมนที่ผลิตน้ำนม สามารถเพิ่มปริมาณน้ำนมแม่ภายใน 24-72 ชั่,Pregnancy Care,132.0,฿100–299,8.0,False,True,,1056.0,Bangkok,Greater Bangkok
2345028829,MATELL Soy Protein Isolate Plant Based ถั่วเหลือง ซอย โปรตีน ไอโซเลท (Non Whey เวย์ ),Protein,249.0,฿100–299,100000.0,True,True,26177.0,24900000.0,Khon Kaen,Other provinces
2347885965,Trulyhill 3in1 Coffee กาแฟคั่วบดพร้อมดื่มเพื่อสุขภาพ - แบบซอง (กาแฟเพื่อสุขภาพ),Nutritional Foods & Drinks,15.0,<฿100,176.0,False,True,5.0,2640.0,Bangkok,Greater Bangkok
2362002551,🔥 ส่งฟรี Jessie Mum เจสซี่ มัม  ขนาด 1 กล่อง (30 แคปซูล) พร้อมส่ง,Pregnancy Care,890.0,฿500–999,907.0,False,True,234.0,807230.0,Bangkok,Greater Bangkok
2369823175,(ไซโกโนะ) SAIKONO collagen Aorraa+  ไซโกโนะ คอลลาเจน เอโอร่า พลัส1กล่อง(10ซอง),Skin Nourishment,158.0,฿100–299,9999.0,True,True,1498.0,1579842.0,Bangkok,Greater Bangkok
2372155406,ของแท้ Jelly Fiber The Charming Garden เจลลี่ไฟเบอร์ (สินค้าพร้อมส่ง) 1กล่อง 5ซอง,Fat Blockers & Burners,115.0,฿100–299,9999.0,True,True,1113.0,1149885.0,Bangkok,Greater Bangkok
2378069682,Puritan's Pride GABA (Gamma Aminobutyric Acid) 750 mg / 90 Capsules,Brain & Memory,395.0,฿300–499,556.0,False,True,75.0,219620.0,Nakhon Pathom,Greater Bangkok
2379318886,พร้อมส่ง exp: 05.2024  Blackmores Folate 500mcg 90 Tablets วิตามินนำเข้าจากออสเตรเลีย,Pregnancy Care,290.0,฿100–299,199.0,False,True,42.0,57710.0,Samut Prakan,Greater Bangkok
2379859509,(10ซอง) X BOOM เอ็กซ์บูม ช่วยภายในและหน้าอก,Breast Enlargement,126.0,฿100–299,173.0,False,True,21.0,21798.0,Bangkok,Greater Bangkok
2385833867,🔥 ส่งฟรี Jessie Mum เจสซี่ มัม  ขนาด 2 กล่อง (60 แคปซูล) พร้อมส่ง,Pregnancy Care,1500.0,"฿1,000+",406.0,False,True,107.0,609000.0,Bangkok,Greater Bangkok
2385951103,🔥 ส่งฟรี Jessie Mum เจสซี่ มัม  ขนาด 4 กล่อง (120 แคปซูล) พร้อมส่ง,Pregnancy Care,2670.0,"฿1,000+",95.0,False,True,24.0,253650.0,Bangkok,Greater Bangkok
2385992178,🔥 ส่งฟรี Jessie Mum เจสซี่ มัม  อาหารเสsิมบำรุงน้ำนม ขนาด 1 ชุดทดลอง 5 แคปซูล,Pregnancy Care,180.0,฿100–299,485.0,False,True,115.0,87300.0,Bangkok,Greater Bangkok
2388585519,Aloe Vera Gel Forever น้ำว่านหางจระเข้ ฟอร์เอเวอร์ อะโรเวร่า ขนาด 1000 ml. ของแท้ 100%,Digestive Care,560.0,฿500–999,1270.0,False,True,118.0,711200.0,Songkhla,Other provinces
2392644852,💥1Free1 💥 ime' Download Mixed Berries Flavor ดีท็อกซ์ ช่วยให้การขับถ่ายสะดวกขึ้น  กล่องละ 5 ซอง,Digestive Care,258.0,฿100–299,362.0,False,True,60.0,93396.0,Bangkok,Greater Bangkok
2393426187,กาแฟวันแฟน One Fan Coffee ของแท้100% รับประกันถูกที่สุด,Sexual Health Vitamins,270.0,฿100–299,781.0,False,True,82.0,210870.0,Bangkok,Greater Bangkok
2394135648,ส่งฟรี #เลซิตินกิฟฟารีน #ดูแลตับ #ดื่มแอลกอฮอล์ #เลซิตินของแท้ #วิตามินอี #Lecithin #ไขมันในเลือด #ไขมันพอกตับ #วิตามินตับ #เลซิติน 30 แคปซูล,Well Being Gifts & Value Sets,392.0,฿300–499,29.0,False,True,7.0,11368.0,Samut Prakan,Greater Bangkok
2406114873,(ซื้อ 1 แถม 1) GIVE-ME Berry กีฟมีเบอร์รี่ พลัสไฟเบอร์ (ตราวิษามิน) มีไฟเบอร์จากเบอร์รี่ 10 ชนิด แพคคู่ 2 กล่อง ปริมาณรวม 14 ซอง,Detoxification,129.0,฿100–299,9999.0,True,True,5996.0,1289871.0,Bangkok,Greater Bangkok
2412813092,( 20 ซอง 220 บาท ) สมุนไพรบ้านแก้วใส ว่านเสน่ห์หา อาหารเสริมสำหรับผู้หญิง 10 แคปซูล ( แพ็คเกจใหม่ล่าสุด ),Women's Health,220.0,฿100–299,899.0,False,True,99.0,197780.0,Bangkok,Greater Bangkok
2414108386,Mega We Care Calcium-D [90 แคปซูล] กระดูกและฟัน,Bone & Joint Support,285.0,฿100–299,42.0,False,True,7.0,11970.0,Bangkok,Greater Bangkok
2421448182,กาแฟดอกเด่ ชุด 2 ห่อ 50 ซอง,Slimming Beverages,319.0,฿300–499,5786.0,False,True,996.0,1845734.0,Bangkok,Greater Bangkok
2422934583,MATELL Mass Soy Protein Gainer 2 lb แมส ซอย โปรตีน 2ปอนด์ หรือ 908กรัม (Non Wheyเวย์) เพิ่มน้ำหนัก + เพิ่มกล้ามเนื้อ,Mass Gainer,249.0,฿100–299,9999.0,True,True,4592.0,2489751.0,Khon Kaen,Other provinces
2423001179,MATELL Mass Whey Protein Gainer 2 lb แมส เวย์ โปรตีน 2ปอนด์ หรือ 908กรัม Non Soy ซอย,Mass Gainer,449.0,฿300–499,9999.0,True,True,2258.0,4489551.0,Khon Kaen,Other provinces
2423011418,"โปรไบโอติกส์ 10 สายพันธุ์ Ultra Strength Probiotic 10, 20 Billion 30 Capsules (Nature's Bounty®)",Digestive Care,1098.0,"฿1,000+",87.0,False,True,21.0,95526.0,Chiang Mai,Other provinces
2423869562,วีเลน่า Vilena  (1 กล่อง 10 แคปซูล),Weight Management Value Sets,120.0,฿100–299,210.0,False,True,10.0,25200.0,Khon Kaen,Other provinces
2425604501,ฟ้าทะลายโจร ตราอภัยภูเบศร (60 แคปซูล/กระปุก),Herbs & Traditional Medicine,69.0,<฿100,8462.0,False,True,850.0,583878.0,Bangkok,Greater Bangkok
2430841823,Vistra Regow 30 Capsules วิสทร้า รีโกว์ 30 แคปซูล,Women's Health,268.0,฿100–299,14.0,False,True,8.0,3752.0,Bangkok,Greater Bangkok
2434527535,Somin Vita Collagen โซมิน ไวต้า วิตามินผิว 1 กระปุก มี 30 เม็ด / ของแท้,Whitening,199.0,฿100–299,1007.0,False,True,156.0,200393.0,Pathum Thani,Greater Bangkok
2440652008,🔥 ส่งฟรี Jessie Mum เจสซี่มัม อาหาsเสsิมสำหรับคุณแม่ ขนาด 2 ชุดทดลอง,Pregnancy Care,360.0,฿300–499,1661.0,False,True,397.0,597960.0,Bangkok,Greater Bangkok
2441535435,Mega We Care D-Toxi 30 Capsules เมก้า วีแคร์ ดี-ท๊อกซี่ (ผลิตภัณฑ์เสริมอาหาร) 1ขวด/30แคปซูล,Detoxification,330.0,฿300–499,46.0,False,True,9.0,15180.0,Bangkok,Greater Bangkok
2452707053,[Exp05/2024] คาเฟอีนชนิดเม็ด ALLMAX Nutrition Caffeine 200 mg (100เม็ด),Pre-Workout,399.0,฿300–499,34.0,False,True,4.0,13566.0,Nonthaburi,Greater Bangkok
2453110799,MEGA Garlic Oil ( การ์ลิค ออย ),Heart & Blood Pressure,102.0,฿100–299,6825.0,False,True,1004.0,696150.0,Pathum Thani,Greater Bangkok
2459444327,Grow RED โปรตีนถั่วลันเตาสีเหลือง ผสมผงผักสีแดง แบบซองพกพา เสริมสร้างกล้ามเนื้อ คุมน้ำหนัก,Protein,590.0,฿500–999,26.0,False,True,4.0,15340.0,Pathum Thani,Greater Bangkok
2459859448,กาแฟดำลดน้ำหนัก กาแฟดำ กาแฟดำกิฟฟารีน กาแฟบด (1ห่อ 30 ซอง) กิฟฟารีน รอยัล คราวน์ แบลค Royal Crown Black Giffarine กาแฟสำเร็จรูปผสมชนิดเกล็ด,Slimming Beverages,130.0,฿100–299,2516.0,False,True,478.0,327080.0,Bangkok,Greater Bangkok
2466413923,กาแฟ วัวชน คนสู้  (โปรสุดคุ้ม 3 กล่อง) Coffee Like ของแท้100%,Sexual Health Vitamins,585.0,฿500–999,267.0,False,True,33.0,156195.0,Bangkok,Greater Bangkok
2468693683,PROTIMUS เวย์โปรตีน สูตรเสริมมวลกล้ามเนื้อ และน้ำหนักตัว ขนาด 2.2ปอนด์ ( 1กิโลกรัม ) ส่งฟรีทั่วประเทศ,Mass Gainer,890.0,฿500–999,1711.0,False,True,479.0,1522790.0,Samut Sakhon,Greater Bangkok
2483937903,ชาหัวปลีไออุ่น ประคบเต้า วอร์มฮัก น้ำหัวปลีเพิ่มน้ำนม เพิ่มน้ำนม สำหรับคุณแม่ตั้งครรภ์ คุณแม่หลังคลอด,Pregnancy Care,125.0,฿100–299,915.0,False,True,61.0,114375.0,Uthai Thani,Other provinces
2486233645,ขมิ้นชัน 60แคปซูล,Food Supplement,58.0,<฿100,5304.0,False,True,565.0,307632.0,Udon Thani,Other provinces
2490077234,D Aora Detox Herb ดีออร่า เฮิร์บ สมุนไพร ดีท็อกซ์ ล้างสารพิษในลำไส้ (ขนาดบรรจุ 100 เม็ด) ของแท้ พร้อมส่ง (2กระปุก),Detoxification,222.0,฿100–299,413.0,False,True,66.0,91686.0,Pathum Thani,Greater Bangkok
2492625591,ENEres 01 (Healthy Hen) อาหารเสริมเตรียมพร้อมเป็นคุณแม่ (60แคปซูล) สำหรับผู้ที่อยากมีบุตร,Pregnancy Care,1690.0,"฿1,000+",48.0,False,True,12.0,81120.0,Bangkok,Greater Bangkok
2493893541,"[Exp010/2024] สำหรับระบบประสาท Doctor's Best Fully Active B12 1,500 mcg 60 Veggie Caps",Brain & Memory,390.0,฿300–499,88.0,False,True,13.0,34320.0,Nonthaburi,Greater Bangkok
2495078095,กิฟฟารีน เครื่องดื่ม ชาเขียว ลดน้ำหนัก ควบคุมน้ำหนัก มัทฉะลาเต้ Giffarine ชาเขียวมัทฉะ ชาสำเร็จรูป,Nutritional Foods & Drinks,220.0,฿100–299,110.0,False,True,23.0,24200.0,Khon Kaen,Other provinces
2496464389,คาเฟอีน อัดเม็ด 100% Pure Caffeine 200 mg Plus green tea 100 Tablets (PipingRock®) Piping Rock,Pre-Workout,558.0,฿500–999,34.0,False,True,5.0,18972.0,Chiang Mai,Other provinces
2507119336,❤️อาหารเสริมน้ำหนัก [บาชิเม็ดขาวแดง] Baschi สูตรดั้งเดิม มี 40เม็ด แท้100% ☑️มีเก็บเงินปลายทาง,Fat Blockers & Burners,129.0,฿100–299,4098.0,False,True,475.0,528642.0,Sakon Nakhon,Other provinces
2508034272,ค่าส่งถูกสุด!! ของแท้ Liso ลิโซ่สูตรเดิม(แคปซูลสกรีน) ลดน้ำหนัก สัดส่วน มี 40 เม็ด พร้อมส่ง,Appetite Suppressant,129.0,฿100–299,9999.0,True,True,2676.0,1289871.0,Bangkok,Greater Bangkok
2509227826,พรีมาแคป PrimaCap 1000 mg.ชนิดแคปซูลนิ่ม (30s),Women's Health,159.0,฿100–299,341.0,False,True,78.0,54219.0,Chonburi,Other provinces
2510763561,Life Extension BioActive Complete B-Complex / 60 vegetarian capsules,Brain & Memory,450.0,฿300–499,332.0,False,True,44.0,149400.0,Nakhon Pathom,Greater Bangkok
2511750991,** 1 แถม 1 ** Bean'P Coffee กาแฟบีนพี Bean P คอฟฟี่ อร่อยไร้น้ำตาลเพื่อสุขภาพและรูปร่างที่ดียิ่งขึ้น บรรจุ 10 ซอง / 1 กล่อง,Slimming Beverages,202.0,฿100–299,7600.0,False,True,1158.0,1535200.0,Bangkok,Greater Bangkok
2513737689,Life Extension Boron 3 mg / 100 vegetarian capsules,Bone & Joint Support,300.0,฿300–499,117.0,False,True,11.0,35100.0,Nakhon Pathom,Greater Bangkok
2518315465,อภัยภูเบศร อภัย-บี กลีบบัวแดง ชนิดแคปซูล ผลิตภัณฑ์สมุนไพรจำหน่ายได้ทั่วไป  (1กล่อง/70 แคปซูล),Herbs & Traditional Medicine,178.0,฿100–299,1454.0,False,True,231.0,258812.0,Bangkok,Greater Bangkok
2529866307,น้ำมันมะพร้าวสกัดเย็น ผสม( คอลลาเจน220mg )&Q10 จากเกาหลี ❗ของแท้ 100%,Women's Health,112.0,฿100–299,9999.0,True,True,2246.0,1119888.0,Bangkok,Greater Bangkok
2529920954,ส่งฟรี กิฟฟารีน นูทริ โฟลิค บำรุงเลือด บำรุงกำลัง วิตามินซี บี1-6-12 กรดโฟลิค บำรุงโลหิต บำรุงร่างกาย บรรจุ 60 แคปซูล,Multivitamins,180.0,฿100–299,234.0,False,True,48.0,42120.0,Lopburi,Other provinces
2531558780,Puritan s Pride Green Tea Standardized Extract 315 mg 200 Capsules,Detoxification,490.0,฿300–499,62.0,False,True,11.0,30380.0,Samut Prakan,Greater Bangkok
2532870479,nature made Prenatal Multi + DHA 200mg 165 Softgels,Pregnancy Care,1199.0,"฿1,000+",823.0,False,True,133.0,986777.0,Bangkok,Greater Bangkok
2535580864,Nakiz lively nose  ครีมลอกสิวเสี้ยน นาคิส,Acne Care,158.0,฿100–299,4744.0,False,True,703.0,749552.0,Samut Prakan,Greater Bangkok
2549301291,Cerebrite 30's เซเรไบร์ท ใบแป๊ะก๊วยผสมโสมสกัด น้ำมันปลาทูน่า (ผลิตภัณฑ์เสริมอาหาร) 1กล่อง/30เม็ด,Brain & Memory,300.0,฿300–499,16.0,False,True,0.0,4800.0,Bangkok,Greater Bangkok
2556465399,น้ำมันพริมโรส ส่งฟรี!! อาหารเสริมสตรี พริมโรสของแท้ พริมโรสออยล์ พริมโรสกิฟฟารีน Giffarine Evening Primrose Oil พร้อมส่ง กิฟฟารีนของแท้,Women's Health,250.0,฿100–299,,False,False,2.0,,Bangkok,Greater Bangkok
2565247123,"สมุนไพรลดน้ำหนัก Korse by Herb แพคเกจใหม่ สีขาวทอง แท้ 100% ""มีบัตรตัวแทน""",Weight Management Value Sets,209.0,฿100–299,651.0,False,True,128.0,136059.0,Bangkok,Greater Bangkok
2581721619,🔥ส่งฟรี! พร้อมส่ง🔥 GN ช่วยเรื่องนอนหลับ หลับลึก ผ่อนคลาย ตื่นบ่อย นอนน้อย  (ซื้อ 1 แถม 1),"Stress, Sleep, and Anxiety",299.0,฿100–299,977.0,False,True,264.0,292123.0,Saraburi,Other provinces
2582512845,🔥พร้อมส่ง! ส่งไว🔥 GN ช่วยเรื่องนอนหลับ หลับลึก ผ่อนคลาย ตื่นบ่อย  นอนน้อย  (60 แคปซูล),"Stress, Sleep, and Anxiety",199.0,฿100–299,254.0,False,True,56.0,50546.0,Saraburi,Other provinces
2582565638,🔥พร้อมส่ง! ส่งไว🔥  GN ช่วยเรื่องนอนหลับ หลับลึก ผ่อนคลาย ตื่นบ่อย นอนน้อย (สุดคุ้ม! 1 แถม 1),"Stress, Sleep, and Anxiety",299.0,฿100–299,232.0,False,True,66.0,69368.0,Saraburi,Other provinces
2583068166,🔥พร้อมส่ง! ส่งไว🔥 Aloe Vera ว่านหางจระเข้สกัดชนิดแคปซูล ลดริ้วรอย ผิวกระจ่างใส ต้านอนุมูลอิสระ (30 แคปซูล) พร้อม,Skin Nourishment,159.0,฿100–299,48.0,False,True,12.0,7632.0,Saraburi,Other provinces
2584730965,💥ส่งฟรี! ส่งไว💥 GN ช่วยเรื่องนอนหลับ หลับลึก ผ่อนคลาย ตื่นบ่อย นอนน้อย (สุดคุ้ม! 1 แถม 1),"Stress, Sleep, and Anxiety",299.0,฿100–299,2162.0,False,True,618.0,646438.0,Saraburi,Other provinces
2592907627,ACTIVE C วิตามินซี ซื้อ 1 แถม 1  (แอคทีฟซี) วิตามินซีในรูปแบบแคปซูล สินค้าแพคคู่ของแถม -2 กระปุก- ปริมาณรวม 60 แคปซูล ทานได้ 2 เดือน,Multivitamins,159.0,฿100–299,356.0,False,True,78.0,56604.0,Bangkok,Greater Bangkok
2593233637,🔵Liso ลิโซ่ใส สูตรดั่งเดิม ไม่มีกล่อง คะ(40 แคปซูล) 🔵,Fat Blockers & Burners,120.0,฿100–299,8383.0,False,True,1048.0,1005960.0,Nonthaburi,Greater Bangkok
2594236345,กาแฟละมุน #Lamooncoffee ขอฃแท้ 100%,Slimming Beverages,139.0,฿100–299,599.0,False,True,40.0,83261.0,Songkhla,Other provinces
2594845435,ขมิ้น ขมิ้นชันแคปซูล 50 แคปซูล ขมิ้นชันแท้  (แพ็ค 2 กล่อง)  ต้อง ขมิ้นชัน กิฟฟารีน ยาสามัญประจำบ้าน giffarine,Herbs & Traditional Medicine,150.0,฿100–299,11.0,False,True,1.0,1650.0,Nonthaburi,Greater Bangkok
2595904691,🔥ส่งฟรี! ส่งไว🔥 แอลแซด ซิงค์ LZ Zinc  หน้ามัน ฟื้นฟูผิว เคลียร์จบเรื่องสิวๆ (ซื้อ 1 แถม 1) รับสินค้า 1-2 วัน,Acne Care,279.0,฿100–299,152.0,False,True,60.0,42408.0,Saraburi,Other provinces
2595908405,[พร้อมส่ง! ส่งไว] แอลแซด ซิงค์ LZ Zinc ลดสิว รอยสิว ฟื้นฟูผิว เสริมภูมิคุ้มกัน (60 แคปซูล) รับสินค้า 1-2 วัน,Acne Care,116.0,฿100–299,1099.0,False,True,219.0,127484.0,Saraburi,Other provinces
2595923484,[ส่งฟรี! พร้อมส่ง] แอลแซด ซิงค์ LZ Zinc อาหารเสริมสำหรับผิว 60 แคปซูล  (ซื้อ 1 แถม 1) รับสินค้า 1-2 วัน,Acne Care,273.42,฿100–299,338.0,False,True,100.0,92415.96,Saraburi,Other provinces
2596980140,💥ส่งฟรี! ส่งไว รับสินค้า 1-2 วัน💥 ขมิ้นชันชนิดแคปซูล บรรเทาอาการ ปวด จุก เสียด แน่นท้อง ท้องอืด ท้องเฟ้อ (60 แคปซูล),Digestive Care,179.0,฿100–299,33.0,False,True,11.0,5907.0,Saraburi,Other provinces
2600278778,BLAZO COFFEE กาแฟตราเบลโซ่ กาแฟเพื่อสุขภาพ กาแฟลดน้ำหนัก กาแฟ เบลโซ่ คอฟฟี่ กาแฟBlazo กาแฟเบนโซ บราโซ กาแฟสมุนไพร (2ห่อ : 40ซอง),Slimming Beverages,399.0,฿300–499,1172.0,False,True,287.0,467628.0,Samut Prakan,Greater Bangkok
2600384025,BLAZO COFFEE กาแฟตราเบลโซ่ กาแฟเพื่อสุขภาพ กาแฟลดน้ำหนัก กาแฟ เบลโซ่ คอฟฟี่ กาแฟBlazo กาแฟเบนโซ บราโซ กาแฟสมุนไพร (1ห่อ : 20ซอง),Slimming Beverages,199.0,฿100–299,1060.0,False,True,242.0,210940.0,Samut Prakan,Greater Bangkok
2604970870,2 ซอง Mie collagen tripeptide (ขนาด100กรัม),Skin Nourishment,175.0,฿100–299,4495.0,False,True,1218.0,786625.0,Bangkok,Greater Bangkok
2605189005,1ซอง(100กรัม) iya collagen ไตรเปปไทด์,Skin Nourishment,92.0,<฿100,1114.0,False,True,201.0,102488.0,Bangkok,Greater Bangkok
2605841554,กลีบบัวแดง อภัยบี 70แคปซูล ABHAI-B,Brain & Memory,178.0,฿100–299,2159.0,False,True,435.0,384302.0,Udon Thani,Other provinces
2611294641,ผงถ่านไม้ไผ่หรือผงชาร์โคลล้างสารเคมีขนาด 60 กรัม ใช้ลดแก็สในกระเพาะอาหารต่อต้านเชื้อแบคทีเรียใช้ล้างผักผลไม้ให้สดกรอบอยู่ได้นาน,Detoxification,75.0,<฿100,9.0,False,True,1.0,675.0,Nakhon Nayok,Other provinces
2612873133,กวาวเครือขาว กิฟฟารีน สมุนไพรสำหรับสตรี ยาแคปซูล,Breast Enlargement,138.0,฿100–299,8.0,False,True,,1104.0,Lamphun,Other provinces
2635722343,น้ำมะกรูด SHOT 10ขวด น้ำมะกรูดสด ขนาด150 ml มี อย. ครูก้อย เตรียมตั้งครรภ์ น้ำมะกรูดคั้นสด babyandmom บานาน่ามัม bananamom,Pregnancy Care,600.0,฿500–999,1555.0,False,True,149.0,933000.0,Bangkok,Greater Bangkok
2644934197,COLLA-MAX PLUS+ เพียวคอลลาเจนญี่ปุ่นแท้ 100% ปริมาณ 50 กรัม TYPE ll DIPETIDE คอลลาเจนไทพ์ทู ไดเปปไทด์ เกรดพรีเมี่ยมจากญี่ปุ่น,Bone & Joint Support,99.0,<฿100,8998.0,False,True,1547.0,890802.0,Bangkok,Greater Bangkok
2645056433,COLLA-MAX PLUS+ เพียวคอลลาเจนแท้ 100% ไทพ์ทู ไดเปปไทด์ วัตถุดิบเกรดพรีเมี่ยมจากญี่ปุ่น ปริมาณ 50 กรัม,Bone & Joint Support,99.0,<฿100,2738.0,False,True,495.0,271062.0,Bangkok,Greater Bangkok
2652122637,ชาไม้บ้านคุณแม่ ชาเพิ่มน้ำนม ชาบำรุงน้ำนม สูตรโบราณดังเดิม,Pregnancy Care,45.0,<฿100,395.0,False,True,36.0,17775.0,Nakhon Si Thammarat,Other provinces
2657118326,[พร้อมส่ง! ส่งไว] PK Plus Plu Kaow Extract (1 แถม 1 120 แคปซูล)  พลูคาวสกัด,Immunity,275.0,฿100–299,811.0,False,True,176.0,223025.0,Saraburi,Other provinces
2657121545,[ส่งฟรี! พร้อมส่ง] PK Plus Plu Kaow Extract (1 แถม 1 120 แคปซูล) พลูคาวสกัดสูตรเข้มข้น,Immunity,275.0,฿100–299,578.0,False,True,118.0,158950.0,Saraburi,Other provinces
2659384736,ส่งฟรี เก็บปลายทาง / ABBIE abbie แอ๊บบี้ ส่งฟรีทั่วไทย 1กล่อง10แคปซูล อย.1011566250031,"Stress, Sleep, and Anxiety",490.0,฿300–499,1338.0,False,True,71.0,655620.0,Bangkok,Greater Bangkok
2659564112,แอ๊บบี้ Abbie ส่งฟรีทั่วไทย! 1กล่อง10แคปซูล,"Stress, Sleep, and Anxiety",490.0,฿300–499,1224.0,False,True,74.0,599760.0,Bangkok,Greater Bangkok
2662833144,(20ซองแท้%แพ็คแกจใหม่ค่ะ)สมุนไพรว่านเสน่ห์หา ตราบ้านแก้ว ใส เฮิร์บ บรรจุ 10 แคปซูล,Women's Health,230.0,฿100–299,858.0,False,True,114.0,197340.0,Nong Khai,Other provinces
2667609024,กล้วยดิบ ลูกกลอน (ปฐมอโศก) 190 เม็ดๆละ 400 มก.,Herbs & Traditional Medicine,69.0,<฿100,236.0,False,True,33.0,16284.0,Bangkok,Greater Bangkok
2667878981,พราต้า Prata พราเอสต้าโฉมใหม่ มีของแถม,Appetite Suppressant,319.0,฿300–499,725.0,False,True,132.0,231275.0,Nakhon Ratchasima,Other provinces
2671397705,มิวเทร่า โปร Mutera Pro Organic Plant Protein ผลิตภัณฑ์ทดแทนมื้ออาหาร (Meal Replacement)  (1 กล่อง บรรจุ 10 ซอง) **,Meal Replacement,1390.0,"฿1,000+",,False,False,1.0,,Nonthaburi,Greater Bangkok
2673705586,อาหารเสริม iTEM pro (ไอเทมโปร) ชาย ผสมเครื่องดื่มได้ / 1 กล่อง 4 แคปซูล,Men's Health,187.0,฿100–299,124.0,False,True,19.0,23188.0,Bangkok,Greater Bangkok
2691981258,กาแฟ สูตร ลดน้ำตาล 30% 30ซอง กาแฟปรุงสำเร็จ กิฟฟารีน Giffarine รอยัล คราวน์ รีดิวซ์ ชูการ์ ชนิดผง ลดปริมาณน้ำตาล30% 3in1,Nutritional Foods & Drinks,158.0,฿100–299,211.0,False,True,37.0,33338.0,Ratchaburi,Other provinces
2694444155,Nature’s way Kids Smart Iron+VitaminC ธาตุเหล็กผสมวิตามินซี แบบอมหรือเคี้ยว รสสตอเบอรี่ (วิตามินเหมาะสำหรับเด็กอายุ 2-12ปี) พร้อมจัดส่ง!!!,Immunity,420.0,฿300–499,45.0,False,True,10.0,18900.0,Nonthaburi,Greater Bangkok
2700311074,JOJU Collagen โจจูคอลลาเจน,Whitening,170.0,฿100–299,14.0,False,True,,2380.0,Bangkok,Greater Bangkok
2701133686,48% OFF ราคา Sale!! EXP:07/23 ซุปเปอร์โคคิวเท็น Super-Absorbable CoQ10 (Ubiquinone) 100mg with d-Limonene  60 Softgels (Life Extension®) Q10 #คิวเทน #โคคิวเทน #Q-10,Heart & Blood Pressure,1200.0,"฿1,000+",8.0,False,True,2.0,9600.0,Chiang Mai,Other provinces
2702559839,Zinc​ [ซิงค์​] 60cap,Acne Care,269.0,฿100–299,,False,False,,,Rayong,Other provinces
2702858616,BIO C MIX ไบโอซี มิกซ์ วิตมินซี 1000mg. 30เม็ด,Beauty Supplements Value Sets,99.0,<฿100,602.0,False,True,61.0,59598.0,Bangkok,Greater Bangkok
2714875428,super d maxx ( ซุปเปอร์ดีแม็กซ์ ) อาหารเสริมผู้ชาย  60 แคปซูล,Sexual Health Vitamins,760.0,฿500–999,289.0,False,True,34.0,219640.0,Samut Prakan,Greater Bangkok
2716369273,🔥 ส่งฟรี! ส่งไว 🔥 MS Magnesium Plus แมกนีเซียม และวิตามิน B1 B6 B12 ป้องกันไมเกรน บำรุงระบบประสาท 1 กระปุก [60 แคปซูล],Brain & Memory,127.0,฿100–299,1793.0,False,True,462.0,227711.0,Saraburi,Other provinces
2717448278,ใหม่!(เซ็ตเวย์รสชาไทย) Biovitt Whey Protein Isolate เวย์โปรตีน ไอโซเลท ลีนไขมัน สร้างกล้ามเนื้อ ไร้แป้งไร้น้ำตาล 2 ปอนด์,Mass Gainer,999.0,฿500–999,526.0,False,True,112.0,525474.0,Bangkok,Greater Bangkok
2717840637,🔥 พร้อมส่ง! ส่งไว 🔥 GL Garlic กระเทียมสกัดเข้มข้น 1 แถม 1 (120 แคปซูล) เบาหวาน ไขมัน ความดัน หัวใจ ภูมิแพ้,Heart & Blood Pressure,164.0,฿100–299,1565.0,False,True,423.0,256660.0,Saraburi,Other provinces
2718407003,ยาประสะเจตพังคี ขนาดบรรจุ 100 แคปซูล 500 มิลลิกรัม/แคปซูล,Herbs & Traditional Medicine,250.0,฿100–299,374.0,False,True,73.0,93500.0,Bangkok,Greater Bangkok
2718443607,Milk Plus & More / มิลค์พลัสแอนด์มอร์ น้ำหัวปลีสกัดเข้มข้น น้ำหัวปลีสกัดเข้มข้นผสมอิทผลัม 12/24 ขวด Organic 100% Natural บำรุงครรภ์ กระตุ้นน้ำนม บำรุงน้ำนม รับประทานง่าย รสชาติอร่อย,Pregnancy Care,899.0,฿500–999,63.0,False,True,24.0,56637.0,Pathum Thani,Greater Bangkok
2718664453,ยาหอมหมอลูกอินทร์ ( ชนิดผง ),Herbs & Traditional Medicine,120.0,฿100–299,41.0,False,True,6.0,4920.0,Bangkok,Greater Bangkok
2719283513,(1 กระปุก ชาไทย) Biovitt Whey Protein THAI TEA ไบโอวิต เวย์โปรตีน  โปรตีน แน่น 33 กรัม รสเข้ม ชาไทย หอม   ขนาด  2 ปอนด์,Protein,999.0,฿500–999,342.0,False,True,50.0,341658.0,Samut Prakan,Greater Bangkok
2721957861,(1กล่อง/30แคปซูล) Bigger BooBs สมุนไพรอัพไซส์ สูตรเร่งรัด,Women's Health,135.0,฿100–299,27.0,False,True,5.0,3645.0,Pathum Thani,Greater Bangkok
2724552736,🔥 พร้อมส่ง! 🔥 GB Ginkgo Plus-B อาหารเสริม ใบแปะก๊วยผสมวิตามินบีรวม สารสกัดใบแปะก๊วย 1 แถม 1 (120 แคปซูล),Brain & Memory,295.0,฿100–299,2246.0,False,True,520.0,662570.0,Saraburi,Other provinces
2726143477,ยันฮี คอลลิน พลัส ส่งฟรี!! Yanhee Callyn Plus ยันฮีคอลลินพลัส วิตามิน สูตรใหม่จากยันฮี ยันฮี คอลลิน พลัส แอลคาร์นิทีน 1 กล่อง มี 10 เม็ด,Weight Management Value Sets,390.0,฿300–499,5.0,False,True,,1950.0,Si Sa Ket,Other provinces
2728390706,Life Extension Glycine 1000 mg / 100 Vegetarian Capsules,Immunity,595.0,฿500–999,99.0,False,True,11.0,58905.0,Nakhon Pathom,Greater Bangkok
2729727822,L-Theanine แอล ธีอานีน - Double Wood Supplements ( 200mg /120 capsules),"Stress, Sleep, and Anxiety",890.0,฿500–999,285.0,False,True,36.0,253650.0,Kanchanaburi,Other provinces
2735688076,Vistra Gluta Complex 800 Plus Rice Extract วิสทร้า กลูต้า คอมเพลกซ์ 800 พลัส ไรส์ เอ็กแทร็ค [30 เม็ด] [1 กระปุก],Whitening,419.0,฿300–499,24.0,False,True,2.0,10056.0,Nonthaburi,Greater Bangkok
2740947565,กาเน่ดีท็อกซ์ผสมไฟเบอร์และการ์ซีเนียกาแฟเพื่อสุขภาพสูตรนี้ไม่มีนำ้ตาลไม่มีคลอเรสเตอร์รอลน้ำหนักสุทธิ22กรัม(ราคานี้ได้ 10 ซอง)สินค้าพร้อมส่ง,Weight Management Value Sets,140.0,฿100–299,164.0,False,True,27.0,22960.0,Chiang Mai,Other provinces
2741954883,Clover Plus 19 Multivit & Mineral อาหารเสริม วิตามินรวม แร่ธาตุกว่า 19 ชนิด วิตามินอี วิตามินเอ วิตามินบี2 วิตามินบี6 วิตามินบี1 วิตามินบี12 1 ขวด 30 แคปซูล,Multivitamins,149.0,฿100–299,1407.0,False,True,308.0,209643.0,Bangkok,Greater Bangkok
2742441508,Clover plus Z-ZAR อาหารเสริม สารสกัด จาก ตังถั่งเฉ้า แอล-อาร์จีนีน โสม กระชายดำ ใบแปะก๊วย หอยนางรม เห็ดหลินจือ ซิงค์  1 ขวด 30 แคปซูล,Men's Health,169.0,฿100–299,1039.0,False,True,237.0,175591.0,Bangkok,Greater Bangkok
2748094270,YANHEE ฟ้าทะลายโจร ฉลากเขียว ขนาด60เม็ด,Immunity,40.0,<฿100,9999.0,True,True,3341.0,399960.0,Bangkok,Greater Bangkok
2752197817,🔥 พร้อมส่ง! 🔥 VB-Complex วีบีคอมเพล็กซ์ วิตามินบีรวม คลายเครียด บำรุงสมองและระบบประสาท ลดอาการมือชา เท้าชา (1 แถม 1 120 แคปซูล),Multivitamins,275.0,฿100–299,1107.0,False,True,297.0,304425.0,Saraburi,Other provinces
2752316159,🔥 ส่งฟรี! ส่งไว 🔥 VB-Complex วีบีคอมเพล็กซ์ วิตามินบีรวม บรรจุ 60 แคปซูล (1 แถม 1 # 120 แคปซูล),Multivitamins,275.0,฿100–299,259.0,False,True,87.0,71225.0,Saraburi,Other provinces
2752320100,🔥 พร้อมส่ง! 🔥 VB-Complex วีบีคอมเพล็กซ์ วิตามินบีรวม คลายเครียด บำรุงสมองและระบบประสาท ลดอาการมือชา เท้าชา (1 กระปุก 60 แคปซูล),Multivitamins,179.0,฿100–299,942.0,False,True,264.0,168618.0,Saraburi,Other provinces
2752335025,🔥 ส่งฟรี! ส่งไว 🔥 VB-Complex วีบีคอมเพล็กซ์ วิตามินบีรวม (1 แถม 1 ** 120 แคปซูล),Multivitamins,275.0,฿100–299,108.0,False,True,23.0,29700.0,Saraburi,Other provinces
2753243381,Series One ซีรี่ย์วัน 10 ซอง,Detoxification,460.0,฿300–499,,False,False,1.0,,Bangkok,Greater Bangkok
2768793012,DHC kitosan DHC Meriroto 20 วัน,Fat Blockers & Burners,129.0,฿100–299,1736.0,False,True,258.0,223944.0,Bangkok,Greater Bangkok
2770251888,🔥ส่งฟรี! พร้อมส่ง🔥 AZ L-ARGININE CORY PLUS เพิ่มพลังแรงม้า บำรุงสุขภาพทางเพศ สุดยอด ถั่งเช่า 1 แถม 1 (120 แคปซูล),Sexual Health Vitamins,163.0,฿100–299,980.0,False,True,289.0,159740.0,Saraburi,Other provinces
2770499945,Probi LP โพรบี แอลพี จุลินทรีย์ โพรไบโอติก 30 แคปซูล [1 กล่อง],Immunity,538.0,฿500–999,27.0,False,True,7.0,14526.0,Bangkok,Greater Bangkok
2774369494,แท้ สูตรใหม่🍅 กลูต้าอาโมนิ 30 เม็ด กระปุกแดง พร้อมส่ง🍅🍅,Whitening,119.0,฿100–299,875.0,False,True,90.0,104125.0,Bangkok,Greater Bangkok
2783811213,PS ONE  ยาลด Pichy Plus พิชชี่ พลัส บรรจุ 10 แคปซูล,Appetite Suppressant,190.0,฿100–299,199.0,False,True,15.0,37810.0,Pathum Thani,Greater Bangkok
2790119232,"เปล้าตะวันขับลมตราเพชรแดง ตำรับยาจากสมุนไพรออร์แกนิค 4 ชนิด 

บรรจุ60แคปซูล",Multivitamins,225.0,฿100–299,815.0,False,True,160.0,183375.0,Bangkok,Greater Bangkok
2790130775,ชาอุ่นรักสีชมพู ชาบำรุงคุณแม่ก่อนคลอด บำรุงน้ำนม สร้างน้ำนม ดื่มได้ตั้งแต่ 6 เดือน (1 แถม 1 ขวดน้ำพรีเมียมน่ารัก)  บรรจุ 20 ซอง ส่งฟรี,Pregnancy Care,490.0,฿300–499,61.0,False,True,12.0,29890.0,Chai Nat,Other provinces
2793000587,CHU ชูว์ ผลิตภัณฑ์เสริมอาหาร สำหรับท่านชาย (1 กล่อง 10 แคปซูล),Men's Health,140.0,฿100–299,1270.0,False,True,181.0,177800.0,Pathum Thani,Greater Bangkok
2794392143,2 ซอง(100กรัม) Mie collagen ไตรเปปไทด์,Hair & Nail,185.0,฿100–299,6075.0,False,True,1869.0,1123875.0,Bangkok,Greater Bangkok
2795461284,{กระป๋องทอง} Donutt Collagen Dipeptide คอลลาเจนไดเปปไทด์ พลัสแคลเซียม บรรจุ 120 กรัม,Weight Management Value Sets,179.0,฿100–299,1552.0,False,True,276.0,277808.0,Pathum Thani,Greater Bangkok
2798209650,พิเศษ2ซอง(100กรัม) Mie คอลลาเจน tripeptide,Hair & Nail,175.0,฿100–299,716.0,False,True,211.0,125300.0,Bangkok,Greater Bangkok
2799048300,พิเศษ 1 กล่อง กาแฟ เอสมีนาว (S ME.now) เพื่อสุขภาพ,Appetite Suppressant,99.0,<฿100,66.0,False,True,17.0,6534.0,Bangkok,Greater Bangkok
2808112515,พิเศษ 3 ซอง IYA Pure Collagen Tripeptide 100%,Hair & Nail,259.0,฿100–299,234.0,False,True,64.0,60606.0,Bangkok,Greater Bangkok
2808434127,NBL coconut oil Nubolic น้ำมันมะพร้าวสกัดเย็น 60 ซอฟเจล น้ำมันมะพร้าวออสเตรเลีย 1000mg จำนวน 2 ขวด,Multivitamins,238.0,฿100–299,1140.0,False,True,238.0,271320.0,Bangkok,Greater Bangkok
2814047403,พิเศษ3ซอง(100กรัม) Mie collagen ไตรเปปไทด์,Hair & Nail,289.0,฿100–299,900.0,False,True,280.0,260100.0,Bangkok,Greater Bangkok
2814211527,(100 กรัม จำนวน 10 ซอง) อรินคอลลาเจนญี่ปุ่นแท้ Arin Collagen(คอลลาเจนเปปไทด์),Hair & Nail,839.0,฿500–999,123.0,False,True,50.0,103197.0,Bangkok,Greater Bangkok
2817161894,Himalaya คอนฟิโด,Sexual Health Vitamins,79.0,<฿100,602.0,False,True,96.0,47558.0,Bangkok,Greater Bangkok
2817258540,พิเศษ3ซอง(100กรัม) Mie collagen ไตรเปปไทด์,Hair & Nail,289.0,฿100–299,571.0,False,True,167.0,165019.0,Bangkok,Greater Bangkok
2817381587,แคลซ่า calza1500 แคลเซี่ยมชนิดดูดซึมดี แบบซองชงน้ำ 1กล่อง 30ซอง ทานง่าย ไม่ทำให้ท้องผูก,Bone & Joint Support,328.0,฿300–499,400.0,False,True,44.0,131200.0,Sa Kaeo,Other provinces
2822452932,Hom Coffee(ฮอมคอฟฟี่กาแฟผสมคอลลาเจน) 1 กล่อง บรรจุ 10 ซอง 145 บาท,Fat Blockers & Burners,145.0,฿100–299,611.0,False,True,138.0,88595.0,Bangkok,Greater Bangkok
2823469990,Somrudee Oryza สมฤดี โอไรซา [3 กล่อง] น้ำมันรำข้าวและจมูกข้าว,Heart & Blood Pressure,816.0,฿500–999,411.0,False,True,60.0,335376.0,Pathum Thani,Greater Bangkok
2824672213,AMSEL Glutamine 800 มก. แอมเซล กลูตามีน ช่วยให้หลับสนิทมากขึ้น และสดชื่นมากขึ้นเมื่อตื่น ลดความเครียด คลายอ่อนล้า ( 1 ขวด)  30 แคปซูล,"Stress, Sleep, and Anxiety",210.0,฿100–299,20.0,False,True,3.0,4200.0,Phatthalung,Other provinces
2827011404,โฉมใหม่ปี2023ซื้อ 3 แถม3 !!! Venista Detox เวนิสต้า (ขนาด 30 เม็ด) ดีท็อกซ์,Digestive Care,270.0,฿100–299,427.0,False,True,63.0,115290.0,Pathum Thani,Greater Bangkok
2827543386,[ล็อตใหม่พร้อมส่งมีบัตรตัวแทน]คอลลาเจนโจจู  JOJU Collagen ของแท้100% (1กะปุก30เม็ด),Beauty Supplements Value Sets,290.0,฿100–299,1863.0,False,True,295.0,540270.0,Bangkok,Greater Bangkok
2827711640,Juliet (จูเลียต) Juliet collagen (จูเลียตคอลลาเจน) juliet jelly plus ของแท้ 100% ส่งด่วนทุกวัน,Breast Enlargement,390.0,฿300–499,,False,False,,,Phichit,Other provinces
2831705183,Life Extension Prenatal Advantage / 120 Easy-to-swallow Softgels,Pregnancy Care,890.0,฿500–999,5.0,False,True,,4450.0,Nakhon Pathom,Greater Bangkok
2832995512,The Slimplanet 's Daily Protein Shakeโปรตีนพืช,Protein,950.0,฿500–999,17.0,False,True,6.0,16150.0,Bangkok,Greater Bangkok
2835241104,เสริมสมรรถภาพทั้งชายและหญิง ด้วยรอยัลฟาร์ม กระชายดำพลัส 2 ขนาด 60 แคปซูล,Sexual Health Vitamins,250.0,฿100–299,34.0,False,True,7.0,8500.0,Bangkok,Greater Bangkok
2835994887,4 Mix Oil (เจเอสพี) ขนาด 250 แคปซูล จำนวน 1 ขวด (มีของแถม),Well Being Gifts & Value Sets,535.0,฿500–999,769.0,False,True,166.0,411415.0,Bangkok,Greater Bangkok
2841674124,MS PEA PROTEIN ISOLATE ORGANIC เวย์โปรตีนพีช โปรตีนถั่วลันเตา ไอโซเลท 2LB เพิ่มกล้ามเนื้อ ลดไขมัน คุมหิว แพ้wheyทานได้ ถูก รสธรรมชาติแท้,Protein,215.0,฿100–299,9999.0,True,True,4768.0,2149785.0,Bangkok,Greater Bangkok
2842352676,ฟ้าทะลายโจร อภัยภูเบศร 60แคปซูล มีแอนโดรกราโฟไลท์ 10mg ของแท้,Herbs & Traditional Medicine,57.0,<฿100,6029.0,False,True,539.0,343653.0,Udon Thani,Other provinces
2842549398,FESTA Instant Ginger Powder เฟสต้า น้ำขิงเข้มข้น ผสมโสมและวิตามิน 1 ถุง บรรจุ 10 ซอง,Nutritional Foods & Drinks,47.0,<฿100,244.0,False,True,21.0,11468.0,Bangkok,Greater Bangkok
2846161404,ถังเช่า (แบบขวด)  Donutt Cordyceps Plus Multivitamin B ถั่งเช่า มัลติ วิตามินบี 30  แคปซูล,Immunity,114.0,฿100–299,2421.0,False,True,371.0,275994.0,Bangkok,Greater Bangkok
2846997790,ซื้อ 2 ขวด ถูกกว่า Amsel Zinc plus Vitamin Premix แอมเซล ซิงค์ พลัส วิตามินพรีมิกซ์ บำรุง ผม เล็บ,Acne Care,210.0,฿100–299,8.0,False,True,1.0,1680.0,Phatthalung,Other provinces
2849197784,Vistra Vital Pro Relacza Plus วิสทร้า ไวทัล โปร รีแลคซ่า พลัส [30 แคปซูล],"Stress, Sleep, and Anxiety",280.0,฿100–299,29.0,False,True,4.0,8120.0,Pathum Thani,Greater Bangkok
2855381561,Meme Doom plus มีมี่ดูม บรรจุ 7 เม็ด (5 ซอง),Breast Enlargement,165.0,฿100–299,28.0,False,True,2.0,4620.0,Si Sa Ket,Other provinces
2858547147,Nature's King Royal Jelly เนเจอร์ คิง รอยัล เจลลี่ นมผึ้ง [120 แคปซูล],"Stress, Sleep, and Anxiety",396.0,฿300–499,806.0,False,True,111.0,319176.0,Pathum Thani,Greater Bangkok
2862626505,ชาอุ่นรัก มัมซ์โกลด์ 1 แถม 1 ชาบำรุงน้ำนมแม่หลังคลอด (ขนาดทดลอง สูตรใหม่แท้100% ส่งฟรี) เร่งน้ำนม ชาหัวปลี  Herbal tea boost mom's milk for postpartum,Pregnancy Care,290.0,฿100–299,224.0,False,True,31.0,64960.0,Chai Nat,Other provinces
2870140939,VISTRA Vital - Pro RELACZA Plus 30 capsules ( วิสตร้า รีแลคซ่า พลัส GABA L-Theanine Vitamin B12 ),"Stress, Sleep, and Anxiety",264.0,฿100–299,33.0,False,True,6.0,8712.0,Bangkok,Greater Bangkok
2871501270,คลอโรฟิลล์ กิฟฟารีน ของแท้  ส่งฟรี Chlorophyll คลอโรฟิลล์ซีโอ กลิ่นแอปเปิ้ล เครื่องดื่ม ( มีหลายรุ่นให้เลือก ) ส่งฟรี ส่งเร็ว,Detoxification,160.0,฿100–299,4155.0,False,True,888.0,664800.0,Samut Prakan,Greater Bangkok
2872723186,🔥 ส่งฟรี! ส่งไว 🔥 GP Gluta Plus กลูต้า สารสกัดจากส้มแดง  1 แถม 1 (120 แคปซูล),Whitening,309.0,฿300–499,2039.0,False,True,550.0,630051.0,Saraburi,Other provinces
2874579744,DEVER ENERGY GEL 100 ML เจลเพิ่มพลังงาน  (Z2),Pre-Workout,80.0,<฿100,2785.0,False,True,131.0,222800.0,Bangkok,Greater Bangkok
2875750989,Biotin Zinc ไบโอติน ไบโอทิน ซิงก์ พัฒนาและวิจัยโดย คณะเภสัช จุฬา ส่วนช่วยคงสภาพ เส้นผม เล็บ  90 เม็ด,Hair & Nail,300.0,฿300–499,5521.0,False,True,1244.0,1656300.0,Bangkok,Greater Bangkok
2878104755,Maxxlife Magnesium Plus แม็กซ์ไลฟ์ แมกนีเซียม พลัส 60 เม็ด(Tablets) ผลิตภัณฑ์เสริมอาหาร,Bone & Joint Support,342.0,฿300–499,55.0,False,True,6.0,18810.0,Bangkok,Greater Bangkok
2880296263,Yoo Collagen ยู คอลลาเจน [110 กรัม] [1 กระปุก] คอลลาเจน บำรุงผิว กระดูก และข้อต่อ BC คอลลาเจน,Skin Nourishment,267.0,฿100–299,9999.0,True,True,2240.0,2669733.0,Nonthaburi,Greater Bangkok
2881508504,(01)❤(แถมฟรีสินค้าทานคู่กัน)❤🔥 คอร์เซ่ เฮิร์บ​ HERB VIP  Korse 💙(กล่องซีล & ล็อตใหม่) จัดส่งทุกวัน,Fat Blockers & Burners,83.0,<฿100,9999.0,True,True,4305.0,829917.0,Nonthaburi,Greater Bangkok
2881528219,(01)💙(แถมฟรีสินค้าทานคู่กัน)🔥HERB VIP  Korse คอร์เซ่ เฮิร์บ วี ไอ พี ❤(กล่องซีล & ล็อตใหม่),Fat Blockers & Burners,83.0,<฿100,9999.0,True,True,3741.0,829917.0,Nonthaburi,Greater Bangkok
2882590580,VC Vit C Vitamin C 200% Pure Power Shot 1กล่อง บรรจุ 14 ซอง วิตซีเพียว,Skin Nourishment,173.63,฿100–299,140.0,False,True,23.0,24308.2,Samut Sakhon,Greater Bangkok
2887253763,ลูกซัดผสมขิง สมุนไพรเพิ่ม/กู้น้ำนมลูกซัดผสมขิง  เห็นผลชัดเจนได้รับรอง อย.,Pregnancy Care,99.0,<฿100,1311.0,False,True,241.0,129789.0,Chiang Mai,Other provinces
2891085756,ของแท้ 100% ลิด้าซอฟเจล ลิด้า Lida softgel บรรจุ 36 เม็ด สำหรับคนควบคุมน้ำหนัก ป ลิด้า,Fat Blockers & Burners,135.0,฿100–299,4791.0,False,True,600.0,646785.0,Nonthaburi,Greater Bangkok
2891121589,Liso ลิโซ่สูตรดั่งเดิมขวดเขียวใส ลิโซ่,Fat Blockers & Burners,120.0,฿100–299,6886.0,False,True,1001.0,826320.0,Nonthaburi,Greater Bangkok
2893765810,Sera เซร่า Sowi โซวี‼️อาหารเสริมคุมน้ำหนัก พร้อมส่ง🔥,Appetite Suppressant,269.0,฿100–299,2001.0,False,True,268.0,538269.0,Nakhon Sawan,Other provinces
2905676780,Wagner Zinc High Strength 30mg (120เม็ด) ซิงค์ สูตรเข้มข้นสูง ของแท้ แบรนด์ดังออสเตรเลีย.,Skin Nourishment,269.0,฿100–299,114.0,False,True,24.0,30666.0,Chonburi,Other provinces
2913049923,[พร้อมส่งมีบัตรตัวแทน] คอลลาเจน โจจู  JOJU Collagen 1กระปุกของแท้,Beauty Supplements Value Sets,290.0,฿100–299,818.0,False,True,110.0,237220.0,Bangkok,Greater Bangkok
2933585968,Somin Vita โซมิน ไวต้า วิตามินผิว 1 กระปุก มี 30 Tablets,Beauty Supplements Value Sets,195.0,฿100–299,390.0,False,True,34.0,76050.0,Bangkok,Greater Bangkok
2937267417,สมุนไพรนิต้าเฮิร์บ (Nita Herb),Herbs & Traditional Medicine,80.0,<฿100,72.0,False,True,4.0,5760.0,Chanthaburi,Other provinces
2937292452,สมุนไพรไทยเฮิร์บ ไทยเฮิร์บ ชาสมุนไพรไทยเฮิร์บ ชาไทยเฮิร์บ,Herbs & Traditional Medicine,70.0,<฿100,2011.0,False,True,76.0,140770.0,Chanthaburi,Other provinces
2940487752,RSP Nutrition QUADRA​LEAN​ THERMO(90capsules),Pre-Workout,899.0,฿500–999,5.0,False,True,,4495.0,Bangkok,Greater Bangkok
2940594160,80% OFF ราคา Sale!!! โปรดอ่านรายละเอียด EXP: 10/2023 เมก้า อีพีเอ ดีเอชเอ Mega EPA/DHA 120 Softgels (Life Extension®) โอเมก้า 3 แบบเข้มข้น กรดไขมันโอเมก้า น้ำมันปลา,Heart & Blood Pressure,360.0,฿300–499,,False,False,,,Chiang Mai,Other provinces
2941362904,น้ำมันถั่วดาวอินคา สกัดเย็น  (แบบหยด)​,Nutritional Foods & Drinks,320.0,฿300–499,546.0,False,True,78.0,174720.0,Nakhon Pathom,Greater Bangkok
2957043128,Dary Vit D Nite ดารี่ วิต ดีไนท์ อาหารเสริม สารสกัดจาก ดอกคาโมมายด์ แอลกลูตามีน แอลธีอะนีน วิตามินบี12 วิตามินบี6 ขนาด 30 แคปซูล 1 กระปุก,"Stress, Sleep, and Anxiety",99.0,<฿100,713.0,False,True,138.0,70587.0,Bangkok,Greater Bangkok
2961837360,1 แถม 1ส่งฟรี❤️‍🔥 แถมสครับ 1:1 amoni zinc อาโมนิซิงค์ (shining) ลดสิว ลดรอย สร้างภูมิ,Acne Care,109.0,฿100–299,271.0,False,True,61.0,29539.0,Phra Nakhon Si Ayutthaya,Other provinces
2963378088,Australia Elevit Pregnancy Pre-conception breastfeeding Multivitamins Women Menevit Men Male Fertility Sperm Folic Acid,Pregnancy Care,1629.0,"฿1,000+",415.0,False,True,69.0,676035.0,Samut Prakan,Greater Bangkok
2980786571,กาแฟวัวชน(coffeelikeextra)1กล่อง,Slimming Beverages,198.0,฿100–299,2292.0,False,True,407.0,453816.0,Bangkok,Greater Bangkok
2983212627,นารีญา NAREEYA ผลิตภัณฑ์เสริมอาหาร นารีญา ตัวช่วยดูแลผู้หญิงทุกวัย ได้จากสารสกัดจากสมุนไพร 100% 1 กระปุก 60 แคปซูล,Beauty Supplements Value Sets,290.0,฿100–299,,False,False,,,Nonthaburi,Greater Bangkok
2991952347,[แบ่งขาย] Mass เวย์โปรตีนสำหรับคนผอม ต้องการให้ตัวใหญ่ขึ้น หนาขึ้น กล้ามโตขึ้น ขนาด 100g ขึ้นไป,Mass Gainer,139.0,฿100–299,233.0,False,True,47.0,32387.0,Chiang Mai,Other provinces
3002904635,ประสระน้ำนมตราพารา สูตร2🔥เซต 6ซอง(ทาน2สัปดาห์) เพิ่มน้ำนม สมุนไพรเพิ่มน้ำนม,Pregnancy Care,230.0,฿100–299,598.0,False,True,110.0,137540.0,Bangkok,Greater Bangkok
3005154507,ชูว์ [Chu] Chu อาหารเสริมสำหรับผู้ชาย 1 กล่อง [ 10 แคปซูล ] เลือก ของแท้ ราคาถูก เลือก COOL MEN,Sexual Health Vitamins,145.0,฿100–299,740.0,False,True,148.0,107300.0,Bangkok,Greater Bangkok
3011295689,11X Verena (เวอรีน่า 11เอ็กซ์),Hair & Nail,155.0,฿100–299,172.0,False,True,29.0,26660.0,Khon Kaen,Other provinces
3011728237,FOS Fiber by pam ไฟเบอร์ ไฟเบอร์แก้ท้องผูก ไฟเบอร์ช่วยขับถ่าย พรีไบโอติก Prebiotic อาหารเสริมแก้ท้องผูก อาหารเสริมช่วยการขับถ่าย สำหรับเด็ก 1,Digestive Care,250.0,฿100–299,768.0,False,True,151.0,192000.0,Bangkok,Greater Bangkok
3021883449,DHC ZINC 60 วัน ดีเอชซี ซิงค์ สังกะสี,Acne Care,149.0,฿100–299,1129.0,False,True,257.0,168221.0,Bangkok,Greater Bangkok
3027664574,Biotin Zinc คณะเภสัช จุฬา 90 เม็ด ไบโอทิน ซิงก์ ผม ขน ผิว เล็บ,Hair & Nail,299.0,฿100–299,576.0,False,True,99.0,172224.0,Surin,Other provinces
3055476888,กาแฟเพิ่มสุข permsuk coffee /1ถุง,Slimming Beverages,179.0,฿100–299,1620.0,False,True,172.0,289980.0,Bangkok,Greater Bangkok
3070316338,เอสชัวร์ เพอร์พีชไฟเบอร์ (Per Peach Fiber + S sure) ลดน้ำหนัก ไฟเบอร์ นุ้ย สุจิรา,Weight Management Value Sets,610.0,฿500–999,30.0,False,True,4.0,18300.0,Bangkok,Greater Bangkok
3073978763,Somin Vita Collagen โซมิน ไวต้า ( 1 กระปุก มี 30 เม็ด / ของแท้),Whitening,195.0,฿100–299,782.0,False,True,71.0,152490.0,Bangkok,Greater Bangkok
3085589237,Garlic Pearls น้ำมันกระเทียมสกัด 100 เม็ด,Immunity,85.0,<฿100,9645.0,False,True,1766.0,819825.0,Bangkok,Greater Bangkok
3092325378,📣🇰🇷[พร้อมส่ง]เม็ดฟู่ช่วยเผาผลาญEver teen diet Toc,Fat Blockers & Burners,150.0,฿100–299,3105.0,False,True,474.0,465750.0,Pathum Thani,Greater Bangkok
3096344813,Belcid Forte เบลซิด ฟอร์ท รสมิ้นต์ สูตรไม่มีน้ำตาล ขนาด 240ml. [6 ขวด],Well Being Gifts & Value Sets,214.0,฿100–299,43.0,False,True,4.0,9202.0,Bangkok,Greater Bangkok
3102292949,Zhulian Royalmix รอยัลมิกซ์ เครื่องดื่มถั่วเหลืองชนิดผงพร้อมดื่ม ( 1 กล่อง/30 ซอง ),Nutritional Foods & Drinks,719.0,฿500–999,332.0,False,True,55.0,238708.0,Bangkok,Greater Bangkok
3112480751,Verena 11X (เวอรีน่า 11เอ็กซ์) จำนวน 2 กระปุก,Hair & Nail,310.0,฿300–499,649.0,False,True,148.0,201190.0,Khon Kaen,Other provinces
3121974075,NBL Gluta Marine Collagen Lycopene Complex 30 Capsules ส่งฟรี!!!!,Whitening,250.0,฿100–299,54.0,False,True,21.0,13500.0,Bangkok,Greater Bangkok
3128591287,คอลลาเจนไซโกโนะ Saikono (1กล่องมี 10ซอง) *ไม่กรีดรหัส* ผลิตล่าสุด,Beauty Supplements Value Sets,159.0,฿100–299,9999.0,True,True,2742.0,1589841.0,Surat Thani,Other provinces
3134523330,🧡แพคเกจใหม่ Lot 4 (แถมฟรีสินค้าทานร่วมกัน)คอร์เซ่ เฮิร์บ Korse by Herb 💓( พร้อมส่ง ) จัดส่งทุกวัน.. สูตรใหม่,Appetite Suppressant,59.0,<฿100,9999.0,True,True,4532.0,589941.0,Nonthaburi,Greater Bangkok
3138128216,MATELL Acerola Cherry Vitamin C 1000 mg 50 Tablets อะเซโรล่า เชอร์รี่ วิตามินซี 1000 มก 50 เม็ด,Immunity,79.0,<฿100,9999.0,True,True,6460.0,789921.0,Khon Kaen,Other provinces
3142124828,✅[1แผง:10เม็ด] HandyHerb แฮนดี้เฮิร์บ จีไนท์ 1 แผง 10 แคปซูล,"Stress, Sleep, and Anxiety",73.0,<฿100,111.0,False,True,16.0,8103.0,Bangkok,Greater Bangkok
3145107459,ปู๋เซิน6เม็ด 1กล่องบรรจุ6เม็ดจากโรงงานของแท้100%,Herbs & Traditional Medicine,192.0,฿100–299,8536.0,False,True,900.0,1638912.0,Bangkok,Greater Bangkok
3145150910,คลาร่า พลัส ผลิตภัณฑ์เสริมอาหารสำหรับผู้หญิงบรรจุ20เม็ด ได้รับ1กล่องคะ,Women's Health,265.0,฿100–299,584.0,False,True,50.0,154760.0,Bangkok,Greater Bangkok
3148535151,กระชายขาวพลัส ตราไตรทิพย๋บรรจุ 60 แคปซูลพร้อมส่ง(มีเรทส่งยกลัง)กระชายขาว ตราไพรทิพย์ กระชายขาวสกัด PRAITHIP WHITE GALING,Herbs & Traditional Medicine,30.0,<฿100,32.0,False,True,6.0,960.0,Bangkok,Greater Bangkok
3166019955,สมุนไพรพลอยบุหลันสูตรหญ้าหวาน,Slimming Beverages,129.0,฿100–299,695.0,False,True,77.0,89655.0,Nakhon Ratchasima,Other provinces
3227322555,ผ่อนคลาย เพิ่มสมาธิ พักผ่อน แอล-ธีอะนีน Puritan's Pride L-Theanine 200mg 60 capsules,Brain & Memory,390.0,฿300–499,36.0,False,True,4.0,14040.0,Samut Prakan,Greater Bangkok
3241731447,เพรียว คลอโรฟิลล์ (แพ็ค48ซอง) จากต้นอ่อนข้าวสาลี (ชนิดผง) ดีท็อกซ์ ล้างสารพิษในร่างกาย ช่วยระบบขับถ่าย ไม่มีน้ำตาล,Detoxification,186.0,฿100–299,3401.0,False,True,535.0,632586.0,Bangkok,Greater Bangkok
3247022097,อาหารเสริม โมเดิร์นเลิฟ modern love,Sexual Health Vitamins,799.0,฿500–999,13.0,False,True,8.0,10387.0,Bangkok,Greater Bangkok
3264731221,พอลลีน่า เคดี ( แพคเก็ตใหม่ล่าสุด ) ของแท้แน่นอน + ลูกค้าได้ของแถมทุกคำสั่งซื้อ + แชทถามได้ครับ,Well Being Gifts & Value Sets,430.0,฿300–499,253.0,False,True,24.0,108790.0,Bangkok,Greater Bangkok
3266643353,ซื้อ2 แถม 1 Mafinze’ladyplus finfer เลดี้พลัสมาร์ฟิน fit meสูตรเด็ดสำหรับผู้หญิง(3กล่อง ),Breast Enlargement,189.0,฿100–299,1921.0,False,True,355.0,363069.0,Bangkok,Greater Bangkok
3270774608,Dary Vit B complex วิตามินบี คอมเพล็กซ์ (30 แคปซูล) ( อาหารเสริม ),Brain & Memory,85.0,<฿100,9999.0,True,True,1900.0,849915.0,Bangkok,Greater Bangkok
3271299547,ฟ้าทะลายโจรแคปซูล (คงคา) บรรจุ 100 แคปซูล,Herbs & Traditional Medicine,80.0,<฿100,101.0,False,True,17.0,8080.0,Bangkok,Greater Bangkok
3281824702,AW-PLANT PROTEIN โปรตีนพืชหลายชนิด เสริมสร้างกล้ามเนื้อ อื่มท้อง โปรตีนสูง คีโต วีแกน เวย์,Protein,399.0,฿300–499,2005.0,False,True,547.0,799995.0,Nonthaburi,Greater Bangkok
3294107280,BENECOL เบเนคอล รสทับทิม ผลิตภัณทฑ์เสริมอาหารแพลนท์สตานอล ยูเอสที แพค(6กล่อง),Heart & Blood Pressure,155.0,฿100–299,152.0,False,True,23.0,23560.0,Bangkok,Greater Bangkok
3295022909,"[ โปรคู่แฝด ] Good skin vitaminC 30 days - กู๊ดสกิน วิตามินซี & กลูต้า ขนาด 100,000 mg. VitaminC & Gluta goota วิตามินเกาหลี วิตามินซีผงชงดื่ม กลูต้าผงชงดื่ม",Beauty Supplements Value Sets,750.0,฿500–999,88.0,False,True,22.0,66000.0,Bangkok,Greater Bangkok
3302774780,Fara S #ฟาร่าเอส #ดีท็อกซ์ (1 กล่อง 10 ซอง) รสพั้นซ์ อร่อยทานง่าย ไม่ปวดบิด,Digestive Care,142.0,฿100–299,753.0,False,True,95.0,106926.0,Bangkok,Greater Bangkok
3321618074,ส่งฟรี Swiss Energy L-Carnitine (4 หลอด แถมฟรีแอลคาร์นิทีน 1 หลอด +ของแถมพรีเมี่ยม) วิตามินเม็ดฟู่ แอลคาร์นิทีน 500mg,Pre-Workout,1866.0,"฿1,000+",,False,False,,,Bangkok,Greater Bangkok
3324693966,แพ็คคู่ 2 กล่อง   Vilena วีเลนน่า แพ็คเก็จใหม่ล่าสุด  1 กล่องมี   10 แค็บซูล,Weight Management Value Sets,210.0,฿100–299,36.0,False,True,5.0,7560.0,Bangkok,Greater Bangkok
3327002752,โกโก้นางบี Be easy cocoa บีอีซี่ โกโก้ลดหุ่นดี อิ่มนาน 10 ซอง ( 1 กล่อง),Slimming Beverages,140.0,฿100–299,2345.0,False,True,315.0,328300.0,Bangkok,Greater Bangkok
3332107688,Swisse Ultibiotic Womens Flora Probiotic 30 Capsules,Women's Health,690.0,฿500–999,5.0,False,True,1.0,3450.0,Nakhon Ratchasima,Other provinces
3333704868,ส่งฟรี!! กาแฟดำ อเมริกาโน่ กาแฟดำกิฟฟารีน กาแฟอาราบิก้าผสมโรบัสต้า เข้มข้น หอมอร่อย ไม่มีน้ำตาล ไม่มีไขมัน กิฟฟารีน Giffarine Royal Crown Americano,Nutritional Foods & Drinks,170.0,฿100–299,1395.0,False,True,319.0,237150.0,Bangkok,Greater Bangkok
3334681643,ไม้นมนางเพิ่มน้ำนม รวมสมุนไพรเรียกน้ำนม/กู้น้ำนม ทำสต็อกนมแม่แบบต้ม 7 ชนิด แถมถุงชาเปล่าฟรี ‼️,Pregnancy Care,39.0,<฿100,865.0,False,True,83.0,33735.0,Chiang Mai,Other provinces
3348530545,Oil PURE VIRGIN COCONUT OIL เพียวเวอร์จิ้น น้ำมันมะพร้าวสกัดเย็น 250 ml.,Appetite Suppressant,155.0,฿100–299,450.0,False,True,76.0,69750.0,Pathum Thani,Greater Bangkok
3351038872,KoKori NEPHRA WHEY Vanilla Flavour โปรตีนไข่ขาวรสวานิลลา นมไข่ขาวสำหรับผู้ป่วยโรคไต ทานเสริมโปรตีน ทานแทนไข่ขาว 1 ซองมีโปรตีนเท่ากับไข่ขาว 3 ฟอง,Protein,509.0,฿500–999,4152.0,False,True,461.0,2113368.0,Samut Prakan,Greater Bangkok
3352792533,OVA-Q โอวาคิว วิตามบำรุงไข่ วิตามินตั้งครรถ์ อาหารเสริมบำรุงไข่ อาหารเสริมตั้งครรถ์ มีลูกยาก มีบุตรยาก บำรุงมดลูก เพิ่มคุณภาพไข่ 1 ขวด,Pregnancy Care,550.0,฿500–999,390.0,False,True,80.0,214500.0,Bangkok,Greater Bangkok
3361387049,พิเศษ Clover plus Timemild 30 cs (ขวด) แถม Dary Vit B วิตามินบี 30 cs (ขวด),"Stress, Sleep, and Anxiety",279.0,฿100–299,62.0,False,True,14.0,17298.0,Bangkok,Greater Bangkok
3374404603,เอ็กซ์ 111 ตราหมอเส็ง (ปรับสมดุลภายในสตรี) 1แพคมี 10 ขวด/ สมุนไพร หมอเส็ง ว่านชักมดลูก ประจำเดือนมาไม่ปกติ ว่านชักมดลูกตราหมอเส็ง ว่าน111 X111,Well Being Gifts & Value Sets,320.0,฿300–499,375.0,False,True,82.0,120000.0,Yasothon,Other provinces
3379063999,KoKori NEPHRA WHEY Coffee Flavour  โปรตีนไข่ขาวรสกาแฟ  นมไข่ขาว นมไข่ขาวสำหรับผู้ป่วยโรคไต ทานเสริมโปรตีน ทานแทนไข่ขาว 1 ซองมีโปรตีนเท่ากับไข่ขาว 3ฟอง,Protein,509.0,฿500–999,838.0,False,True,186.0,426542.0,Samut Prakan,Greater Bangkok
3383753543,🥑น้ำมันอโวคาโดสกัดเย็น 🥥น้ำมันมะพร้าว ชาเขียว  Avocado mix,Fat Blockers & Burners,69.0,<฿100,3540.0,False,True,568.0,244260.0,Nonthaburi,Greater Bangkok
3385428353,Clover Plus VH Collagen Peptide Vitamin/ DB Collagen Peptide and Gluta/ VH  Collagen Peptide and Vitamin 1 ซอง 5.7 กรัม,Multivitamins,13.0,<฿100,100000.0,True,True,8665.0,1300000.0,Bangkok,Greater Bangkok
3386869514,Am pro Natural Protein Supplement ผลิตภัณฑ์เสริมอาหาร แอม โปร,Protein,560.0,฿500–999,343.0,False,True,25.0,192080.0,Surin,Other provinces
3397409490,🌸(รุ่นดั้งเดิม)🍎ผลิตภัณฑ์เสริมอาหารบาชิ  เม็ดสีทอง​ ของแท้​💯 บรรจุ40แคปซูล​ 🌸,Appetite Suppressant,115.0,฿100–299,3479.0,False,True,403.0,400085.0,Nonthaburi,Greater Bangkok
3405405975,💦ส่งฟรี ยาดมกิฟฟารีน ยาดมสมุนไพร ยาแผนโบราณ ยาสามัญประจำบ้าน ไพรธรรมชาติ บรรเทาอาการวิงเวียนศีรษะ,Food Supplement,40.0,<฿100,70.0,False,True,15.0,2800.0,Samut Prakan,Greater Bangkok
3408491925,ส่งด่วน/ iTEM pro (ไอเทมโปร) ผสมเครื่องดื่มได้ (1 กล่อง 4 แคปซูล),Men's Health,187.0,฿100–299,20.0,False,True,3.0,3740.0,Bangkok,Greater Bangkok
3412649938,Mercia S เมอเซียเอส ผลิตภัณฑ์เสริมอาหาร (10 แคปซูล x 1 ซอง),Appetite Suppressant,235.0,฿100–299,828.0,False,True,95.0,194580.0,Bangkok,Greater Bangkok
3414019600,‼️ขายดี‼️น้ำมันงาดำสกัดเย็น จากธรรมชาติ100% 30 แคปซูล  โปรแกนิค มีเซซามินสูง,Bone & Joint Support,98.0,<฿100,9572.0,False,True,1122.0,938056.0,Bangkok,Greater Bangkok
3416222287,Clover plus Z-ZAR อาหารเสริม สารสกัด จาก ตังถั่งเฉ้า แอล-อาร์จีนีน โสม กระชายดำ ใบแปะก๊วย หอยนางรม เห็ดหลินจือ ซิงค์  1 ขวด 30 แคปซูล,Sexual Health Vitamins,219.0,฿100–299,301.0,False,True,56.0,65919.0,Bangkok,Greater Bangkok
3416933869,น้ำมันกระเทียม สกัดเย็น Garlic pearls from India-100 pcs,Heart & Blood Pressure,85.0,<฿100,9999.0,True,True,3135.0,849915.0,Bangkok,Greater Bangkok
3432245801,(โปรสุดคุ้ม 3 กล่อง) กาแฟวันแฟน One Fan Coffee ของแท้100% รับประกันถูกที่สุด,Men's Health,807.0,฿500–999,220.0,False,True,24.0,177540.0,Bangkok,Greater Bangkok
3433991797,Add Prost แอดโพรสท์ อาหารเสริมต่อมลูกหมากโต อาหารเสริมต่อมลูกหมาก อาหารเสริมบํารุงต่อมลูกหมาก วิตามินต่อมลูกหมากโต 30 แคปซูล 2 กระปุก,Men's Health,1200.0,"฿1,000+",85.0,False,True,10.0,102000.0,Bangkok,Greater Bangkok
3451145186,BLAZO COFFEE  กาแฟ ตรา เบลโซ่ คอฟฟี่(29 IN 1) 1 ห่อบรรจุ 20 ซอง (น้ำหนักสุทธิ  340 กรัม),Slimming Beverages,189.0,฿100–299,9999.0,True,True,1103.0,1889811.0,Bangkok,Greater Bangkok
3451499993,สเปรย์ ตราตะขาบ 5ตัว,Food Supplement,90.0,<฿100,775.0,False,True,134.0,69750.0,Udon Thani,Other provinces
3452027373,โอวาโด น้ำมันอะโวคาโดสกัดเย็น สกัดจากอะโวคาโดสายพันธุ์แฮส ปลูกแบบออร์แกนิก OVADO 100% Premium Cold-Pressed Avocado Oil Softgel 30 Vegan Softgel,Well Being Gifts & Value Sets,600.0,฿500–999,51.0,False,True,12.0,30600.0,Bangkok,Greater Bangkok
3452091434,ราคาต่อกล่อง W COLLAGEN ดับเบิ้ลยู คอลลาเจน BY WINK WHITE 1 กล่อง 7 ซอง,Skin Nourishment,220.0,฿100–299,9.0,False,True,1.0,1980.0,Bangkok,Greater Bangkok
3454283684,"Royal-D Energy Gel รอแยล-ดี เอนเนอจี้ เจล รสส้ม, องุ่น, โกโก้, กาแฟ 40 กรัม บรรจุ 10 ซอง [1 กล่อง] เจลให้พลังงาน สำหรับนักกีฬา",Pre-Workout,330.0,฿300–499,49.0,False,True,4.0,16170.0,Bangkok,Greater Bangkok
3459718077,❤️❤️แถมดีท็อก(ขนาดทดลอง)❤️❤️ผลิตภัณฑ์เสริมอาหาร คอร์เซ่บายเฮิร์บ Korse By Herb แพ็คเกจใหม่ #สูตรสีทอง สายดื้อสายกินเก่งแนะนำตัวนี้มี 15เม็ด,Fat Blockers & Burners,49.0,<฿100,4432.0,False,True,383.0,217168.0,Sakon Nakhon,Other provinces
3463555522,"TopLux Nutrition, Magnesium Glycinate Complex 525 mg. 90 แคปซูล125% DV การดูดซึมสูง ให้นอนหลับสนิท ส่งเสริมสุขภาพหัวใจและหลอดเลือด(สินค้าขายดี USA)",Bone & Joint Support,750.0,฿500–999,563.0,False,True,35.0,422250.0,Nonthaburi,Greater Bangkok
3466487044,กาแฟเฉลิมพล/1กล่อง,Slimming Beverages,300.0,฿300–499,225.0,False,True,21.0,67500.0,Bangkok,Greater Bangkok
3473033062,HandyHerb EnerG เอนเนอร์จี้ช็อต วิตามินช่วยให้ตื่น รสเลมอน อร่อย สดชื่น ตัวช่วยจำ สำหรับช่วงสอบ,Brain & Memory,108.0,฿100–299,2560.0,False,True,382.0,276480.0,Nonthaburi,Greater Bangkok
3474138633,DBM ผลิตภัณฑ์เสริมอาหาร ดีบีเอ็ม สำหรับท่านชาย บรรจุ 10 แคปซูล 2 กล่อง,Sexual Health Vitamins,315.0,฿300–499,560.0,False,True,103.0,176400.0,Bangkok,Greater Bangkok
3474625996,[ แท้100% มีรหัสตัวแทน ] มัลติวิตามิน พลัส วิตามินเพิ่มน้ำหนัก - Multivitamin plus สูตรใหม่!! ไม่ง่วงนอน อาหารเสริม เพิ่มน้ำหนัก ไม่ใช่ยา ปลอดภัย100%,Mass Gainer,650.0,฿500–999,246.0,False,True,38.0,159900.0,Bangkok,Greater Bangkok
3477245481,🔥ของแท้100% 1 กระปุก🔥 โฉมใหม่ MADAM HOI PLUS+ มาดามหอย พลัส 30 แคปซูล มาดามหอยplus มาดามหอยฟิต มาดามหอย พลัส madamhoi plus,Women's Health,250.0,฿100–299,35.0,False,True,2.0,8750.0,Rayong,Other provinces
3480179637,โฉมใหม่My Bio Cocoa มายไบโอโกโก้ มายด์ไบโอ โกโก้มิกซ์ ( 1กล่อง ),Appetite Suppressant,132.0,฿100–299,2628.0,False,True,356.0,346896.0,Bangkok,Greater Bangkok
3482257948,ม้าม่วง​ คุมหิว​ ไม่ต้องอดอาหาร​ ไม่โทรม​แพ็คเกจใหม่,Appetite Suppressant,335.0,฿300–499,344.0,False,True,62.0,115240.0,Phra Nakhon Si Ayutthaya,Other provinces
3483869110,โปร 2 แถม 1 กาแฟยายณีสวีเดน ยายณี ยายณีสวีเดน หนูนาสวีเดน Noonasweden (กาแฟ 3 ห่อ ),Slimming Beverages,420.0,฿300–499,2024.0,False,True,281.0,850080.0,Bangkok,Greater Bangkok
3501245483,🔥Jessie Mum เจสซี่ มัม ขนาดทดลอง 5 เม็ด พร้อมส่ง *เพิ่มน้ำนม กระตุ้นน้ำนม สมุนไพรสำหรับคุณแม่หลังคลอด ผลิตจากธรรมชาติ,Pregnancy Care,360.0,฿300–499,11.0,False,True,2.0,3960.0,Bangkok,Greater Bangkok
3506720651,Mutant Mass Muscle Weight Gainer - 5 LB เวย์โปรตีนเพิ่มน้ำหนัก เพิ่มกล้ามเนื้อ,Mass Gainer,1299.0,"฿1,000+",359.0,False,True,82.0,466341.0,Chiang Rai,Other provinces
3508140629,Medileen Veronika Plus,Beauty Supplements Value Sets,1950.0,"฿1,000+",399.0,False,True,62.0,778050.0,Bangkok,Greater Bangkok
3510583095,กลูต้าL-Gluta Armoni Plus,Beauty Supplements Value Sets,125.0,฿100–299,1891.0,False,True,292.0,236375.0,Bangkok,Greater Bangkok
3513607966,Nuriv Livital  ลิไวทอล 30 แคปซูล สมุนไพรสกัด บำรุงตับ สูตรเข้มข้น 8 สมุนไพร + 4 วิตามิน,Detoxification,200.0,฿100–299,7837.0,False,True,1472.0,1567400.0,Bangkok,Greater Bangkok
3514202006,ลูกซัดผสมขิง แพ็คคู่ เพิ่มน้ำนม กู้น้ำนม ‼️ (รับประทานได้ 1 เดือน),Pregnancy Care,185.0,฿100–299,344.0,False,True,80.0,63640.0,Chiang Mai,Other provinces
3516956448,Soy Protein Isolate 2.2 lbs ซอยโปรตีนไอโซเลท ขนาด 1000 กรัม ลีน ฟิต กล้ามเนื้อ อิ่มท้อง เวย์โปรตีนถั่วเหลือง,Protein,199.0,฿100–299,6934.0,False,True,1470.0,1379866.0,Nonthaburi,Greater Bangkok
3517298145,Soy Protein Isolate 2.2 lbs Set2ถุง ซอยโปรตีนไอโซเลท ขนาด 1000 กรัม ลีน ฟิต กล้ามเนื้อ อิ่มท้อง เวย์โปรตีนถั่วเหลือง,Mass Gainer,445.0,฿300–499,1088.0,False,True,297.0,484160.0,Nonthaburi,Greater Bangkok
3522841821,สมุนไพรพลอยบุหลัน สูตรหญ้าหวาน สุดคุ้ม‼️แพค2ห่อ Ploy bulan,Slimming Beverages,259.0,฿100–299,355.0,False,True,49.0,91945.0,Nakhon Ratchasima,Other provinces
3527190919,มาฟินเซ่ เลดี้พลัส MAFINZE Lady Plus กล่องสีแดง (1 กล่อง10 เม็ด),Breast Enlargement,73.0,<฿100,1871.0,False,True,154.0,136583.0,Bangkok,Greater Bangkok
3527770453,สมุนไพรบำรุงสายตา 60 แคปซูล ตาล้า ต้อตา แพ้แสง ตาแห้ง ตราคเณศ เบญจภิรมย์,Food Supplement,140.0,฿100–299,65.0,False,True,10.0,9100.0,Pathum Thani,Greater Bangkok
3537942645,MEGA Evening Primrose Oil อีฟนิ่งพริมโรส ลดอาการปจด บำรุงผิวให้ชุ่มชื้น,Women's Health,139.0,฿100–299,216.0,False,True,73.0,30024.0,Bangkok,Greater Bangkok
3561632761,DS ดีเอส (D-ONEแพคเกจใหม่) ผลิตภัณฑ์เสริมอาหาร,Appetite Suppressant,175.0,฿100–299,1382.0,False,True,72.0,241850.0,Bangkok,Greater Bangkok
3563661179,ดีเอส แพ็คเกจใหม่แทนดีวัน 2 กล่อง พร้อมส่ง,Appetite Suppressant,359.0,฿300–499,266.0,False,True,61.0,95494.0,Lopburi,Other provinces
3573080150,Lina Green Spirulina 200mg 400tab ลินากรีน สาหร่ายสไปรูลินา ผิวสวย หน้าใส สุขภาพดี สร้างภูมิคุ้มกันร่างกาย,Immunity,109.0,฿100–299,110.0,False,True,22.0,11990.0,Bangkok,Greater Bangkok
3587027227,คอลลาเจน ผัก Veggie Collagen Powder คอลลาเจนผัก ผิวสวย คุมหิว อิ่มนาน บรรจุ 200 กรัม,Whitening,148.0,฿100–299,7060.0,False,True,962.0,1044880.0,Bangkok,Greater Bangkok
3599419621,DS ดีเอส แพ็คเกจใหม่ 1กล่อง มี10แคปซูล พร้อมส่ง,Appetite Suppressant,180.0,฿100–299,877.0,False,True,135.0,157860.0,Lopburi,Other provinces
3609644174,MAXWELL Whey protein isolate 100% แมกซ๋เวล เวย์โปรตีน ไอโซเลท แท้ 100% ไม่ผสมถั่วเหลือง ทานง่าย เสริมสร้างกล้ามเนื้อ,Protein,989.0,฿500–999,130.0,False,True,21.0,128570.0,Nakhon Ratchasima,Other provinces
3612141585,( 10ซอง แท้💯% ) สมุนไพรว่านเสน่ห์หา ตราบ้านแก้ว ใส เฮิร์บ ( แพ็คแกจใหม่ ) บรรจุ 10 แคปซูล,Women's Health,110.0,฿100–299,217.0,False,True,31.0,23870.0,Bangkok,Greater Bangkok
3612194658,( จำนวน 10 ชอง ) สมุนไพรว่านเสน่ห์หา ตราบ้านแก้ว ใส เฮิร์บ ( แพ็คแกจใหม่ ) บรรจุ 10 แคปซูล,Women's Health,110.0,฿100–299,48.0,False,True,8.0,5280.0,Bangkok,Greater Bangkok
3614809461,อาหารเสริมสำหรับผู้ชาย NEW AMIGO x2 อมิโกสูตรใหม่ ตัวใหม่ ดีกว่าเดิม2 เท่า สั่ง 2แถม1 อาหารเสริมชาย ของแท้ ส่งเร็ว ส่งทุกวัน,Sexual Health Vitamins,1580.0,"฿1,000+",5.0,False,True,,7900.0,Bangkok,Greater Bangkok
3637567155,RUXIUM รูเซี่ยม UC-II อาหารเสริมกระดูก แคลเซียมกระดูก อาหารเสริมเข่า สำหรับผู้ที่ปวดเข่า ปวดข้อ ปวดหลัง ปวดคอ เรื่องกระดูก ไขข้อ 1 กล่อง,Bone & Joint Support,390.0,฿300–499,1059.0,False,True,188.0,413010.0,Bangkok,Greater Bangkok
3642148788,( จำนวน 10 ซอง 110 บาท ) X Boom เอ็กซ์บูม สมุนไพร 🍃X Boom ผลิตภัณฑ์เสริมอาหาร เอ็กซ์บูม สมุนไพรสำหรับผู้หญิง,Breast Enlargement,125.0,฿100–299,,False,False,,,Bangkok,Greater Bangkok
3655851413,เอ็นโด ENDO กระปุกละ10แคปซูล ผลิตภัณฑ์สำหรับผู้ชาย รับประกันความพอใจ,Men's Health,480.0,฿300–499,119.0,False,True,14.0,57120.0,Suphan Buri,Other provinces
3674248670,💪ขนมโปรตีนสูง👍ลาบาลานซ์ LaBalance Protein Snack [ขนมเกาหลี โปรตีนพืช ลดน้ำหนัก ขนมคลีน ขนมเพื่อสุขภาพ โปรตีนแสน็ค Plant-Based],Nutritional Foods & Drinks,99.0,<฿100,117.0,False,True,15.0,11583.0,Pathum Thani,Greater Bangkok
3681027628,กลูต้า วิตามิน Oาโมนิ,Skin Nourishment,125.0,฿100–299,613.0,False,True,106.0,76625.0,Bangkok,Greater Bangkok
3690906902,[HappyHerb] L-ZE PLUS แอลซีพลัส สมุนไพรเห็ดหลินจือ อาหารเสริมบำรุงสุขภาพ องค์รวม โปร 2 กระปุก,Immunity,990.0,฿500–999,33.0,False,True,8.0,32670.0,Nonthaburi,Greater Bangkok
3693531282,🍬ขนมโปรตีนสูง🍬ลาบาลานซ์ รสคาราเมล LaBalance Protein Snack Caramel [ขนมเกาหลี โปรตีนพืช ไฟเบอร์ ลดพุง ลดน้ำหนัก คุมหิว โปรตีนแสน็ค Plant-Based],Meal Replacement,99.0,<฿100,20.0,False,True,3.0,1980.0,Pathum Thani,Greater Bangkok
3706416981,D Aora Detox ดีออร่าดีท็อกซ์ ล้างสารพิษ ( 100 เม็ด),Detoxification,119.0,฿100–299,265.0,False,True,44.0,31535.0,Bangkok,Greater Bangkok
3716199085,(ส่งฟรี) ดีคอนแทค เอ็กซ์ 1กล่อง ของแท้ลบคิวอาร์โค๊ช กดติดตามร้านค้ามีส่วนลดและรับของแถมฟรี สอบถามเพิ่มเติมได้ที่แชทได้ตลอดค่ะ,Well Being Gifts & Value Sets,921.0,฿500–999,2551.0,False,True,492.0,2349471.0,Buri Ram,Other provinces
3717223822,ZOM DT ส้มดีที น้องใหม่ล่าสุด จากแบรนด์ คอลลาริช( ซื้อ1แถม1),Fat Blockers & Burners,159.0,฿100–299,456.0,False,True,44.0,72504.0,Bangkok,Greater Bangkok
3737406151,ABBIE (แอ๊บบี้) วิตตามิน นอนหลับสนิท ไม่อ่อนเพลีย ปวดหัว อารมณ์แปรปรวน ซึมเศร้า  เครียด ส่งฟรีของแท้  มีบริการเก็บเงินปลายทาง,"Stress, Sleep, and Anxiety",590.0,฿500–999,,False,False,,,Chonburi,Other provinces
3738110812,วิตามินเด็ก อาหารเสริมเด็ก ชนิดเม็ดเคี้ยวผักและผลไม้ ไฟโตคิตส์ กิฟฟารีน อุดมไปด้วยผักและผลไม้มากกว่า 10 ชนิด กากใยและไฟเบอร์ สูง,Multivitamins,180.0,฿100–299,11.0,False,True,4.0,1980.0,Nakhon Pathom,Greater Bangkok
3752764402,JOJU Collagen แท้ 100% (1 กระปุก/ 30 เม็ด) โจจู คอลลาเจน ช่วยแก้ปัญหา สิว ผิวหมองคล้ำ จุดด่างดำ,Skin Nourishment,172.0,฿100–299,826.0,False,True,83.0,142072.0,Bangkok,Greater Bangkok
3755019848,ส่งฟรี X6 Plus Hard Iron + X6 V Plus อาหารเสริมผู้ชาย+หญิง ไม่ระบุชื่อหน้ากล่อง,Sexual Health Vitamins,290.0,฿100–299,15.0,False,True,2.0,4350.0,Samut Sakhon,Greater Bangkok
3760001484,ของแท้ 100% ผลิตภัณฑ์เสริมอาหาร เม็ดขาวชมพู สูตรดั่งเดิม ขนาด40แคปซูล ควิกสลิม ลดน้ำหนักแคปซูล,Appetite Suppressant,124.0,฿100–299,494.0,False,True,70.0,61256.0,Pattani,Other provinces
3769830406,MATELL Plant-Based Protein Isolate แพลนต์เบสด์ ไอโซเลท โปรตีนพืช 7 ชนิด Non Whey เวย์ 908g,Protein,449.0,฿300–499,9999.0,True,True,6282.0,4489551.0,Khon Kaen,Other provinces
3774877557,CELLUCOR C4 ORIGINAL Pre-Workout 60 Serving เพิ่มแรง เพิ่มพลัง ก่อนออกกำลังกาย,Pre-Workout,1690.0,"฿1,000+",224.0,False,True,31.0,378560.0,Chiang Rai,Other provinces
3788735656,แถมงาดำคั่วบด เลือกรสได้‼️Protein Fertyครูก้อย โปรตีน เฟอร์ตี้ครูก้อย ช่วยเพิ่มโอกาส Ferty protein โปรตีนครูก้อย,Pregnancy Care,730.0,฿500–999,523.0,False,True,78.0,381790.0,Nonthaburi,Greater Bangkok
3791994301,กาแฟ Zhulian Coffee Plus กาแฟซูเลียน คอฟฟี่ พลัส  **ตัดโค้ด,Nutritional Foods & Drinks,489.0,฿300–499,2041.0,False,True,357.0,998049.0,Pathum Thani,Greater Bangkok
3796469552,ไมย่าMiyaสูตรใหม่‼️เอมิย่ากลูต้าAmiya gluta วิตามินบำรุงผิวกระจ่างใส อาหารเสริมคอลลาเจนบำรุงผิว,Whitening,145.0,฿100–299,90.0,False,True,9.0,13050.0,Nakhon Sawan,Other provinces
3814149251,ราคาต่อชิ้น  Armoni magnight อาโมนิแม็กไนท์ อาโมนิช่วยให้นอนหลับ   ผลิตภัณฑ์เสริมอาหาร ชนิดเม็ด 1 กระปุก มี 30 เม็ด,"Stress, Sleep, and Anxiety",145.0,฿100–299,,False,False,,,Bangkok,Greater Bangkok
3814312439,ดีแคร์ D-CARE 2 กก.อาหารทางการแพทย์สูตรครบถ้วนผู้เป็นเบาหวาน #ของใหม่ #พร้อมส่ง #ไม่ค้างสต็อก,Nutritional Foods & Drinks,919.0,฿500–999,89.0,False,True,13.0,81791.0,Pathum Thani,Greater Bangkok
3825719118,รุ่นใหม่! ชามาลีแบบผง ชนิด ชง ชาสมุนไพร ชนิดชงดื่ม (1ซอง ),Slimming Beverages,128.0,฿100–299,6125.0,False,True,875.0,784000.0,Bangkok,Greater Bangkok
3825738694,[ส่งฟรี! พร้อมส่ง] GP Gluta Plus กลูต้าพลัส  สารสกัดจากส้มแดง  1 แถม 1 (120 แคปซูล),Whitening,309.0,฿300–499,489.0,False,True,136.0,151101.0,Saraburi,Other provinces
3826049902,PM Bacopa Monnieri Extract สารสกัดจากต้นพรมมิ 1 แถม 1 (120 แคปซูล),Brain & Memory,339.0,฿300–499,482.0,False,True,106.0,163398.0,Saraburi,Other provinces
3829458895,(รุ่นดั้งเดิม)🍎ผลิตภัณฑ์เสริมอาหารบาชิ ฺBaschi เม็ดสีทอง 40 แคปซูล ผลิตภัณฑ์เสริมอาหารควบคุมน้ำหนัก,Fat Blockers & Burners,125.0,฿100–299,385.0,False,True,30.0,48125.0,Nonthaburi,Greater Bangkok
3829470824,ของแท้ 100%  ลิด้าซอฟเจล ลิด้า  Lida softgel  บรรจุ 36 เม็ด แพคเกจใหม่ล่าสุด ลิด้า,Fat Blockers & Burners,135.0,฿100–299,955.0,False,True,92.0,128925.0,Nonthaburi,Greater Bangkok
3829534309,สุขภาพดี ผลิตภัณฑ์เพื่อสุขภาพ ✰Liso 🔥ลิโซ่สูตรดั่งเดิมขวดเขียวใส ลิโซ่❁,Fat Blockers & Burners,115.0,฿100–299,1800.0,False,True,222.0,207000.0,Nonthaburi,Greater Bangkok
3829534311,(รุ่นดั้งเดิม)วันเดย์ไดเอท ONE DAY DIET อาหารเสริมควบคุมน้ำหนัก ไม่มีกล่องนะคะ,Fat Blockers & Burners,145.0,฿100–299,584.0,False,True,79.0,84680.0,Nonthaburi,Greater Bangkok
3829538279,🧡ส่งด่วน | บาชิ แคปซูล ส้มเทา (สูตรใหม่แบบขวด) อาหารเสริมควบคุมน้ำหนัก  30 แคปซูล🧡,Fat Blockers & Burners,60.0,<฿100,667.0,False,True,105.0,40020.0,Nonthaburi,Greater Bangkok
3837126551,mamarine bioป้องกันหวัด ภูมิแพ้เสริมวิตามินซี,Immunity,235.0,฿100–299,911.0,False,True,119.0,214085.0,Pathum Thani,Greater Bangkok
3837364213,อาหารเสริม iTEM pro (ไอเทมโปร) / 1 กล่อง 4 แคปซูล,Sexual Health Vitamins,187.0,฿100–299,42.0,False,True,8.0,7854.0,Bangkok,Greater Bangkok
3839208742,Bewel Salmon Fish Oil 1000 mg Plus vitamin E (30 และ 70 Capsule) น้ำมันปลา 1000 มก สมอง ไขมัน ข้อเข่า ขนาด 70 แคปซูล,Brain & Memory,69.0,<฿100,3343.0,False,True,650.0,230667.0,Bangkok,Greater Bangkok
3861950307,D-ONE ดีวัน อาหารเสริมลดน้ำหนัก ของแท้100%,Men's Health,185.0,฿100–299,377.0,False,True,46.0,69745.0,Bangkok,Greater Bangkok
3862540458,[1กระปุก] Shining Armoni Magnight ชายนิ่ง อาโมนิ แม็กไนท์ วิตามินหลับสบาย วิตามินนอนหลับ หลับสนิท ลดความเครียด 30เม็ด,"Stress, Sleep, and Anxiety",550.0,฿500–999,171.0,False,True,51.0,94050.0,Chiang Mai,Other provinces
3867883569,Nepro HP เนบโปร เอชพี ชนิดน้ำ อาหารสูตรครบถ้วนสำหรับผู้ป่วยล้างไต 237 มล. [12 กระป๋อง],Nutritional Foods & Drinks,1429.0,"฿1,000+",293.0,False,True,41.0,418697.0,Pathum Thani,Greater Bangkok
3867995988,มอลโทเดกซ์ทริน (maltodextrin) ทดแทนมื้ออาหาร เพิ่มกล้ามเนื้อ,Meal Replacement,56.0,<฿100,,False,False,2.0,,Samut Prakan,Greater Bangkok
3868100363,ALUZO เอลูซโซ น้ำมัน 5 สหาย อาหารเสริมดูแลสุขภาพ (1 กล่อง),Well Being Gifts & Value Sets,499.0,฿300–499,50.0,False,True,3.0,24950.0,Pathum Thani,Greater Bangkok
3868897673,มะรุม มะรุมกิฟฟารีน มะรุมแคปซูล มะรุมสกัด มะรุมซี กิฟฟารีน Marum-C Giffarine ผลิตภัณฑ์เสริมอาหารใบมะรุมผสมวิตามินซี,Well Being Gifts & Value Sets,200.0,฿100–299,498.0,False,True,71.0,99600.0,Chiang Mai,Other provinces
3873048430,♦️( แถมฟรีสินค้าทานคู่กัน  ) ♦️คอร์เซ่ Korse  / vip s วีไอพีเอส อาหารเสริมควบคุมน้ำหนัก กล่องซีล  ตัวใหม่,Fat Blockers & Burners,83.0,<฿100,9999.0,True,True,856.0,829917.0,Nonthaburi,Greater Bangkok
3877282344,[1 แถม 1] เวนิสต้า  Venista Detox อาหารเสริม,Detoxification,99.0,<฿100,148.0,False,True,16.0,14652.0,Bangkok,Greater Bangkok
3879541784,กระชายดำ กระชายดำสกัดเย็น สุดยอดสมุนไพร กระชายดำสกัดเย็น 450 มิลลิกรัม 60 แคปซูล มี อย.Black  Ginger Cold-pressed 450 mg.60 Capsules,Men's Health,520.0,฿500–999,,False,False,,,Lamphun,Other provinces
3880246016,โฉมใหม่💚 ปลอมคืนเงิน💚 มาดามคอร์ดี้พลัส MADAM CORDY+ของแท้ 100%โดยตัวแทนจำหน่าย 8lfj ราคาถูก,Women's Health,238.0,฿100–299,13.0,False,True,,3094.0,Rayong,Other provinces
3882710503,น้ำมันอะโวคาโด avocado mix,Well Being Gifts & Value Sets,62.0,<฿100,299.0,False,True,35.0,18538.0,Bangkok,Greater Bangkok
3884597719,Nepro HP Vanilla เนบโปร เอชพี ชนิดน้ำ ขนาด237ml (5แถม1) กลิ่นวนิลลา,Immunity,729.0,฿500–999,120.0,False,True,14.0,87480.0,Pathum Thani,Greater Bangkok
3893531481,Cerebrite 30 tab เซเรไบร์ท 30 เม็ด ใบแป๊ะก๊วยสกัด+โสมสกัด+น้ำมันปลา+เลซิติน  {9505},Brain & Memory,288.0,฿100–299,58.0,False,True,5.0,16704.0,Phitsanulok,Other provinces
3895980993,Brand’s แบรนด์ ซุปไก่สกัด สูตรต้นตำรับ 70 มล.x15 ขวด รุ่นบริโภคก่อน 04/2026,Nutritional Foods & Drinks,689.0,฿500–999,62.0,False,True,13.0,42718.0,Bangkok,Greater Bangkok
3899734961,พิเศษ 3 ซอง อรินคอลลาเจนญี่ปุ่นแท้ (100 กรัม จำนวน 3 ซอง) Arin Collagen(คอลลาเจนเปปไทด์),Hair & Nail,259.0,฿100–299,14.0,False,True,1.0,3626.0,Bangkok,Greater Bangkok
3900922101,100 กรัม จำนวน 3 ซอง อรินคอลลาเจนญี่ปุ่นแท้ Arin Collagen(คอลลาเจนเปปไทด์),Hair & Nail,259.0,฿100–299,37.0,False,True,11.0,9583.0,Bangkok,Greater Bangkok
3900975784,100 กรัม จำนวน 2 ซอง อรินคอลลาเจนญี่ปุ่นแท้  Arin Collagen(คอลลาเจนเปปไทด์),Hair & Nail,175.0,฿100–299,558.0,False,True,161.0,97650.0,Bangkok,Greater Bangkok
3900976458,"พิเศษ 10 กล่อง วิตามินซี C Vit C 100,000 mg.",Skin Nourishment,555.0,฿500–999,36.0,False,True,6.0,19980.0,Bangkok,Greater Bangkok
3901032308,100 กรัม จำนวน 5 ซองอรินคอลลาเจนญี่ปุ่นแท้  Arin Collagen(คอลลาเจนเปปไทด์),Hair & Nail,440.0,฿300–499,173.0,False,True,55.0,76120.0,Bangkok,Greater Bangkok
3903148656,มะระขี้นกแคปซูล 100 แคปซูล ผลิตภัณฑ์เสริมอาหาร ตรา นาคญา,Herbs & Traditional Medicine,63.0,<฿100,9999.0,True,True,3065.0,629937.0,Nonthaburi,Greater Bangkok
3903173853,กล้วยดิบแคปซูล 100 แคปซูล ตรา นาคญา 69 บาท,Herbs & Traditional Medicine,63.0,<฿100,2223.0,False,True,401.0,140049.0,Nonthaburi,Greater Bangkok
3903910125,MATELL Pea Protein Isolate พี โปรตีน ไอโซเลท Plant-based โปรตีนถั่วลันเตา Non Whey,Protein,199.0,฿100–299,9999.0,True,True,2144.0,1989801.0,Khon Kaen,Other provinces
3904442454,MATELL Plant-Based Protein Isolate แพลนต์เบสด์ ไอโซเลท Non Whey โปรตีนพืช Plant-based แถม แก้วเชค สุ่มสี Shaker 500 ml,Protein,489.0,฿300–499,3916.0,False,True,749.0,1914924.0,Khon Kaen,Other provinces
3904481676,MATELL SOY PROTEIN GAINER 2Lb เวย์ ซอย โปรตีน 908 กรัม ถั่วเหลือง เพิ่มน้ำหนัก แถม แก้วเชค สุ่มสี Shaker 500 ml,Mass Gainer,289.0,฿100–299,1492.0,False,True,277.0,431188.0,Khon Kaen,Other provinces
3904486487,MATELL Pea Protein Isolate พี โปรตีน ไอโซเลท ถั่วลันเตา Non Whey โปรตีนพืช Plantbased แถม แก้วเชค สุ่มสี Shaker 500 ml,Protein,239.0,฿100–299,614.0,False,True,142.0,146746.0,Khon Kaen,Other provinces
3913438193,MEGA Zemax SX (ซีแมกซ์),Men's Health,335.0,฿300–499,115.0,False,True,22.0,38525.0,Bangkok,Greater Bangkok
3922285762,"Natural Factors, Lactase Enzyme, 9,000 FCC ALU, 60 Capsules",Digestive Care,650.0,฿500–999,278.0,False,True,27.0,180700.0,Bangkok,Greater Bangkok
3925256289,RealElixir Abalone Collagen Advance 100 กรัม อาบาโลน คอลลาเจน เปปไทด์ แอดวานซ์,Hair & Nail,650.0,฿500–999,,False,False,,,Samut Prakan,Greater Bangkok
3930251801,ชเวนปรัสยี่ห้อดาร์เบอร์ 1กก. แยมมะขามป้อม,Protein,299.0,฿100–299,11.0,False,True,3.0,3289.0,Amnat Charoen,Other provinces
3936212011,Og Ogain Protein Isolate Multivitamin & Fiber Organic โปรตีน โปรตีนพืช โปรตีนจากพืช โปรตีนสูง โปรตีนทดแทนมื้ออาหาร 600g. 1 ถุง,Protein,790.0,฿500–999,6.0,False,True,1.0,4740.0,Bangkok,Greater Bangkok
3937187488,1 กล่อง 🌟ของแท้🌟 พร้อมส่ง ว่านร้อยชัย ว่านร้อยชาย-วิตามินเสริมเสน่ห์ นมใหญ่ เต่งตึง คัดเต้า หลีฟิต กระชับ ปรับฮอร์โมนจากภายในสู่ภายนอก,Women's Health,129.0,฿100–299,2855.0,False,True,396.0,368295.0,Khon Kaen,Other provinces
3944761088,อีฟซี่มิกซ์ออย evezymixedoil บำรุงผู้หญิง,"Stress, Sleep, and Anxiety",390.0,฿300–499,30.0,False,True,7.0,11700.0,Surat Thani,Other provinces
3947278854,mamarine Pure Colla 100 g. มามารีน คอลลาเจนบริสุทธิ์,Multivitamins,200.0,฿100–299,445.0,False,True,47.0,89000.0,Samut Prakan,Greater Bangkok
3948381252,เจสซี่ เอ็ม (5แคปซูล),Pregnancy Care,180.0,฿100–299,20.0,False,True,4.0,3600.0,Chonburi,Other provinces
3969855318,Himalaya party smart สมุนไพรเเก้เเฮงค์,Detoxification,260.0,฿100–299,125.0,False,True,7.0,32500.0,Bangkok,Greater Bangkok
3976864321,🔴ส่งสินค้าทุกวันไม่หยุด🔴บำรุงน้ำนม🤱เซ็ททดลอง 6 ขวด ด้วยน้ำอินทผลัมตรามุมิน บำรุงร่างกาย เพิ่มน้ำนม กู้น้ำนม ฟื้นฟูร่างกายคุณแม่หลังคลอด,Pregnancy Care,189.0,฿100–299,885.0,False,True,173.0,167265.0,Bangkok,Greater Bangkok
3976949122,🔴ส่งสินค้าทุกวันไม่หยุด🔴บำรุงน้ำนม  🤱 สุดคุ้ม!! 1 ลัง 24 ขวด น้ำอินทผลัมตรามุมิน  บำรุงน้ำนม กู้น้ำนม ฟื้นฟูร่างกายคุณแม่หลังคลอดบุตร,Pregnancy Care,729.0,฿500–999,821.0,False,True,231.0,598509.0,Bangkok,Greater Bangkok
3988136651,🇺🇸ของแท้100% พร้อมส่ง Natural Factors Bromelain 500mg pineapple enzyme 90 capsules,Immunity,689.0,฿500–999,55.0,False,True,4.0,37895.0,Lamphun,Other provinces
3988400843,nature made Prenatal Multi+DHA 200mg 165 Softgels,Pregnancy Care,1199.0,"฿1,000+",31.0,False,True,5.0,37169.0,Bangkok,Greater Bangkok
3994001678,"ผลิตภัณฑ์เสริมอาหาร ครีเอทีน โมโนไฮเดรต Creatine Monohydrate (ตราวิษามิน) 100% ปริมาณ 1,110  mg./แคปซูล ขนาด 1 กระปุก บรรจุ 30 แคปซูล",Pre-Workout,195.0,฿100–299,80.0,False,True,10.0,15600.0,Bangkok,Greater Bangkok
3994017797,"ผลิตภัณฑ์เสริมอาหาร BCAA (บีซีเอเอ) กรดอะมิโนสายโซ่กิ่ง 1,110 มิลลิกรัม/แคปซูล สำหรับผู้ออกกำลังกาย (ตราวิษามิน) ขนาด 1 ขวด บรรจุ 30 แคปซูล",Pre-Workout,198.0,฿100–299,111.0,False,True,18.0,21978.0,Bangkok,Greater Bangkok
3994133915,ผลิตภัณฑ์เสริมอาหาร (PRE BIO พรีไบโอ วีมิน) ไบโอ WEMIN BIO (ตราวิษามิน) ขนาด 1 ห่อใหญ่ (ปริมาณ 60 ซอง ×5 กรัม) รวม 300 กรัม,Digestive Care,159.0,฿100–299,114.0,False,True,29.0,18126.0,Bangkok,Greater Bangkok
3995294708,"ผลิตภัณฑ์เสริมอาหาร แอล-กลูตามีน (L-Glutamine 100%) ปริมาณ 1,110 mg./แคปซูล (ตราวิษามิน) ขนาด 1 กระปุก บรรจุ 30 แคปซูล",Pre-Workout,195.0,฿100–299,284.0,False,True,51.0,55380.0,Bangkok,Greater Bangkok
3995363979,"ผลิตภัณฑ์เสริมอาหาร BCAA (บีซีเอเอ) 1,110 มิลลิกรัม/แคปซูล กรดอะมิโนสายโซ่กิ่ง สำหรับผู้ออกกำลังกาย (ตราวิษามิน) ขนาด 1 ขวด บรรจุ 30 แคปซูล",Pre-Workout,198.0,฿100–299,973.0,False,True,217.0,192654.0,Bangkok,Greater Bangkok
3995376698,"ผลิตภัณฑ์เสริมอาหาร ครีเอทีน โมโนไฮเดรต Creatine Monohydrate 100% (ตราวิษามิน) ปริมาณ 1,110  mg./แคปซูล ขนาด 1 กระปุก บรรจุ 30 แคปซูล",Pre-Workout,195.0,฿100–299,1577.0,False,True,233.0,307515.0,Bangkok,Greater Bangkok
4006251495,มะโฮ(โปร 5 ซอง 400฿)เบต้ากลูแคน 🎈ของแท้ 100% นำเข้าจากญี่ปุ่น(พร้อมส่ง),Immunity,395.0,฿300–499,519.0,False,True,103.0,205005.0,Bangkok,Greater Bangkok
4007125888,💥Lotใหม่💥Amsel Calcium L-Threonate+Collagen Type II แอมเซล แคลเซียม แอล-ทริโอเนต พลัส คอลลาเจนไทพ์ ทู (60 แคปซูล),Bone & Joint Support,297.0,฿100–299,32.0,False,True,3.0,9504.0,Phatthalung,Other provinces
4008040880,Twitamins Hair Vitamins วิตามิน บำรุงเส้นผม - ช่วยทำให้ผมยาวสลวย บำรุงผมแห้งเสีย- ขวดสีฟ้า-จำนวน 60 เม็ด,Hair & Nail,120.0,฿100–299,3655.0,False,True,209.0,438600.0,Bangkok,Greater Bangkok
4008167260,เคอร์วิค KER-VIX สมุนไพรชนิดแคปซูล 1กล่องบรรจุ 50 แคปซูล,Well Being Gifts & Value Sets,659.0,฿500–999,10.0,False,True,1.0,6590.0,Phetchabun,Other provinces
4014108936,พิเศษ 1 ซอง 50 กรัม อรินคอลลาเจนญี่ปุ่นแท้) Arin Collagen(คอลลาเจนเปปไทด์),Hair & Nail,55.0,<฿100,36.0,False,True,7.0,1980.0,Bangkok,Greater Bangkok
4017824126,DHC Biotin ไบโอติน 500mg ชนิดละลายช้า บำรุงเส้นผม บำรุงเล็บ สำหรับ 60 วัน,Hair & Nail,229.0,฿100–299,100.0,False,True,26.0,22900.0,Bangkok,Greater Bangkok
4019003685,โปรโมชั่น 5 กล่อง SOM CMAX เอสโอเอ็ม ซีแมคซ์ กาแฟ 5 กล่อง,Food Supplement,748.0,฿500–999,154.0,False,True,23.0,115192.0,Bangkok,Greater Bangkok
4021101912,กาแฟแฮปปี้ HAPPY COFFY  ของแท้100% กาแฟดีสำหรับท่านชาย สูตรเข้มข้น1 กล่อง มี 10 ซอง สินค้าพร้อมจัดส่ง,Men's Health,238.0,฿100–299,773.0,False,True,76.0,183974.0,Udon Thani,Other provinces
4021538780,ไวต้า กิฟฟารีน ธัญพืช สูตรไม่เติมน้ำตาล ลดน้ำตาล 50% Vita GIFFARINE เครื่องดื่มธัญญาหารสำเร็จรูป กลิ่นข้าวโพด,Nutritional Foods & Drinks,132.0,฿100–299,123.0,False,True,13.0,16236.0,Chiang Mai,Other provinces
4022122327,สมุนไพรลดน้ำหนักสูตรเร่งรัด,Fat Blockers & Burners,129.0,฿100–299,1303.0,False,True,153.0,168087.0,Bangkok,Greater Bangkok
4024016949,Somin Vita โซมิน ไวต้า อาหารเสริมบำรุงผิว 30 เม็ด.,Whitening,195.0,฿100–299,115.0,False,True,9.0,22425.0,Bangkok,Greater Bangkok
4024363091,chaldang ชาลแดง ตัวดังในTikTok ✅แท้💯 ชาชงสมุนไพร แก้ประจำเดือนมาไม่ตรง แก้ปวดท้องเมนส์ ช่วยมดลูกกระชับ หลังคลอด,Breast Enlargement,143.3,฿100–299,537.0,False,True,91.0,76952.1,Khon Kaen,Other provinces
4026364277,Clover Plus Cordy US คอร์ดี้ ยูเอส อาหารเสริมสารสกัดถั่งเช่า เห็ดหลินจือ 1ซอง/7แคปซูล,Heart & Blood Pressure,60.0,<฿100,670.0,False,True,72.0,40200.0,Bangkok,Greater Bangkok
4026598493,✅คูปองส่งฟรี [🔥ล็อตใหม่ล่าสุด]** 🥭Melis มีลิส / 🥦Aris S อริส เอส (15 แคปซูล/10 ซอง) Mar Brand น้ำผักอริสเอส ไฟเบอร์ผัก ดีท็อกซ์น้ำผัก,Slimming Beverages,239.0,฿100–299,552.0,False,True,76.0,131928.0,Nakhon Ratchasima,Other provinces
4030265053,ว่านร้อยชัย (1 กล่อง) ส่งด่วน อาหารเสริมสำหรับผู้หญิง ขยายทรวงอก ลดตกขาว,Breast Enlargement,129.0,฿100–299,86.0,False,True,13.0,11094.0,Bangkok,Greater Bangkok
4034060227,[พรีออเดอร์แบบซอง] โปรตีนคุมน้ำหนักโปรตีนไดเอทกินเเทนข้าว โปรตีนเกาหลี,Meal Replacement,26.0,<฿100,9999.0,True,True,1266.0,259974.0,Pathum Thani,Greater Bangkok
4040880721,📣Muscletech​ Sixstar pre-workout​ Explosion​ ripped 30 servings08/23(เพิ่มแรงในการออกกำลังกาย)​,Pre-Workout,899.0,฿500–999,,False,False,,,Bangkok,Greater Bangkok
4041803381,viviplus Shikku พร้อมส่ง รับตรงบริษัท ส่งฟรีส่งไว 1กล่อง15แคปซูล,Fat Blockers & Burners,290.0,฿100–299,321.0,False,True,65.0,93090.0,Nakhon Si Thammarat,Other provinces
4043948842,(แพ็ค 2 ปุก)biovitt SOY PROTEIN ISOLATE เวย์ ซอยโปรตีน ถั่วเหลือง เพิ่มกล้ามเนื้อ ลดไขมัน คุมหิว แพ้ WHEY ทานได้ | 907g.,Protein,1350.0,"฿1,000+",75.0,False,True,21.0,101250.0,Bangkok,Greater Bangkok
4045867870,👍พร้อมส่ง ! น้ำมะกรูดอินทผลัม Mommy Booster 15 ขวด น้ำมะกรูด เตรียมตั้งครรภ์ บำรุงไข่ ลดปวดประจำเดือน บำรุงมดลูก มีลูกยาก,Pregnancy Care,999.0,฿500–999,,False,False,,,Bangkok,Greater Bangkok
4053395055,ขาวละออ ห้ารากสกัดชนิดเม็ด 60 เม็ด/ขวด,Multivitamins,125.0,฿100–299,575.0,False,True,85.0,71875.0,Bangkok,Greater Bangkok
4055997946,"[ยกกล่อง 6 ซอง] Posh Lychee Snow Plus  ลิ้นจี่สโนว์ พลัส คอลลาเจน ลิ้นจี่หิมะ 10,000 มก.",Skin Nourishment,159.0,฿100–299,1340.0,False,True,208.0,213060.0,Uthai Thani,Other provinces
4063603484,ส้มแขก การ์ซีเนีย พลัส Garcinia Plus ขนาด 600 มิลลิกรัม 60 แคปซูล ตราบลูเบิร์ด Bluebird,Fat Blockers & Burners,89.0,<฿100,614.0,False,True,104.0,54646.0,Nakhon Ratchasima,Other provinces
4065617091,Amsel L-Arginine Plus Zinc แอมเซล แอล-อาร์จินีน พลัส ซิงค์ 40 แคปซูล [1 ขวด],Men's Health,132.0,฿100–299,60.0,False,True,10.0,7920.0,Bangkok,Greater Bangkok
4065821023,"Royal-D Energy Gel รอแยล-ดี เอนเนอจี้ เจล รสส้ม, องุ่น, โกโก้, กาแฟ 40 กรัม บรรจุ 10 ซอง [1 กล่อง] เจลให้พลังงาน สำหรับนักกีฬา",Pre-Workout,363.0,฿300–499,19.0,False,True,1.0,6897.0,Bangkok,Greater Bangkok
4075730387,Try Me Set Mix Flavour: เซ็ทคละรสโปรตีนพืช 6 ซอง เลือกคละ 3 รสได้รสละ 2 ซอง,Protein,799.0,฿500–999,441.0,False,True,70.0,352359.0,Bangkok,Greater Bangkok
4079857818,อาหารเสริม YES 3 กล่อง,Men's Health,1080.0,"฿1,000+",30.0,False,True,9.0,32400.0,Bangkok,Greater Bangkok
4080830521,ดีท็อกซ์ Detox Proud charming พราวด์ชาร์มมิ่ง ดีท็อกซ์ล้างลำไส้,Detoxification,350.0,฿300–499,52.0,False,True,9.0,18200.0,Samut Prakan,Greater Bangkok
4081445922,วิตามินซี ชนิดชงละลายน้ำ สูตรเข้มข้น (Fulfill Great to C),Beauty Supplements Value Sets,150.0,฿100–299,1454.0,False,True,235.0,218100.0,Phichit,Other provinces
4082218272,(พร้อมส่ง กทม. 1 วัน)Biovitt Whey Protein Isolate ไบโอวิต เวย์โปรตีน ไอโซเลท รสชาไทย รสจืด รสช็อค เพิ่มกล้าม โปรตีนสูงสุดถึง 34 กรัม | ปริมาณ 907.2,Mass Gainer,999.0,฿500–999,210.0,False,True,48.0,209790.0,Samut Prakan,Greater Bangkok
4083215360,Life Space Broad Spectrum Probiotic  60 Capsules 30 Billion CFU โพรไบโอติก 15 สายพันธุ์ 32 พันล้านตัว,Well Being Gifts & Value Sets,899.0,฿500–999,,False,False,,,Bangkok,Greater Bangkok
4090567430,อาหารเสริมลดน้ำหนัก Hp by tima (1กป 15 แคปซูล)290 บาท ‼️แถมฟรีดีท็อก,Appetite Suppressant,290.0,฿100–299,22.0,False,True,4.0,6380.0,Saraburi,Other provinces
4091881425,Rida Coconut Oil ริด้า โคโค่พลัส น้ำมันมะพร้าวสกัดเย็น 60 เเคปซูล,Skin Nourishment,150.0,฿100–299,232.0,False,True,32.0,34800.0,Chiang Mai,Other provinces
4092860792,NBL DHA Omega-3 ดีเอชเอจากน้ำมันปลาแซลม่อน (30 แคปซูล),Beauty Supplements Value Sets,162.0,฿100–299,5921.0,False,True,717.0,959202.0,Bangkok,Greater Bangkok
4094862833,TURBO MAX เทอร์โบ แม็กซ์ รุ่นใหม่ 1 กล่องบรรจุ 10 แคปซูล,Men's Health,205.0,฿100–299,397.0,False,True,75.0,81385.0,Bangkok,Greater Bangkok
4095135243,ICHI Coffee 3 in 1 อิชิ คอฟฟี่ กาแฟปรุงสำเร็จรูป ทรีอินวัน กาแฟสมุนไพร (10ซอง),Nutritional Foods & Drinks,300.0,฿300–499,6.0,False,True,1.0,1800.0,Samut Prakan,Greater Bangkok
4102474854,ริด้า RIDA น้ำมันมะพร้าวสกัดเย็น ริด้า โคโค่พลัส ผสมคอลลาเจนญี่ปุ่น และวิตามิน 60 เม็ด(1 กระปุก),Skin Nourishment,169.0,฿100–299,2218.0,False,True,379.0,374842.0,Bangkok,Greater Bangkok
4103911688,Deva S-Coconut  ผลิตภัณฑ์เสริมอาหาร น้ำมันมะพร้าวสกัดเย็น ผสมคอลลาเจน ไดเปปไทด์ (ตรา เอสโคโค่),Appetite Suppressant,329.0,฿300–499,721.0,False,True,175.0,237209.0,Bangkok,Greater Bangkok
4106567805,LYNAE DR.LEE&DR.ALBERT VITACARE (60 CAPSULES) EXP 020/24 ไลเน่ ไวต้่ แคร์ พลัส 60 แคปซูล,Bone & Joint Support,624.0,฿500–999,,False,False,,,Bangkok,Greater Bangkok
4106860215,ขาวละออ ผลิตภัณฑ์เสริมอาหาร กวาวเครือขาวชนิดเม็ด 60 เม็ด (บำรุงร่างกาย อายุวัฒนะ ผิวเต่งตึง หน้าอกกระซับ),Women's Health,169.0,฿100–299,134.0,False,True,5.0,22646.0,Bangkok,Greater Bangkok
4107626262,บูมโกโก้พลัส BoomCocoaPlus ( 1 กล่อง 10 ซอง ),Fat Blockers & Burners,99.0,<฿100,237.0,False,True,26.0,23463.0,Chachoengsao,Other provinces
4108063500,ยาแคปซูลฟ้าทะลายโจร ตราอภัยภูเบศ (ขนาด60 แคปซูล),Herbs & Traditional Medicine,70.0,<฿100,414.0,False,True,15.0,28980.0,Pathum Thani,Greater Bangkok
4108632794,✅หมดอายุ 01/2024✅ขายถูก Boom Vitamin C Complex 1 กระปุก x 30 Capsules ผลิตภัณฑ์เสริมอาหารวิตามินซีธรรมชาติ,Multivitamins,85.0,<฿100,31.0,False,True,4.0,2635.0,Chanthaburi,Other provinces
4108730406,✅หมดอายุ 01/2024✅Boom Dnax บูม ดีแนกซ์ แท้💯,Multivitamins,165.0,฿100–299,2055.0,False,True,196.0,339075.0,Chanthaburi,Other provinces
4108853014,✅หมดอายุ 03/2024✅📍1 กล่อง x 14 ซอง📍พร้อมส่ง Room Fiberry ของแท้ 100%,Digestive Care,225.0,฿100–299,141.0,False,True,12.0,31725.0,Chanthaburi,Other provinces
4111244990,MAXWELL Pea Protein Isolate เติม prebiotics โปรตีนถั่วลันเตา โปรตีนพืช plantbased แทน whey protein เวย์ คุมน้ำหนัก,Protein,369.0,฿300–499,2010.0,False,True,372.0,741690.0,Nakhon Ratchasima,Other provinces
4112790362,ลดราคา 7 วัน ชามาลีแบบผง ชนิดชง ชาสมุนไพร ชนิดชงดื่ม ชาดีท็อกซ์ กลิ่นและรสส้มซิตรัส (ขนาดบรรจุ 150 กรัม),Slimming Beverages,133.0,฿100–299,9999.0,True,True,1821.0,1329867.0,Bangkok,Greater Bangkok
4113186357,ตรีผลาชีววิถี รสธรรมชาติ (มีกล่อง),Detoxification,245.0,฿100–299,209.0,False,True,34.0,51205.0,Nakhon Si Thammarat,Other provinces
4114992180,⛔️ปิดชื่อสินค้า นมตูม-อกแน่นคับบรา-ว่านร้อยชัย วิตามิน นมใหญ่ เต่งตึง คัดเต้า หลีฟิตมาก ไร้กลิ่น ลดตกขาว ปรับฮอร์โมนพร้อมส่ง,Breast Enlargement,127.5,฿100–299,2455.0,False,True,248.0,313012.5,Khon Kaen,Other provinces
4115031826,TOBY HORSETAIL โทบี้ ฮอร์สเทล วิตามินบำรุงผม วิตามินบำรุงเส้นผม อาหารเสริมบำรุงผม อาหารเสริมบำรุงเส้นผม วิตามินแก้ผมร่วง ผมบาง หัวล้าน 3 ขวด,Hair & Nail,750.0,฿500–999,10.0,False,True,3.0,7500.0,Bangkok,Greater Bangkok
4119653795,ไฟเบอร์แอปเปิ้ล วาเลนต้า พร้อมส่ง Valenta Fiber Apple 1ถุงมี 12 ซอง พร้อมส่ง,Digestive Care,185.0,฿100–299,20.0,False,True,7.0,3700.0,Lopburi,Other provinces
4121083954,ZENA ซีน่า 1 แถม 1 390 บาทน้ำมันกระเทียมผสมน้ำมันมะพร้าวสะกัดเย็นเข้มข้น,Well Being Gifts & Value Sets,390.0,฿300–499,584.0,False,True,124.0,227760.0,Khon Kaen,Other provinces
4123853399,ส่งฟรี! วิจีเน่ Vigine ของแท้100% รับประกันสินค้า สมุนไพรอาหารเสริมสำหรับผู้หญิง ลดตกขาวเยอะมีกลื่น ช่วยฟิตเฟริมชะลอวัย ไม่บวม หย่อนหลวม,Women's Health,280.0,฿100–299,901.0,False,True,190.0,252280.0,Nakhon Sawan,Other provinces
4125629803,🔥ส่งฟรี! Jessie Mum 2 ชุดทดลอง🍼เจสซี่มัม อาหารเสริมเพิ่มน้ำนม กระตุ้นน้ำนม บำรุงน้ำนม กู้น้ำนม สมุนไพรเพิ่มน้ำนม,Pregnancy Care,360.0,฿300–499,82.0,False,True,12.0,29520.0,Bangkok,Greater Bangkok
4125732922,🔥ส่งด่วน ชุดทดลอง 5 แคปซูล Jessie Mum 🍼เจสซี่มัม อาหารเสริมเพิ่มน้ำนม กระตุ้นน้ำนม บำรุงน้ำนม กู้น้ำนม สมุนไพรเพิ่มน้ำนม ทำสต็อกนมแม่,Pregnancy Care,180.0,฿100–299,14.0,False,True,1.0,2520.0,Bangkok,Greater Bangkok
4126720122,Honey Q fiber 3กล่อง ตัวช่วยลดน้ำหนัก หุ่นเป๊ะ ปัง อีกหนึ่งทางเลือก ที่มีสารสกัดจากธรรมชาติ,Weight Management Value Sets,990.0,฿500–999,13.0,False,True,8.0,12870.0,Bangkok,Greater Bangkok
4126784139,LD COCO MCT Oil ผงมะพร้าวสกัดเย็นบริสุทธิ์ 100% อิ่มนาน คุมหิว บำรุงผิวพรรณ 120กรัม,Weight Management Value Sets,199.0,฿100–299,,False,False,,,Bangkok,Greater Bangkok
4131957183,โสรญา ยาบำรุงร่างกาย (กล่องชมพู),Breast Enlargement,90.0,<฿100,,False,False,,,Bangkok,Greater Bangkok
4132233482,โสรญา ยาบำรุงร่างกาย (กล่องชมพู),Breast Enlargement,95.0,<฿100,,False,False,,,Bangkok,Greater Bangkok
4133292227,"Centrum Dietary Supplement เซนทรัม 30,90 เม็ด (1 กล่อง สูตรใหม่) วิตามินและเกลือแร่รวมที่จำเป็น 22 ชนิด",Multivitamins,238.0,฿100–299,182.0,False,True,56.0,43316.0,Bangkok,Greater Bangkok
4137881224,"Allow เอลโล 1 กล่อง เอลโล สเต็มเซลล์ ""รก"" กุหลาบ จาก ญี่ปุ่น จบทุกปัญหาสำหรับผู้หญิง สุขภาพดีจากภายในสู่ภายนอก",Breast Enlargement,350.0,฿300–499,5.0,False,True,,1750.0,Bangkok,Greater Bangkok
4140139589,biovitt Whey Protein Isolate ไบโอวิต เวย์โปรตีน ไอโซเลท แบบกระปุก  ไม่มีน้ำตาล,Mass Gainer,1199.0,"฿1,000+",40.0,False,True,8.0,47960.0,Samut Prakan,Greater Bangkok
4140545585,LARRITA วิตามินบูสผิว (ปรางทิพย์ เดอะว๊อยซ์) โกโก้คอลลาเจน วิตามินซี วิตซี  (1กระปุก ขนาด150 กรัม),Beauty Supplements Value Sets,130.0,฿100–299,549.0,False,True,46.0,71370.0,Bangkok,Greater Bangkok
4140652978,{ พร้อมส่ง } น้ำหมักผลไม้ น้ำผลไม้หมัก WHERY FRUIT INFUSE SODIUM KILLER KOMBI คอมบุชา ชาหมักลี คอมบิชาหมักลีน,Nutritional Foods & Drinks,350.0,฿300–499,805.0,False,True,106.0,281750.0,Bangkok,Greater Bangkok
4141352452,fara s detox ฟาร่าเอส ดีท็อกซ์ ฟรีของแถม ส่งทุกวัน 1 กล่อง 10 ซอง,Digestive Care,155.0,฿100–299,107.0,False,True,20.0,16585.0,Pattani,Other provinces
4141537138,Ensure Gold เอนชัวร์ โกล์ด850gรสวนิลา,Nutritional Foods & Drinks,825.0,฿500–999,1825.0,False,True,366.0,1505625.0,Surat Thani,Other provinces
4142107539,กิฟฟารีน อาหารเสริมเด็ก วิตามินเด็ก เบรนนี่ สายตา สมอง เพิ่มสมาธิ คิดเร็ว เรียนรู้ไว Brainie Giffarine บรรจุ 100 เม็ด,Brain & Memory,130.0,฿100–299,,False,False,,,Phichit,Other provinces
4144259912,The Na Proterest วิตามินลดกรดเม็ดฟ้า 1 กล่อง 10 แคปซูล แก้กรดไหลย้อน ลดแสบร้อนกลางอก แน่นท้อง ช่วยย่อยอาหาร ดูดโซเดียม ลดการบวม ขับถ่ายง่าย,Digestive Care,490.0,฿300–499,,False,False,,,Chiang Mai,Other provinces
4147140679,ความดันโลหิตต่ำ โลหิตจาง ผลิตภัณฑ์เสริมอาหารชนิดแคปซูล ตราโพนอล บาย รอยัลฟาร์ม 800มก 60 แคปซูล,Heart & Blood Pressure,390.0,฿300–499,40.0,False,True,13.0,15600.0,Bangkok,Greater Bangkok
4150487886,ส่งฟรี เลซิติน 15-30-60 เม็ด กิฟฟารีนเลซิติน แคโรทินอย เลซิตินกิฟฟารีน กิฟฟารีนของแท้,Heart & Blood Pressure,215.0,฿100–299,7.0,False,True,4.0,1505.0,Bangkok,Greater Bangkok
4150742193,ยาดมหอมสดชื่น ยาดมแพกคู่ 2 อัน ยาแผงโบราณ ยาดมสมุนไฟร หอมชื่นใจ กิฟฟารีนของแท้ ยาดมกิฟฟารีน แบบมีน้ำด้วย,Herbs & Traditional Medicine,42.0,<฿100,69.0,False,True,13.0,2898.0,Bangkok,Greater Bangkok
4151308919,(((สินค้าขายดี)))เคอร่าสมุนไพร Kerraของแท้ บรรจุ40แคปซูล ส่งไว!,Immunity,350.0,฿300–499,910.0,False,True,118.0,318500.0,Suphan Buri,Other provinces
4151926712,‼️ใหม่‼️ริด้า โคโค่พลัส น้ำมันมะพร้าวสกัดเย็น ผสม คอลลาเจน (1กระปุก/60เม็ด)RIDA COCONUT OIL,Skin Nourishment,150.0,฿100–299,1731.0,False,True,315.0,259650.0,Nonthaburi,Greater Bangkok
4154699680,(3 กล่อง) น้ำมันสนเข็มแดง โซจัง Sojung ผลิตภัณฑ์เสริมอาหาร ดูแลสุขภาพ ช่วยลดไขมันอุดตัน ในหลอดเลือด,Heart & Blood Pressure,2397.0,"฿1,000+",6.0,False,True,,14382.0,Bangkok,Greater Bangkok
4159384201,Kisslip ลูกอมแก้ตับแฮงค์ (5 ซอง),Detoxification,490.0,฿300–499,71.0,False,True,9.0,34790.0,Bangkok,Greater Bangkok
4159609691,(ส่งฟรี) ทับทิมเม็ด ทับทิม กิฟฟารีน GIFFARINE GRANADA,Heart & Blood Pressure,225.0,฿100–299,94.0,False,True,6.0,21150.0,Chanthaburi,Other provinces
4165706129,ส่งฟรี  คำหลวงริซซ์ ดูแลริดสีดวง 1 กระปุก,Detoxification,590.0,฿500–999,13.0,False,True,5.0,7670.0,Bangkok,Greater Bangkok
4171949607,(ส่งฟรี) ของแท้ ลิโซ่ LIso สูตรดั้งเดิม 40 เม็ด,Fat Blockers & Burners,135.0,฿100–299,1227.0,False,True,192.0,165645.0,Bangkok,Greater Bangkok
4173685177,LIP Absolute Z3 แอบโซลูท ซีทรี วิตามินเพื่อการนอนหลับ จาก 9 สารสกัดธรรมชาติ,"Stress, Sleep, and Anxiety",190.0,฿100–299,30.0,False,True,8.0,5700.0,Bangkok,Greater Bangkok
4174091312,"Natrol, Biotin, 1000 mcg, 100 Tablets",Hair & Nail,369.0,฿300–499,48.0,False,True,9.0,17712.0,Chiang Mai,Other provinces
4174169336,อาโมนิแม็กไนท์ ช่วยนอนหลับง่าย ลดไมเกรน บำรุงสมอง กลูต้าอาโมนิ shining Magnigthสีม่วง,"Stress, Sleep, and Anxiety",150.0,฿100–299,28.0,False,True,7.0,4200.0,Bangkok,Greater Bangkok
4175170634,Defin Jelly ดีฟิน เจลลี่,Breast Enlargement,150.0,฿100–299,,False,False,,,Bangkok,Greater Bangkok
4175418160,Roze collagen โรส คอลลาเจน คอลลาเจนบริสุทธิ์,Hair & Nail,380.0,฿300–499,12.0,False,True,2.0,4560.0,Bangkok,Greater Bangkok
4175831364,ไขมันในเลือดสูง คอเลสเตอรอลสูง เลซิติน โคซานอล มัลติ แพลนท์ โอเมก้า 3 ออยล์ กิฟฟารีน,Heart & Blood Pressure,392.0,฿300–499,20.0,False,True,5.0,7840.0,Pathum Thani,Greater Bangkok
4176911632,ของแท้ ฟิ ต ฟิน fin & firm อาหารเสริมควบคุมน้ำหนัก การันตีเห็นผล💯( 1 กล่อง ),Appetite Suppressant,259.0,฿100–299,1602.0,False,True,257.0,414918.0,Bangkok,Greater Bangkok
4177279034,Livital ลิไวทอล 30 เม็ด สมุนไพรสกัด บำรุงตับ สูตรเข้มข้น นูรีฟ NURIV,Detoxification,200.0,฿100–299,1969.0,False,True,346.0,393800.0,Bangkok,Greater Bangkok
4179281810,SASHII Z NERGY MICROGEL ซีเนอร์จี้ ไมโครเจล อาหารเสริมออกกำลังกาย อาหารเสริมก่อนออกกำลังกาย อาหารเสริมการออกกำลังกาย 15 ซอง 2 กล่อง,Pre-Workout,900.0,฿500–999,29.0,False,True,8.0,26100.0,Bangkok,Greater Bangkok
4179291672,SASHII Z NERGY MICROGEL ซีเนอร์จี้ ไมโครเจล อาหารเสริมออกกำลังกาย อาหารเสริมก่อนออกกำลังกาย อาหารเสริมการออกกำลังกาย 15 ซอง 1 กล่อง,Pre-Workout,499.0,฿300–499,21.0,False,True,3.0,10479.0,Bangkok,Greater Bangkok
4179329415,กาแฟดอกเด่ ชุด 2 ห่อ💥พร้อมส่ง ค่าส่งถูก  ราคาถูก  ของแท้💯 2ห่อ50 ซอง ของแท้,Slimming Beverages,295.0,฿100–299,432.0,False,True,54.0,127440.0,Bangkok,Greater Bangkok
4180527934,HandyHerbซองใหญ่ แฮนดี้เฮิร์บ Gummy G'nite 1 ซอง 24 ชิ้น ซองใหญ่ไซส์ประหยัด เคี้ยวหนุบหนับ หลับเต็มอิ่ม! กัมมี่ จีไนท์กัมมี่ เยลลีนอนหลับ,"Stress, Sleep, and Anxiety",199.0,฿100–299,891.0,False,True,178.0,177309.0,Nonthaburi,Greater Bangkok
4180665357,น้ำมันงาดำสกัดเย็น Sesame Oil 60 แคปซูล 500 มิลลิกรัม  อาหารเสริม เซซามิน ออยล์,Bone & Joint Support,119.0,฿100–299,839.0,False,True,89.0,99841.0,Pathum Thani,Greater Bangkok
4180739251,CAR-B-BOCK คาร์บีบ๊อก อาหารเสริมสูตร (เหลือง) 1กระปุก,Appetite Suppressant,119.0,฿100–299,588.0,False,True,138.0,69972.0,Bangkok,Greater Bangkok
4180790135,V Cocoa by vivi วีโกโก้ โกโก้ ลดน้ำหนัก 10 ซอง,Appetite Suppressant,100.0,฿100–299,1315.0,False,True,202.0,131500.0,Bangkok,Greater Bangkok
4183159002,[ส่งฟรี! พร้อมส่ง] แอลแซด ซิงค์ LZ Zinc ลดสิว รอยสิว ฟื้นฟูผิว เสริมภูมิคุ้มกัน  (ซื้อ 1 แถม 1) รับสินค้า 1-2 วัน,Acne Care,279.0,฿100–299,49.0,False,True,10.0,13671.0,Saraburi,Other provinces
4184058031,Flaxseed Oil​ 1000 mg​ Omega-3 น้ำมันเมล็ดแฟลกซ์ โอเมก้า​ 3 6 9 Gamma Oryzanol &​ Black Sesame Extract & Zinc Amino Acid เฟล็กซีดออยล์,Brain & Memory,230.0,฿100–299,12.0,False,True,2.0,2760.0,Bangkok,Greater Bangkok
4184109039,วิตามินผัก Utimate,Weight Management Value Sets,199.0,฿100–299,165.0,False,True,38.0,32835.0,Nakhon Phanom,Other provinces
4184791454,[แพคเกจใหม่ ของแท้ ส่งKerry] ArisS อริสเอส Aris S อลิสเอส น้ำผักชงดื่ม ไฟเบอร์ผัก ดีทอคผัก [1 กล่อง = 10 ซอง],Slimming Beverages,205.0,฿100–299,1324.0,False,True,90.0,271420.0,Samut Prakan,Greater Bangkok
4185800049,ว่านร้อยชัย 1 กล่อง ของแท้ ว่านร้อยชาย-วิตามินเสริมเสน่ห์ นมใหญ่ เต่งตึง คัดเต้า หลีฟิตมาก ไร้กลิ่น ลดตกขาว ปรับฮอร์โมน มีรีวิวเพียบ !!,Breast Enlargement,128.0,฿100–299,99.0,False,True,11.0,12672.0,Khon Kaen,Other provinces
4186518123,CU Plus ซียู พลัส อาหารเสริมสำหรับผู้ชาย เพิ่มความรัก ให้ยาวนาน เพิ่มความสนุก ให้ชีวิตคู่ มี อย.,Sexual Health Vitamins,349.0,฿300–499,7.0,False,True,2.0,2443.0,Bangkok,Greater Bangkok
4188489800,❤️PrimaForce Yohimbine HCl 2.5mg 90​ capsules.,Pre-Workout,889.0,฿500–999,,False,False,,,Bangkok,Greater Bangkok
4190006442,Irina ไอริน่า 🍒 (2 ชิ้นลดอีก) คอลลาเจนลดสิว ✨กู้ผิวข้ามคืน คอลลาเจนรสชาติดี,Acne Care,290.0,฿100–299,13.0,False,True,3.0,3770.0,Bangkok,Greater Bangkok
4193580557,กาแฟ srim shape 1 กล่อง 15 ซอง ส่งฟรี กาแฟสลิมเชฟ,Slimming Beverages,419.0,฿300–499,30.0,False,True,7.0,12570.0,Pathum Thani,Greater Bangkok
4194978771,Oriceza น้ำมันรำข้าว 1ขวด 60 แคปซูล,Well Being Gifts & Value Sets,678.0,฿500–999,510.0,False,True,16.0,345780.0,Phuket,Other provinces
4195462935,ส่งฟรี #ฮอร์โมนหญิง #ฮอร์โมนไข่ #ผลิตภัณฑ์สริมอาหาร ญช #พร้อมตั้งครรภ์  #คำตอบวัยทอง #ฮอร์โมน #วัยทองผู้หญิง,Pregnancy Care,360.0,฿300–499,,False,False,,,Samut Prakan,Greater Bangkok
4195662915,(1แถม 1)บุปผาBuppha สมุนไพรเพื่อผู้หญิง หมดปัญหาภายใน ของแท้ ปลอดภัย,Women's Health,190.0,฿100–299,,False,False,,,Samut Prakan,Greater Bangkok
4200258083,ดีบูนของแท้ ส่งฟรี (ชนิดผง) D-BOON ดีบูนเน่ #ของแท้100%1 กล่อง ตัดหรือเปลี่ยนคิวอาร์โค้ด มีของแถมให้สำหรับคนที่กดติดตามร้านฟรี,Bone & Joint Support,770.0,฿500–999,71.0,False,True,12.0,54670.0,Buri Ram,Other provinces
4201516182,น้ำมัน 6 สหาย  น้ำมันรำข้าว น้ำมันกระเทียม น้ำมันงาขี้ม้อน น้ำมันดาวอินคา​ น้ำมันมะพร้าว น้ำมันงาดำ 1 กระปุก บรรจุ 60 เม็ด บำรุงกระดูก,Well Being Gifts & Value Sets,117.0,฿100–299,137.0,False,True,12.0,16029.0,Nakhon Ratchasima,Other provinces
4201614306,"Astragalus (แอสทรากาลัส) สมุนไพรอึ่งคี้/ปักคี้ เสริมคอลลาเจน ดูแลผิวถึงโครโมโซม 1,500mg ขนาด 30 และ 60 แคปซูล",Herbs & Traditional Medicine,229.0,฿100–299,295.0,False,True,79.0,67555.0,Ubon Ratchathani,Other provinces
4201875391,Himalaya Abana ความดันสูง ไขมันสูง,Herbs & Traditional Medicine,75.0,<฿100,1566.0,False,True,326.0,117450.0,Bangkok,Greater Bangkok
4202164131,เกร็กคู GK24 ผลิตภัณฑ์สำหรับท่านชาย 1กลอ่ง บรรจุ 1 แคปซูล  มีสินค้าพร้อมส่งครับผม,Sexual Health Vitamins,75.0,<฿100,511.0,False,True,121.0,38325.0,Bangkok,Greater Bangkok
4202568539,BB สารสกัดจากถั่วขาว ถั่วขาว ถั่วขาวสกัด  White Kidney Bean Extract (60 แคปซูล),Fat Blockers & Burners,99.0,<฿100,258.0,False,True,53.0,25542.0,Chaiyaphum,Other provinces
4204386807,ไฟเบอร์ ไฟเบอลีน  วิตามินผัก กิฟฟารีน,Digestive Care,180.0,฿100–299,7.0,False,True,3.0,1260.0,Bangkok,Greater Bangkok
4209289343,ว่านร้อยชัย ของแท้ ว่านร้อยชาย-วิตามินเสริมเสน่ห์ นมใหญ่ เต่งตึง คัดเต้า หลีฟิตมาก ไร้กลิ่น ลดตกขาว ปรับฮอร์โมน ทานแล้วไม่อ้วน,Breast Enlargement,128.0,฿100–299,919.0,False,True,98.0,117632.0,Khon Kaen,Other provinces
4209662535,อภัยภูเบศร ขมิ้นชัน 400mg 60แคปซูล,Herbs & Traditional Medicine,58.0,<฿100,1275.0,False,True,139.0,73950.0,Udon Thani,Other provinces
4213356589,1กล่อง  พร้อมส่ง - ว่านร้อยชัยชาย ของแท้ ว่านร้อยชาย-วิตามินเสริมเสน่ห์ นมใหญ่ เต่งตึง คัดเต้า หลีฟิตมาก ไร้กลิ่น ลดตกขาว ปรับฮ,Breast Enlargement,126.0,฿100–299,388.0,False,True,41.0,48888.0,Khon Kaen,Other provinces
4216301606,Himalaya Liv 52 100 tablets,Multivitamins,70.0,<฿100,1813.0,False,True,219.0,126910.0,Bangkok,Greater Bangkok
4216382092,📣🇰🇷เม็ดฟู่ช่วยเผาผลาญรสทับทิม,Meal Replacement,150.0,฿100–299,1521.0,False,True,278.0,228150.0,Pathum Thani,Greater Bangkok
4220200531,SAIGA X ไซก้า เอ็กซ์ ผลิตภัณฑ์เสริมอาหาร อาหารเสริม ช บรรจุ 5 แคปซูล ไม่ระบุชื่อสินค้าหน้ากล่อง,Men's Health,159.0,฿100–299,521.0,False,True,117.0,82839.0,Nonthaburi,Greater Bangkok
4220806141,น้ำมันงาดำสกัดเย็น ตรา ไฟโตซามีน มีสารเซซามินสูง 15 เท่า (โปร 2 แถม1),Bone & Joint Support,309.0,฿300–499,10.0,False,True,4.0,3090.0,Nonthaburi,Greater Bangkok
4223431069,บริวเวอร์ ยีสต์ Brewer Yeast Brewers Yeast Brewer's Yeast บริวเวอ ยีส 500 mg. 500 Tab. 1 ขวด [500 เม็ด 1 ขวด],Hair & Nail,275.0,฿100–299,84.0,False,True,28.0,23100.0,Saraburi,Other provinces
4223465203,เอเน่ ซีเครท เอ็กซ์ เอส Aene Secret XS ของแท้ 100%,Fat Blockers & Burners,304.0,฿300–499,337.0,False,True,89.0,102448.0,Samut Prakan,Greater Bangkok
4225532792,ของแท้/ราคาถูก💥ผลิตภัณฑ์เสริมอาหาร iTEMpro ขนาด 4 เม็ด(จัดส่งแบบไม่ระบุชื่อหน้ากล่อง),Sexual Health Vitamins,187.0,฿100–299,9.0,False,True,2.0,1683.0,Bangkok,Greater Bangkok
4225589083,ชาเขียวคุมหิว ชาคุณพราว ลดน้ำหนัก สูตรพุงยุบ ลดไขมัน กลิ่นหอม ทานง่าย,Slimming Beverages,75.0,<฿100,1802.0,False,True,403.0,135150.0,Bangkok,Greater Bangkok
4228056104,Vera whey protein ลดน้ำหนัก 3 รสชาติ,Protein,1390.0,"฿1,000+",56.0,False,True,12.0,77840.0,Bangkok,Greater Bangkok
4230916628,เพชรสังฆาต ตราอภัยภูเบศร (10 แคปซูล /แผง),Herbs & Traditional Medicine,24.0,<฿100,993.0,False,True,71.0,23832.0,Bangkok,Greater Bangkok
4232581403,ยูนิทอล์ค ดีท๊อกซ์ ไฟเบอร์ กำจัดสารพิษ ลดพุง แก้ปัญหาท้องผูก ช่วยในการขับถ่าย,Detoxification,635.0,฿500–999,23.0,False,True,4.0,14605.0,Bangkok,Greater Bangkok
4232596727,Hadano collagen ฮาดาโนะ คอลลาเจน ซื้อ 1 แถม 1 เพียง 390฿ ส่งฟรี,Bone & Joint Support,390.0,฿300–499,70.0,False,True,23.0,27300.0,Udon Thani,Other provinces
4232740412,Hadano collagen ฮาดาโนะ คอลลาเจนนำเข้าจากญี่ปุ่น พร้อมส่งฟรี ของแท้💯 คอลลาเจนแท้💯,Bone & Joint Support,390.0,฿300–499,327.0,False,True,90.0,127530.0,Udon Thani,Other provinces
4234650723,เคพีเท็นเอ็ม kp10m,Well Being Gifts & Value Sets,535.0,฿500–999,86.0,False,True,9.0,46010.0,Pathum Thani,Greater Bangkok
4236511942,BIO C MIX Plus Vitamin Alpha+Zinc ไบโอ ซี มิกซ์ พลัส วิตามิน ขนาด 30 เม็ด,Multivitamins,110.0,฿100–299,125.0,False,True,29.0,13750.0,Pathum Thani,Greater Bangkok
4236540839,CHU ผลิตภัณฑ์เสริมอาหาร ชูว์ อาหารเสริมบำรุงสุขภาพท่านชาย ขนาด 10 แคปซูล,Food Supplement,140.0,฿100–299,2164.0,False,True,468.0,302960.0,Pathum Thani,Greater Bangkok
4236728173,ดีออร่า สมุนไพรดีท็อคช์ (D AORA DETOX),Weight Management Value Sets,109.0,฿100–299,2242.0,False,True,381.0,244378.0,Pathum Thani,Greater Bangkok
4238483216,ไฮคิวโปร (Hi Q Pro) ดีท็อกซ์ลำไส้ (12ซอง),Detoxification,285.0,฿100–299,300.0,False,True,20.0,85500.0,Nonthaburi,Greater Bangkok
4238555149,"น้ำมันปลา บำรุง วิตามินสมอง สายตา ผิวหนัง กระดูก ลดการสะสมไขมันในตับ บรรเทา ซึมเศร้า สมาธิสั้น ลดอาการ ปวดข้อเข่า ข้อเสื่อม ข้ออักเสบ 1,000 มก",Well Being Gifts & Value Sets,315.0,฿300–499,,False,False,1.0,,Ubon Ratchathani,Other provinces
4239216065,Abalone Collagen Advance อาบาโลน คอลลาเจน แอดวานซ์ กระปุก 100กรัม,Bone & Joint Support,289.0,฿100–299,54.0,False,True,7.0,15606.0,Bangkok,Greater Bangkok
4242953100,ดีลองพลัส DLone PLUS ช่วยขับถ่าย,Weight Management Value Sets,40.0,<฿100,150.0,False,True,8.0,6000.0,Nakhon Si Thammarat,Other provinces
4243063956,✅ พร้อมส่ง กทม. 1 วัน ✅ Biovitt Whey Protein Isolate ไบโอวิต เวย์โปรตีน ไอโซเลท รสจืด เพิ่มกล้าม ลีนไขมัน โปรตีนสูงถึง 27 กรัม | ปริมาณ 907.2 g,Mass Gainer,999.0,฿500–999,15.0,False,True,2.0,14985.0,Samut Prakan,Greater Bangkok
4246905497,โฉมใหม่🔥 1แถม1🔥(จำนวน 2 กระปุก รวม 60 เม็ด ) กลูต้า บึทีโอ  BTO Gluta อาหารผิว,Whitening,179.0,฿100–299,2342.0,False,True,416.0,419218.0,Nonthaburi,Greater Bangkok
4246922347,Yuhan Vitamin CD ยูฮาน วิตามิน CD [120 เม็ด] [1 กล่อง],Skin Nourishment,239.0,฿100–299,391.0,False,True,93.0,93449.0,Nonthaburi,Greater Bangkok
4250602104,ส่งด่วน-พร้อมส่ง❗️ของแท้/มีของแถม✅ Saikono Collagen ไซโกโนะบำรุงผิว ผิวเรียบเนียน กระจ่างใสขึ้น ลดการเกิดสิว,Beauty Supplements Value Sets,179.0,฿100–299,,False,False,,,Kalasin,Other provinces
4256468704,Colla Ac By Dr Awie วิตามินสิว,Acne Care,549.0,฿500–999,6.0,False,True,1.0,3294.0,Nonthaburi,Greater Bangkok
4263019192,Dr. Emil's ARGININE Plus - L-Arginine + L-Citrulline - ปริมาณสูง 2500 มก. ไม่มีตัวเสริม (Arginine AAKG & Citrulline Malate 2:1),Pre-Workout,239.0,฿100–299,294.0,False,True,75.0,70266.0,Samut Sakhon,Greater Bangkok
4264053245,X6 PLUS ✅ส่งฟรี ✅ HARD IRON อาหารเสริมท่านชาย เอ็กซ์ 6 พลัสฮาร์ดไอรอน  สำหรับท่านชาย(ไม่ระบุชื่อสินค้าหน้ากล่อง),Men's Health,149.0,฿100–299,9999.0,True,True,1795.0,1489851.0,Sukhothai,Other provinces
4265949260,"รากปลาไหลเผือก 100% ชนิดเข้มข้น 1,000 มิลลิกรัม จากประเทศออเตรเลีย",Sexual Health Vitamins,350.0,฿300–499,78.0,False,True,8.0,27300.0,Bangkok,Greater Bangkok
4266879437,[ส่งฟรี] โปรตีนพืช โปรตีนกิฟฟารีน วีแกน มัลติ แพลนท์ โปรตีน กิฟฟารีน Vegan Multi Plant Protein Giffarine เวย์โปรตีน ของแท้100%,Protein,350.0,฿300–499,,False,False,,,Chanthaburi,Other provinces
4269421515,[ส่งฟรี] โฟลิค กิฟฟารีน โฟลิกเสริมธาตุเหล็ก สร้างเม็ดเลือด บำรุงเลือด เลือดจาง NUTRI FOLIC GIFFARINE,Well Being Gifts & Value Sets,135.0,฿100–299,922.0,False,True,218.0,124470.0,Chanthaburi,Other provinces
4269546840,3แถม1 Kisslip ลูกอมแก้ตับแฮงค์ (3 ซอง),Detoxification,299.0,฿100–299,79.0,False,True,12.0,23621.0,Bangkok,Greater Bangkok
4269848253,โกโก้ยายณี Cocoa เอ็นเน่ โกโก้ยายณีสวีเดน ยายณี หนูนาสวีเดน Noonasewden,Slimming Beverages,150.0,฿100–299,152.0,False,True,16.0,22800.0,Bangkok,Greater Bangkok
4273209729,Mie collagen 100g 3 ซอง + วิตามินซี 2 กล่อง,Hair & Nail,340.0,฿300–499,31.0,False,True,12.0,10540.0,Bangkok,Greater Bangkok
4273250425,Mie collagen 100g 3 ซอง + วิตามินซี 3 กล่อง,Hair & Nail,385.0,฿300–499,87.0,False,True,30.0,33495.0,Bangkok,Greater Bangkok
4273276030,Mie collagen 100g 3 ซอง + วิตามินซี 2 กล่อง,Hair & Nail,340.0,฿300–499,8.0,False,True,4.0,2720.0,Bangkok,Greater Bangkok
4273613615,คลอโรฟิลล์,Well Being Gifts & Value Sets,720.0,฿500–999,97.0,False,True,10.0,69840.0,Chiang Rai,Other provinces
4274357156,✅หมดอายุ 01/2024✅📍1 หลอด x 20 เม็ดฟู่📍ของแท้ 💯 เม็ดฟู่ Boom D-nax บูม ดีแนกซ์,Nutritional Foods & Drinks,165.0,฿100–299,168.0,False,True,17.0,27720.0,Chanthaburi,Other provinces
4277167488,โฉมใหม่✨p ning น้ำชงพี่หนิง cocoaโกโก้พี่หนิง ชงอิ่ม(1 ห่อ ),Slimming Beverages,136.0,฿100–299,503.0,False,True,84.0,68408.0,Bangkok,Greater Bangkok
4277227546,Calcium HI D Plus แคลเซียม ไฮดี พลัส [20 แคปซูล],Bone & Joint Support,94.05,<฿100,1970.0,False,True,246.0,185278.5,Bangkok,Greater Bangkok
4280687037,กาแฟทรีเมจิก tri magic ถุงใหญ่(เปลี่ยนถุงใหม่คุณภาพเดิม) 1 ถุง,Slimming Beverages,229.0,฿100–299,1109.0,False,True,335.0,253961.0,Bangkok,Greater Bangkok
4281654503,แอมเซล แอลอาร์จีนีน พลัส ซิงค์ 40 แคปซูล,Immunity,131.0,฿100–299,362.0,False,True,62.0,47422.0,Chonburi,Other provinces
4283378457,โกโก้นางบี ซื้อ2 แถม 1 Be easy cocoa บีโกโก้ (3ห่อ),Slimming Beverages,435.0,฿300–499,362.0,False,True,54.0,157470.0,Bangkok,Greater Bangkok
4284644430,Mega We Care Lecithin 1200 mg. 100 capsules เมก้า วีแคร์ เลซิติน 1200 มก. 100 แคปซูล,Brain & Memory,255.0,฿100–299,101.0,False,True,33.0,25755.0,Bangkok,Greater Bangkok
4284766170,Mega We Care Garlic Oil 100 tablets เมก้า วีแคร์ น้ำมันกระเทียม แคปซูล 100 เม็ด,Heart & Blood Pressure,119.0,฿100–299,133.0,False,True,42.0,15827.0,Bangkok,Greater Bangkok
4287843001,puritan's pride saw palmetto 450 mg 100 capsules,Men's Health,299.0,฿100–299,304.0,False,True,38.0,90896.0,Bangkok,Greater Bangkok
4290960163,Fercy Diet เฟอร์ซี่ ไดเอ็ท [10 เม็ด] [1 กล่อง] อาหารเสริมfercy แคปซูล เฟอร์ซี่ เอวเอส คุมหิวอิ่มนาน,Appetite Suppressant,229.0,฿100–299,4992.0,False,True,798.0,1143168.0,Nonthaburi,Greater Bangkok
4291437240,Yuhan Vitamin C ยูฮาน วิตามินซี [100 เม็ด/กล่อง] [2 กล่อง] วิตามินซีพี่จุน ยูฮานพี่จุน vitamin c,Skin Nourishment,289.0,฿100–299,414.0,False,True,90.0,119646.0,Nonthaburi,Greater Bangkok
4295250146,⚡️ล็อตใหม่⚡️กาแฟคุมมน้ำหนัก ✔️คอฟฟี่CoffeeLiso กาแฟ 3in1 ⚡️ลิโซ่กาแฟมีแถบมุมแดงของแท้100%‼️,Slimming Beverages,118.0,฿100–299,3414.0,False,True,352.0,402852.0,Sakon Nakhon,Other provinces
4295967138,Garlic Pearls น้ำมันกระเทียมสกัด 100 เม็ด,Heart & Blood Pressure,83.0,<฿100,1120.0,False,True,183.0,92960.0,Bangkok,Greater Bangkok
4296448820,Premmy collagen 100g 3 ซอง + C vit C 3 กล่อง,Hair & Nail,375.0,฿300–499,,False,False,2.0,,Bangkok,Greater Bangkok
4298179677,Venus 100g 3 ซอง + วิตามินซี 3 กล่อง,Hair & Nail,375.0,฿300–499,,False,False,1.0,,Bangkok,Greater Bangkok
4298926559,D-ONE ดีวัน อาหารเสริม ของแท้100%,Fat Blockers & Burners,175.0,฿100–299,1853.0,False,True,166.0,324275.0,Bangkok,Greater Bangkok
4299776784,พี พลีส แพลนท์โปรตีนมิกซ์ รสโกโก้ ( ซุปเปอร์ฟู๊ดโปรตีน),Protein,1290.0,"฿1,000+",57.0,False,True,22.0,73530.0,Bangkok,Greater Bangkok
4301426817,SOY ISOLATE ซอยโปรตีน SOY Protein โปรตีนถั่วเหลือง โปรตีนพืช เวย์ถั่วเหลือง Wheysoy เพิ่มกล้าม คุมหิว ลีน ฟิต สำหรับคนแพ้เวย์โปรตีน,Meal Replacement,159.0,฿100–299,325.0,False,True,82.0,51675.0,Bangkok,Greater Bangkok
4304813510,แคปซูลขมิ้นชัน อภัยภูเบศร 60 แคปซูล (ยาสามัญประจำบ้าน),Herbs & Traditional Medicine,80.0,<฿100,82.0,False,True,16.0,6560.0,Bangkok,Greater Bangkok
4304946549,Gennita เจนนิต้า (1 แถม 1 เพียง 290 ส่งฟรี) อาหารเสริม วิตามิน ผู้หญิง วัยทองผิวใส ผิวเด็ก สิว ฝ้า กระ,Women's Health,290.0,฿100–299,603.0,False,True,124.0,174870.0,Bangkok,Greater Bangkok
4306604587,Everteen Diet Toc เอฟเวอร์ทีน ไดเอ็ท ท็อก [เหลือง/แดง] [18 เม็ด/หลอด] [1 หลอด] everteenเม็ดฟู่ช่วย เม็ดฟู่สำหรับคนอยากลดน้ำหนัก,Fat Blockers & Burners,86.48,<฿100,8705.0,False,True,978.0,752808.4,Nonthaburi,Greater Bangkok
4308865983,ซิงก์ แอนด์ คอลลาเจน ซิงก์แคปซูล ซิงก์ แอนด์ คอลลาเจน กิฟฟารีน ZINC & COLLAGEN GIFFARINE,Acne Care,390.0,฿300–499,25.0,False,True,7.0,9750.0,Chiang Mai,Other provinces
4309171100,กระเทียม กระเทียมกิฟฟารีน กระเทียมสกัด กระเทียมแคปซูล GARLICINE GIFFARINE,Heart & Blood Pressure,340.0,฿300–499,16.0,False,True,3.0,5440.0,Bangkok,Greater Bangkok
4310608989,ozy อาหารเสริม ของแท้ ส่งฟรี โอซี Ozy by หนิง ปณิตา สารสกัดธรรมชาติ 1กล่อง 10 แค็บซูล,Appetite Suppressant,3750.0,"฿1,000+",7.0,False,True,1.0,26250.0,Nonthaburi,Greater Bangkok
4315079261,ยาอมแก้ไอผสมมะขามป้อม ยาสามัญประจำบ้าน (40 เม็ด/ซอง) มี2สูตร,Herbs & Traditional Medicine,9.9,<฿100,1745.0,False,True,84.0,17275.5,Bangkok,Greater Bangkok
4315424345,DHC X Bestural Collagen Gummy 20days [120g x 40 Tablets]คอลลาเจนแบบเคี้ยว 40 เม็ด,Beauty Supplements Value Sets,218.0,฿100–299,201.0,False,True,31.0,43818.0,Samut Prakan,Greater Bangkok
4318480869,ส่งฟรี เม็ดเคี้ยวแคลเซียมสูง นมเม็ดเด็ก แคลเซียม แคลเซียมตัวสูง แคลเซียมเพิ่มความสูง เม็ดเคี้ยวสูง กิฟฟารีน Calcium chewable tablets for children,Bone & Joint Support,290.0,฿100–299,30.0,False,True,6.0,8700.0,Samut Prakan,Greater Bangkok
4318570632,คินโดพลัส Kindo ปลอดภัย ไร้สารตกค้าง ผลิตภัณฑ์เสริมอาหารผู้ชายจากธรรมชาติ,Men's Health,300.0,฿300–499,24.0,False,True,3.0,7200.0,Kamphaeng Phet,Other provinces
4318888249,"Solgar, Gentle Iron, 25 มก., 90 แคปซูลผัก, ไม่ท้องผูก อ่อนโยนต่อกระเพาะอาหารของคุณ",Immunity,695.0,฿500–999,116.0,False,True,17.0,80620.0,Nonthaburi,Greater Bangkok
4319052802,ไฟเบอร์ ไฟเบอรีน กิฟฟารีน Giffarine Fiberine,Digestive Care,192.0,฿100–299,,False,False,3.0,,Chumphon,Other provinces
4320698719,"คอลลาเจนอิงฟ้า บาย มิสแกรนด์ ของแท้ ปริมาณ 120,000mg",Beauty Supplements Value Sets,299.0,฿100–299,64.0,False,True,16.0,19136.0,Bangkok,Greater Bangkok
4323852936,์New2 set20วัน #ผอม20 เม็ด,Weight Management Value Sets,340.0,฿300–499,31.0,False,True,5.0,10540.0,Samut Prakan,Greater Bangkok
4324636935,New2/40วันสุดคุ้ม #พร้อมส่ง,Weight Management Value Sets,650.0,฿500–999,27.0,False,True,8.0,17550.0,Samut Prakan,Greater Bangkok
4327651253,1 ขวด เฟิร์นเฮิร์บเจนแซท เจริญอาหาร เพิ่มน้ำหนัก ปรับธาตุ ช่วยระบบขับถ่าย,Multivitamins,129.0,฿100–299,459.0,False,True,93.0,59211.0,Khon Kaen,Other provinces
4328843807,วีแกน โปรตีนพืช โปรตีนกิฟฟารีน สูตรหวานปกติ / สูตร ไม่หวาน วีแกน มัลติ แพลนท์ โปรตีน Vegan Multi Plant Protein Giffarine,Protein,825.0,฿500–999,28.0,False,True,2.0,23100.0,Chiang Mai,Other provinces
4329069557,ส่งฟรี 🔥อาหารเสริม Nobu โนบุ อาหารเสริมลดน้ำหนัก🔥 [10เม็ด/กล่อง] SET ทดลองทานได้ 10 วัน,Appetite Suppressant,489.0,฿300–499,85.0,False,True,14.0,41565.0,Chonburi,Other provinces
4330302072,biovitt whey protein ไบโอวิต เวย์โปรตีน ไอโซเลท สูตรลีนไขมัน เสริมมวลกล้ามเนื้อ กระปุกใหญ่ขนาด 2 ปอนด์ (902.7 กรัม),Mass Gainer,999.0,฿500–999,212.0,False,True,54.0,211788.0,Samut Prakan,Greater Bangkok
4331475994,Nature made super c with vitamin d3 and zinc 200 Tablets,Immunity,780.0,฿500–999,328.0,False,True,80.0,255840.0,Prachin Buri,Other provinces
4332627689,แพ็คเกจใหม่ Herbu Soy Protein (Zalenza ซาเลนซ่า) อาหารเสริมถั่วเหลือง 1 ซอง 30 เม็ด,Breast Enlargement,550.0,฿500–999,28.0,False,True,7.0,15400.0,Pathum Thani,Greater Bangkok
4333036790,"Ensure Gold เอนชัวร์ โกลด์ อาหารเสริมสูตรครบถัวน กลิ่น วานิลลา,ธัญพืช,ชอค กาแฟ ขนาด 850 กรัม 1 กระป๋อง",Nutritional Foods & Drinks,805.0,฿500–999,4635.0,False,True,857.0,3731175.0,Bangkok,Greater Bangkok
4333061835,ผลิตภัณฑ์อาหารเสริม วีก้า เฮิร์บ (VGA HERB) ไม่ระบุชื่อสินค้า สินค้าขายดี,Well Being Gifts & Value Sets,239.0,฿100–299,545.0,False,True,116.0,130255.0,Bangkok,Greater Bangkok
4335580167,สารสกัด Tongkat Ali ช่วยเพิ่มประสิทธิภาพการกีฬา - 120 แคปซูล,Sexual Health Vitamins,261.0,฿100–299,47.0,False,True,8.0,12267.0,Samut Sakhon,Greater Bangkok
4336069234,Puiinun Maemi Gluta ปุยนุ่น มาเอมิ กลูต้า [30 เม็ด] กลูต้าเม็ดเคี้ยว,Whitening,159.0,฿100–299,222.0,False,True,37.0,35298.0,Pathum Thani,Greater Bangkok
4336181919,"(ของแท้ พร้อมส่ง) Muscletech, Platinum 100% Caffeine, 220 mg, 125 Tablets",Pre-Workout,399.0,฿300–499,62.0,False,True,5.0,24738.0,Samut Prakan,Greater Bangkok
4336346647,MARVEL มาเวล เอ็กซ์ อาหารเสริมผู้ชาย ของเเท้  100%,Men's Health,139.0,฿100–299,10.0,False,True,,1390.0,Bangkok,Greater Bangkok
4337125562,"(ของแท้ พร้อมส่ง) Muscletech, Essential Series, Platinum 100% Glutamine 5 g, Unflavored 300 g",Pre-Workout,799.0,฿500–999,47.0,False,True,4.0,37553.0,Samut Prakan,Greater Bangkok
4338236752,Nuun Hydration Electrolyte Sport  + Caffeine: เม็ดฟู่เกลือแร่แบบเม็ดผสมน้ำ,Pre-Workout,150.0,฿100–299,74.0,False,True,2.0,11100.0,Chonburi,Other provinces
4345025779,"(ของแท้ พร้อมส่ง) Primaforce, Beta-Alanine, Unflavored, 7 oz (200 g)",Pre-Workout,1190.0,"฿1,000+",49.0,False,True,3.0,58310.0,Samut Prakan,Greater Bangkok
4346538521,Ume gold ยูมีโกลด์ 20 ซอง (ไม่มีกล่อง),Detoxification,895.0,฿500–999,47.0,False,True,12.0,42065.0,Bangkok,Greater Bangkok
4347275725,กระเทียมแคปซูล 100 แคปซูล ผลิตภัณฑ์เสริมอาหาร ตรา นาคญา,Heart & Blood Pressure,62.76,<฿100,3378.0,False,True,568.0,212003.28,Nonthaburi,Greater Bangkok
4347562574,{🔥พร้อมส่ง+ของแท้} ว่านร้อยชัย ว่านร้อยชาย วิตามินเสริมสเน่ห์ เต้าคัด เตร่งตรึง ลดตกขาว ลดกลิ่น ปรับฮอร์โมน,Breast Enlargement,129.0,฿100–299,18.0,False,True,4.0,2322.0,Chonburi,Other provinces
4347672564,ส่งไว ไออุ่น เครื่องดื่มหัวปลีกระตุ้นและเพิ่มน้ำนม ชนิดผง สูตรหัวปลี ขิง ใบเตย,Nutritional Foods & Drinks,125.0,฿100–299,540.0,False,True,71.0,67500.0,Bangkok,Greater Bangkok
4348250192,💠ศูนย์ไทย💠ถูก💠เรทส่ง💠 Vegi Vera เวกิเวร่า ซูเลียน เวกิ เวร่า เครื่องดื่มต้นอ่อนข้าวสาลี 1 กล่อง (30ซอง),Nutritional Foods & Drinks,759.0,฿500–999,300.0,False,True,27.0,227700.0,Pathum Thani,Greater Bangkok
4353888526,ลินเน่ ไฟเบอร์ ไฟเบอร์ลินเน่ ลดพุง linne fibery 1 กล่องมี 5 ซอง,Weight Management Value Sets,109.0,฿100–299,32.0,False,True,4.0,3488.0,Nakhon Ratchasima,Other provinces
4354093027,SEII เซอิ ตรีผลาแคปซูล ตรีผลาสมุนไพร ตรีผลาดีท็อก (60 แคปซูล),Detoxification,149.0,฿100–299,37.0,False,True,8.0,5513.0,Phayao,Other provinces
4355083986,YES  1 กล่อง,Sexual Health Vitamins,350.0,฿300–499,109.0,False,True,30.0,38150.0,Pathum Thani,Greater Bangkok
4358081022,"น้ำมันมะพร้าวสกัดเย็น (1กระปุก 60 ซอฟเจล)  ริด้า คุมหิว ผิวดี ผสมคอลลาเจนไตรเปปไทด์จากญี่ปุ่น 1,000 มก.",Hair & Nail,159.0,฿100–299,8.0,False,True,5.0,1272.0,Chiang Mai,Other provinces
4358925806,YUUKI X3​ Collagen Snowy 15000​ mg. (พร้อมส่ง),Beauty Supplements Value Sets,200.0,฿100–299,11.0,False,True,1.0,2200.0,Samut Prakan,Greater Bangkok
4359404537,Dhc Vitamin c 20 วัน exp 2024,Acne Care,79.0,<฿100,26.0,False,True,1.0,2054.0,Nonthaburi,Greater Bangkok
4359427990,DHC hyaluron  60 วัน/20วัน  ช่วยให้ผิวนุ่ม เนียน,Beauty Supplements Value Sets,275.0,฿100–299,37.0,False,True,6.0,10175.0,Nonthaburi,Greater Bangkok
4360943021,(ส่งฟรี) ชุดเตรียมตั้งครรภ์ โฟลิค กิฟฟารีน โฟลิก ไบโอแฟลก NUTRI FOLIC / BIO FLAX PLUS Giffarine,Pregnancy Care,135.0,฿100–299,93.0,False,True,23.0,12555.0,Bangkok,Greater Bangkok
4361232021,[ของแท้💯 ส่งฟรี] Rida Coconut Oil ริด้า น้ำมันมะพร้าวสกัดเย็นผสมคอลลาเจนและวิตามิน,Skin Nourishment,155.0,฿100–299,948.0,False,True,218.0,146940.0,Chiang Mai,Other provinces
4361869223,ไฟเบอร์ ไฟเบอรีน กิฟฟารีน Giffarine Fiberine ผลิตภัณฑ์เสริมอาหารใยอาหารชนิดเม็ด ขับถ่าย ควบคุมน้ำหนัก,Digestive Care,180.0,฿100–299,,False,False,1.0,,Bangkok,Greater Bangkok
4363822462,(แพ็คคู่) น้ำมันกระเทียม Mega we care garlic oil 100 caps.,Heart & Blood Pressure,222.0,฿100–299,1132.0,False,True,346.0,251304.0,Bangkok,Greater Bangkok
4364052639,3-103351 : ยาตำรับน้ำมันสมัย ร.5,Heart & Blood Pressure,380.0,฿300–499,,False,False,,,Chonburi,Other provinces
4365432147,ของแท้ จากบริษัท สมุนไพรริชชี่พิมพ์พญา โปร1แถม1 สำหรับผู้มีอาการ ริดสีดวง ทุกระยะ,Herbs & Traditional Medicine,390.0,฿300–499,220.0,False,True,59.0,85800.0,Chiang Mai,Other provinces
4368395482,ไฟเบอร์ ใยอาหาร Fiber Fiberine ไฟเบอร์รีน 100เม็ด อาหารเสริม กากใยอาหาร ใยอาหารชนิดเม็ด เซลลูโลส เส้นใยอาหาร ขับถ่ายง่าย ของแท้,Digestive Care,178.0,฿100–299,7.0,False,True,3.0,1246.0,Nakhon Ratchasima,Other provinces
4368717355,ส่งฟรี  #ไฟเบอร์  ใยอาหาร ผักผลไม้อัดเม็ด ระบบขับถ่าย  ไฟเบอรีนกิฟฟารีนของแท้ 100 เม็ด,Digestive Care,240.0,฿100–299,,False,False,1.0,,Chonburi,Other provinces
4368876424,{🔥พร้อมส่ง+ของแท้} ว่านร้อยชาย ว่านร้อยชัย  วิตามินเสริมสเน่ห์ เต้าคัด เตร่งตรึง ลดตกขาว ลดกลิ่น ปรับฮอร์โมน,Breast Enlargement,255.0,฿100–299,27.0,False,True,2.0,6885.0,Chonburi,Other provinces
4368908218,{🔥พร้อมส่ง+ของแท้} วิตามินเสริมสเน่ห์  ว่านร้อยชัย ว่านร้อยชาย เต้าคัด เตร่งตรึง ลดตกขาว ลดกลิ่น ปรับฮอร์โมน,Breast Enlargement,255.0,฿100–299,6.0,False,True,2.0,1530.0,Chonburi,Other provinces
4369126110,"แพ็คเกจใหม่!! คอลลาเจน 200,000mg. Veggie Collagen Powder คอลลาเจนผัก #ผิวขาวใส คุมหิว ผอม",Beauty Supplements Value Sets,155.0,฿100–299,1465.0,False,True,264.0,227075.0,Bangkok,Greater Bangkok
4369291863,ซื้อ 1 แถม 1 BTO กลูต้า 1 กระปุก 30 เม็ด กลูต้าBTO Vitamin C คอลลาเจน ของแท้,Whitening,179.0,฿100–299,7709.0,False,True,1447.0,1379911.0,Samut Prakan,Greater Bangkok
4369766282,ฟ้าทะลายโจรสกัด แคปซูลบรรจุ 30 แคปซูล จำนวน 1 ขวด,Herbs & Traditional Medicine,145.0,฿100–299,73.0,False,True,13.0,10585.0,Samut Sakhon,Greater Bangkok
4369979918,เวย์โปรตีน x3 Max Premium รส ช็อคโกแลต ถุงละ 1 กิโล 3ถุง #V15,Protein,1498.0,"฿1,000+",629.0,False,True,215.0,942242.0,Chiang Mai,Other provinces
4370100461,ISOLATE ลีนไขมันเพิ่มกล้ามเนื้อ Protein ISOLATE.X01,Mass Gainer,630.0,฿500–999,8.0,False,True,1.0,5040.0,Chiang Mai,Other provinces
4370211028,ครีเอทีนMax Creatine สร้างกล้ามเนื้อ (ความแข็งแรง),Mass Gainer,387.0,฿300–499,397.0,False,True,77.0,153639.0,Chiang Mai,Other provinces
4370216078,โปร 3ถุง สร้างกล้ามเนื้อ ครีเอทีนMax Creatine 3ถุง X3,Mass Gainer,981.0,฿500–999,96.0,False,True,13.0,94176.0,Chiang Mai,Other provinces
4371085905,ส่งฟรี โปรตีนน้ำผลไม้ รสแอปเปิ้ล Maxs Pro Green โปรตีนน้ำผลไม้เจ้าแรก ของแท้100%,Protein,2350.0,"฿1,000+",,False,False,,,Chiang Mai,Other provinces
4371834546,[🔥 ของแท้] ว่านร้อยชัยชาย ว่านร้อยชัย ว่านร้อย อกฟู หลีฟิต ลดกลิ่น ลดตกขาว เต้าคัด เต้าเตร่ง,Breast Enlargement,129.0,฿100–299,39.0,False,True,9.0,5031.0,Chonburi,Other provinces
4372551309,โปร 1 กล่อง Zena น้ำมันกระเทียม(1กล่องมี30แคปซูล) น้ำมันมะพร้าวสกัดเย็น ผลิตภัณฑ์ด้วยอาหารจากธรรมชาติ มีอย. ของแท้,Heart & Blood Pressure,279.0,฿100–299,,False,False,,,Nakhon Si Thammarat,Other provinces
4374468443,Chela zinc15mg 10 เม็ด แถมฟรี Sodamint 1000เม็ด exp.24/11/2026,Multivitamins,185.0,฿100–299,202.0,False,True,54.0,37370.0,Bangkok,Greater Bangkok
4374999960,เลซิติน กิฟฟารีน 60 แคปซูล ผสมแคโรทีนอยด์ และวิตามินอี Lecithin Giffarine,Well Being Gifts & Value Sets,505.0,฿500–999,1549.0,False,True,383.0,782245.0,Chiang Mai,Other provinces
4375097376,CLราคาพิเศษ พิมรี่ ไฟเบอร์ พลัส อิ่มนาน ดูดซึม มีกากใย Pimry 3รส รสองุ่น รสเเอปเปิ้ล รสฟรุตพั้นซ์ 4ซอง/กล่อง ผลิตภัณฑ์เสริมอาหาร,Digestive Care,179.0,฿100–299,85.0,False,True,7.0,15215.0,Pathum Thani,Greater Bangkok
4376122225,วีแกน โปรตีนพืช โปรตีนกิฟฟารีน สูตรหวานปกติ สูตร ไม่หวาน วีแกน มัลติ แพลนท์ โปรตีน Vegan Multi Plant Protein Giffarine,Protein,880.0,฿500–999,35.0,False,True,9.0,30800.0,Chiang Mai,Other provinces
4377256869,"(พร้อมส่ง) California Gold Nutrition, Organic Spirulina, 500 mg 240 เม็ด",Detoxification,499.0,฿300–499,6.0,False,True,,2994.0,Samut Prakan,Greater Bangkok
4378446022,[1 กระปุก] CoCoa Hi D โกโก้ชงสูง ไฮดี โกโก้แคลเซียม [200 g.],Nutritional Foods & Drinks,150.0,฿100–299,539.0,False,True,98.0,80850.0,Samut Prakan,Greater Bangkok
4378480727,Skratch Labs Sport Hydration Drink Mix เครื่องดื่มผง 440 g ผลิตเพื่อทดแทนน้ำและแร่ธาตุ,Mass Gainer,650.0,฿500–999,11.0,False,True,3.0,7150.0,Samut Prakan,Greater Bangkok
4380303466,"( ซื้อ 1 แถม 1 ) แพ็คเกจใหม่!! คอลลาเจนผัก 200,000mg.Veggie Collagen Powder คุมหิว อิ่มนาน ผอม ผิวสวย",Beauty Supplements Value Sets,310.0,฿300–499,820.0,False,True,179.0,254200.0,Bangkok,Greater Bangkok
4381936053,YES 1 ซอง,Sexual Health Vitamins,175.0,฿100–299,41.0,False,True,13.0,7175.0,Pathum Thani,Greater Bangkok
4382224204,"(ของแท้ พร้อมส่ง) ALLMAX Nutrition, Citrulline Malate, Unflavored, (300 g)",Pre-Workout,1290.0,"฿1,000+",38.0,False,True,7.0,49020.0,Samut Prakan,Greater Bangkok
4385310988,DS ดีเอส (D-ONEแพคเกจใหม่) ผลิตภัณฑ์เสริมอาหาร,Fat Blockers & Burners,179.0,฿100–299,365.0,False,True,44.0,65335.0,Bangkok,Greater Bangkok
4385911445,ลดเร่งด่วน Pada 🔥ส่งฟรี,Weight Management Value Sets,390.0,฿300–499,13.0,False,True,4.0,5070.0,Pathum Thani,Greater Bangkok
4386033441,Beta Oil (เบต้าออยล์)  ✅ไขมันในเลือดสูง หัวใจ ความดัน ระบบไหวเวียนเลือด BetaOil,Heart & Blood Pressure,3290.0,"฿1,000+",,False,False,,,Bangkok,Greater Bangkok
4386184839,[ ส่งฟรี ] [ มีโปร ]  โคซานอล มัลติ แพลนท์ โอเมก้า 3 ออยล์ น้ำมันงาขี้ม่อน น้ำมันเมล็ดแฟลกซ์ วิตามินอี [ ของแท้ ],Well Being Gifts & Value Sets,365.0,฿300–499,933.0,False,True,212.0,340545.0,Phayao,Other provinces
4386241878,✅( แพค2กล่อง)   MADAM BOOM (มาดามบูม) คืนความอ่อนเยาว์ให้คุณอีกครั้ง ภายในฟิต กระชับ 1 กล่อง 15 แคปซูล!!,Women's Health,179.0,฿100–299,16.0,False,True,1.0,2864.0,Bangkok,Greater Bangkok
4387715848,อภัย บี อภัย-บี กลีบบัวแดง ช่วยนอนหลับ เสริมความจำ Abhai-B 70 แคปซูล,Brain & Memory,187.0,฿100–299,243.0,False,True,31.0,45441.0,Bangkok,Greater Bangkok
4388500716,น้ำมันสกัดเย็น 4 ชนิด [ขนาด 100 เม็ด] (ขนาด 100 เม็ด 1 ขวด ฟรี zegasso 1 แผง),Immunity,449.0,฿300–499,24.0,False,True,7.0,10776.0,Bangkok,Greater Bangkok
4391294776,SALTPRO (ซอลท์ โปร) เกลือแร่แคปซูลป้องกันตะคริว สำหรับวิ่ง ออกกำลังกาย (Z10),Pre-Workout,100.0,฿100–299,133.0,False,True,15.0,13300.0,Bangkok,Greater Bangkok
4393359082,กาแฟม้าขาว(makhaw)แบบ12ซอง1กล่อง,Slimming Beverages,194.0,฿100–299,517.0,False,True,114.0,100298.0,Bangkok,Greater Bangkok
4396404294,"(พร้อมส่ง!) MuscleTech, Platinum 100% Caffeine, 220 mg, 125 เม็ด",Pre-Workout,399.0,฿300–499,,False,False,1.0,,Samut Prakan,Greater Bangkok
4396953514,คลอโรฟิลล์ กิฟฟารีน คลอโรฟิลล์ของแท้100 CHLOROPHYLL C-O GIFFARINE  คลอโรฟิล คลอโรฟิว ล้างสารพิษ,Detoxification,120.0,฿100–299,409.0,False,True,102.0,49080.0,Bangkok,Greater Bangkok
4396966422,ทับทิมเม็ด กิฟฟารีน ทับทิมเม็ด กรานาดา (ชนิดเม็ด ) GIFFARINE GRANADA สารสกัดจากทับทิม,Heart & Blood Pressure,225.0,฿100–299,,False,False,,,Bangkok,Greater Bangkok
4396988209,โคลีนบี กิฟฟารีน วิตามินบีรวม วิตามินบี Choline - B GIFFARINE โคลีน โคลีนบีกิฟฟารีน,Multivitamins,205.8,฿100–299,266.0,False,True,38.0,54742.8,Bangkok,Greater Bangkok
4397098284,มะระขี้นก ปานนะโอสถ 100 แคปซูล (ระวังของเลียนแบบ),Herbs & Traditional Medicine,120.0,฿100–299,165.0,False,True,25.0,19800.0,Chonburi,Other provinces
4401695314,(ไผ่เงิน)ธาตุบรรจบ เเก้ท้องอืด ท้องเฟ้อ ธาตุไม่ปกติ ขนาด100เเคปซูล,Herbs & Traditional Medicine,189.0,฿100–299,105.0,False,True,25.0,19845.0,Bangkok,Greater Bangkok
4402206479,NIKO GLUTA  1 แถม 2 นิโกะ กลูต้า   (3 กระปุก) ผลิตภัณฑ์เสริมอาหารตัวดัง  1 กระปุก 30 แคปซูล,Skin Nourishment,270.0,฿100–299,752.0,False,True,138.0,203040.0,Bangkok,Greater Bangkok
4402983365,น้ำหอม,Breast Enlargement,120.0,฿100–299,,False,False,,,Pathum Thani,Greater Bangkok
4404379658,เวย์โปรตีน ทดแทนมื้ออาหาร แคลอรี่ต่ำ หอมกล้วย ส่งฟรี,Meal Replacement,590.0,฿500–999,,False,False,,,Songkhla,Other provinces
4405338213,น้ำหอม,Breast Enlargement,120.0,฿100–299,,False,False,,,Pathum Thani,Greater Bangkok
4407497076,[🔥ของแท้] ว่านร้อยชัยชาย ว่านร้อยชัย นมใหญ่ เต่งตึง เต้าคัด ลดตกขาว ปรับฮอร์โมน หลีฟิต,Breast Enlargement,129.0,฿100–299,32.0,False,True,6.0,4128.0,Chonburi,Other provinces
4415021021,กลูต้าไอริน่า วิตามินผิวขาวใส แบบเร่งด่วน เห็นผลไว Gluta irina,Whitening,700.0,฿500–999,20.0,False,True,6.0,14000.0,Samut Prakan,Greater Bangkok
4415756496,Rida Coconut Oil ริด้า โคโค่พลัส &lt;&lt; ซื้อ 1 เเถม 1 กระปุก &gt;&gt; น้ำมันมะพร้าวสกัดเย็น ผสมคอลลาเจนจากญี่ปุ่น 60 เเคปซูล,Skin Nourishment,295.0,฿100–299,161.0,False,True,28.0,47495.0,Chiang Mai,Other provinces
4416116366,มาโปร เวย์โปรตีนไอโซเลท 1000 กรัม,Protein,1300.0,"฿1,000+",23.0,False,True,9.0,29900.0,Suphan Buri,Other provinces
4416845688,❗️ของแท้ ส่งฟรี❗️มานามิ คอลลาเจน & มาเอมิ กลูต้า By Puiinun Gluta Collagen Manami Maemi,Acne Care,1000.0,"฿1,000+",,False,False,1.0,,Bangkok,Greater Bangkok
4419995878,วิตามินเพื่อการนอนหลับ จากสารสกัด 9 in 1 มีกาบา GABA จาก ญี่ปุ่น อาหารเสริมช่วยให้นอนหลับ หลับลึก ผ่อนคลาย,"Stress, Sleep, and Anxiety",320.0,฿300–499,127.0,False,True,23.0,40640.0,Bangkok,Greater Bangkok
4421039532,ชุดดีท็อกซ์ (DETOX) ขวด detox + กาแฟดีท็อกซ์79 ขนาด100กรัม,Detoxification,149.0,฿100–299,35.0,False,True,4.0,5215.0,Bangkok,Greater Bangkok
4422860762,เบต้าเอ็กซ์ BATAX อาหารเสริมฟื้นฟูปอด 1ล่อง10เม็ด,Detoxification,320.0,฿300–499,25.0,False,True,6.0,8000.0,Chiang Mai,Other provinces
4425938176,กระเทียม  กระเทียมกิฟฟารีน กระเทียมสกัด กระเทียมแคปซูล GARLICINE GIFFARINE,Heart & Blood Pressure,300.0,฿300–499,40.0,False,True,11.0,12000.0,Bangkok,Greater Bangkok
4426796654,ลูกซัดผสมขิง เพิ่ม/กู้ ทำสต็อกนมแม่ เร่งด่วน เซ็ท 3 กระปุก,Women's Health,265.0,฿100–299,73.0,False,True,16.0,19345.0,Chiang Mai,Other provinces
4428471130,TREC NUTRITION BOOSTER ISOLATE Whey Protein Isolate - 1.6 lbs  เวย์โปรตีนไอโซเลท 100 % เสริมสร้างกล้ามเนื้อ ลดไขมัน,Protein,1340.0,"฿1,000+",,False,False,,,Chiang Rai,Other provinces
4430515774,!! ลดล้างสต็อก bHIP 🥛 Fusion X ฟิวชั่นเอ็กซ์ 🥛 แค่ 140 Cal (15 ซอง),Meal Replacement,105.0,฿100–299,9.0,False,True,,945.0,Phetchabun,Other provinces
4430928689,📣📣🇰🇷[พร้อมส่ง]น้ำฟักทองสูตรเฉพาะแบรนgnm,Slimming Beverages,359.0,฿300–499,183.0,False,True,23.0,65697.0,Pathum Thani,Greater Bangkok
4431256947,วิตามินเพื่อการนอนหลับ จากสารสกัด 9 in 1 มีกาบา GABA จาก ญี่ปุ่น อาหารเสริมช่วยให้นอนหลับ หลับลึก ผ่อนคลาย,"Stress, Sleep, and Anxiety",320.0,฿300–499,1116.0,False,True,121.0,357120.0,Bangkok,Greater Bangkok
4433790827,"[พร้อมส่ง แท้ 💯%] ""ส่งฟรี ไม่ง้อโค้ด"" Miji มิจิ อาหารเสริมสำหรับคุณผู้หญิงทุกวัย คืนความสาว ลดตกขาว บำรุงผิวขาวใสในกระปุกเดียว",Breast Enlargement,390.0,฿300–499,,False,False,,,Bangkok,Greater Bangkok
4433857156,"[พร้อมส่ง แท้ 💯%] ""ส่งฟรี ไม่ง้อโค้ด"" Vgine วีจิเน่ สมุนไพรบำรุงภายในผู้หญิง อกฟู รูฟิต ดับกลิ่นคาว คืนความสาวให้คุณผู้หญิง",Breast Enlargement,350.0,฿300–499,,False,False,,,Bangkok,Greater Bangkok
4434026266,"[พร้อมส่ง แท้ 💯%] ""ส่งฟรี ไม่ง้อโค้ด"" Yunabee ยูนาบี สมุนไพรบำรุงภายในสตรี หลีฟิต แน่นกระชับ ผู้ติดใจ ไม่ต้องพึ่งรีแพร์",Breast Enlargement,290.0,฿100–299,,False,False,1.0,,Bangkok,Greater Bangkok
4434870500,โปรตีน โปรตีนกิฟฟารีน วีแกน มัลติ แพลนท์ โปรตีน โปรตีนสกัดจากถั่วเหลือง สกัดจากถั่วลันเตาสีทอง,Protein,825.0,฿500–999,7.0,False,True,3.0,5775.0,Bangkok,Greater Bangkok
4436981553,✅ ส่งฟรี!!! ✅ Movita ผลิตภัณฑ์เสริมอาหาร กระดูก 1 กล่องมี 15 แคปซูน,Bone & Joint Support,882.0,฿500–999,744.0,False,True,185.0,656208.0,Bangkok,Greater Bangkok
4438146075,Real Elixir Alfa Chlorophyll Plus เรียล อิลิคเซอร์ อัลฟ่า คลอโรฟิล พลัส (100 g.) จำนวน 1 กระปุก,Detoxification,299.0,฿100–299,1959.0,False,True,277.0,585741.0,Bangkok,Greater Bangkok
4438267707,ส่งฟรี โคลิน-บี กิฟฟารีน นิ้วล็อค ชา มือ  วิตามินบีรวม  อาหารเสริม giffarine วิตามินรวม #vitamin วิตามินบี  กิฟฟารีน ของแท้ อย13-1-03440-1-0070,Multivitamins,210.0,฿100–299,88.0,False,True,13.0,18480.0,Chanthaburi,Other provinces
4438297394,ส่งฟรี โคลิน-คิดส์ CHOLIN-KIDS GIFFARINE อาหารเสริมเด็ก สมอง เพิ่มความจำ สมาธิสั้น  กลิ่นสตรอเบอร์รี่ ผสมโคลีน ชิดเม็ดเคี้ยว,Brain & Memory,130.0,฿100–299,11.0,False,True,2.0,1430.0,Chanthaburi,Other provinces
4438727719,Macher Black Orange Coffee กาแฟดำส้ม กาแฟดำส้มมาเชอร์ กาแฟดำน้ำส้มทัตซึมะมาเชอร์ กาแฟส้มมาเชอร์ 10 ซอง,Food Supplement,179.0,฿100–299,489.0,False,True,79.0,87531.0,Bangkok,Greater Bangkok
4439329639,TOMATAL ชงขาวมะเขือเทศ น้ำชงมะเขือเทศ 3 สี  ผงชงมะเขือเทศเข้มข้น(1กป ),Whitening,82.0,<฿100,5149.0,False,True,628.0,422218.0,Bangkok,Greater Bangkok
4440770923,Add Prost แอดโพรสท์ 1 กระปุก 30 แคปซูล อาหารเสริมต่อมลูกหมากโต อาหารเสริมต่อมลูกหมาก อาหารเสริมบํารุงต่อมลูกหมาก,Men's Health,580.0,฿500–999,16.0,False,True,4.0,9280.0,Chiang Mai,Other provinces
4440788034,NOW FOODS Folic Acid 800 mcg 250 เม็ดโฟลิค ธาตุเหล็ก,Women's Health,249.0,฿100–299,169.0,False,True,29.0,42081.0,Nonthaburi,Greater Bangkok
4441142713,[เซ็ต 4 กระป๋อง]Biovitt (XSชาไทย/XSช็อก/XSชาเขียว/XSกาแฟ/CIMMU/Fiberyy/Gluta/ไลโคปีน/โรสที อื่นๆ) ขนาด 120 กรัม,Mass Gainer,999.0,฿500–999,109.0,False,True,32.0,108891.0,Bangkok,Greater Bangkok
4441916186,น้ำมันรำข้าว จมูกข้าวสมฤดี ออไรซา (Somrudee Oryza) เป็นผลิตภัณฑ์เสริมอาหาร ชนิดแคปซูล บรรจุ 50 แคปซูล,Heart & Blood Pressure,359.0,฿300–499,,False,False,,,Chonburi,Other provinces
4444563471,Tasty Fit Plant Protein โปรตีนพืช จากเกาหลี อร่อย ทานง่าย สูตรเร่งเบิร์น รส Choco Banana แพลนต์เบสด์ แบบซองเชค,Meal Replacement,149.0,฿100–299,,False,False,,,Pathum Thani,Greater Bangkok
4445692074,Tasty Fit Plant Protein โปรตีนพืช จากเกาหลี อร่อย ดื่มง่าย สูตรผิวไบรท์ รส Vermilion Strawberry แพลนท์เบสด์ แบบซองเชค,Meal Replacement,149.0,฿100–299,,False,False,,,Pathum Thani,Greater Bangkok
4446192694,บาลูมบูม บำรุงภายใน,Breast Enlargement,750.0,฿500–999,,False,False,,,Bangkok,Greater Bangkok
4447400937,ว่านชักมดลูก สกัดเข้มข้น ตรา แฟร์รี่เฮิร์บ จบทุกปัญหาสุขภาพของสุภาพสตรี ปวดประจำเดือน มีกลิ่น ตกขาว กระชับ ฮอร์โมนปกติ,Breast Enlargement,139.0,฿100–299,,False,False,,,Nonthaburi,Greater Bangkok
4447472140,1 แถม 1 กระปุก เซตคู่จิ้น คอลลาเจน + กลูต้า ซี NAKATA Collagen Gluta C+ สูตรบำรุงผิวขาวเร่งด่วน คอลาเจน,Skin Nourishment,345.0,฿300–499,503.0,False,True,141.0,173535.0,Udon Thani,Other provinces
4447516923,(ล็อตใหม่พร้อมส่ง) แท้ 100% ROSEGOLD SAKANA COLLAGEN x 10 โรสโกลด์ ซาคานะ คอลลาเจน,Skin Nourishment,640.0,฿500–999,178.0,False,True,6.0,113920.0,Samut Prakan,Greater Bangkok
4448885630,*Ors* *ผงเกลือแร่* เกลือแร่ผง ท้องเสีย *ออรีด้า* กล่อง 50 ซอง Exp3/26 *ผงเกลือแร่ ออรีด้า*,Mass Gainer,178.0,฿100–299,21.0,False,True,8.0,3738.0,Songkhla,Other provinces
4449242648,"ของแท้!!! อาหารเสริม HGH สำหรับผู้ชายและผู้หญิง, REVSCI กล้ามเนื้อเพิ่มฮอร์โมนการเจริญเติบโตของมนุษย์, 60/120 แคปซูล ราคาถูก / ส่ง",Pre-Workout,360.34,฿300–499,,False,False,,,Bangkok,Greater Bangkok
4449771576,Swiss Energy L-Carnitine เม็ดฟู่แอลคาร์นิทีน 20 เม็ด,Pre-Workout,475.0,฿300–499,,False,False,,,Bangkok,Greater Bangkok
4452634697,ธาตุเหล็ก Iron 27/65mg 110/120 เม็ด  21st Century,Hair & Nail,199.0,฿100–299,154.0,False,True,36.0,30646.0,Nonthaburi,Greater Bangkok
4452830422,MIXSA FIVE OIL น้ำมันสกัดเย็น 5 ชนิด กระปุก40แคปซูล,Hair & Nail,258.0,฿100–299,22.0,False,True,2.0,5676.0,Nakhon Sawan,Other provinces
4455088662,พิเศษ 2 ซอง VENUS  Collagen  tripeptide pure 100% 100 G,Skin Nourishment,165.0,฿100–299,233.0,False,True,82.0,38445.0,Bangkok,Greater Bangkok
4460219658,Takabb ยาอม ตราตะขาบ 5 ตัว ชนิดซอง 3 กรัม/ซอง,Food Supplement,16.0,<฿100,423.0,False,True,30.0,6768.0,Bangkok,Greater Bangkok
4461031845,ชาเขียว ปันนี่ By เจ้ยุ้ย บรรจุ 20 ซอง/ห่อ (3 ห่อ) 60 ซอง,Slimming Beverages,199.0,฿100–299,53.0,False,True,15.0,10547.0,Bangkok,Greater Bangkok
4464998570,แคลโคป้า calcopa ของแท้‼️ ส่งฟรีทุกวัน วิตามินรวมวมบำรุงสมอง21ชนิด สมาธิ ความสูง กระดูกและฟัน,Brain & Memory,950.0,฿500–999,,False,False,,,Roi Et,Other provinces
4471201997,Real Elixir Alfa Chlorophyll Plus ( แบบซอง 5 กรัม ) 1 กล่อง 6 ซอง,Detoxification,85.0,<฿100,260.0,False,True,31.0,22100.0,Bangkok,Greater Bangkok
4471234063,Posh Medica Fiber พอช เมดิก้า ไฟเบอร์ [6 ซอง] [MC Plus แมค พลัส เดิม],Detoxification,129.0,฿100–299,9999.0,True,True,1012.0,1289871.0,Pathum Thani,Greater Bangkok
4471439840,Real Elixir Alfa Chlorophyll Plus  x  4  กล่อง ( 6 ซอง/กล่อง),Detoxification,279.0,฿100–299,45.0,False,True,16.0,12555.0,Bangkok,Greater Bangkok
4472325406,"Doctor's Best, Betaine HCI Pepsin & Gentian Bitters x 120 แคปซูล (Capsules)",Food Supplement,749.0,฿500–999,15.0,False,True,3.0,11235.0,Bangkok,Greater Bangkok
4475709009,&gt;&gt; พร้อมส่ง &lt;,Sexual Health Vitamins,119.0,฿100–299,47.0,False,True,10.0,5593.0,Chonburi,Other provinces
4476026204,[ของแท้100%] Jelly Fiber เจลลี่ไฟเบอร์ ลดพุง ลดน้ำหนัก 1กล่อง/5 ซอง,Slimming Beverages,124.0,฿100–299,780.0,False,True,86.0,96720.0,Bangkok,Greater Bangkok
4476179157,Seres L-Arginine แอล-อาร์จินีน 1000 mg พลัส กระตุ้นการหลั่งโกรทฮอร์โมน พื้นฟูเซลล์ร่างกาย เพิ่มปริมาณอสุจิ 45 capsules,Men's Health,119.0,฿100–299,53.0,False,True,15.0,6307.0,Chonburi,Other provinces
4476801650,Vistra Livotox 30 Tab ( 1 ขวด) วิสทร้า ลิโวท็อกซ์ ช่วยบำรุงตับ ลดไขมันเกาะตับ เหมาะสำหรับผู้ดื่มแอลกอฮอล์,Immunity,290.0,฿100–299,31.0,False,True,4.0,8990.0,Bangkok,Greater Bangkok
4479572650,[ส่งฟรี] ชุดเตรียมตั้งครรภ์ กิฟฟารีน โฟลิก ไบโอแฟลก NUTRI FOLIC / BIO FLAX PLUS Giffarine,Women's Health,135.0,฿100–299,20.0,False,True,2.0,2700.0,Chanthaburi,Other provinces
4479944885,คลอโรฟิล ( 1 ซอง ผสมน้ำ 1.5 ลิตร )  CHLOROPHYLL  คลอโรฟิล ฟรีกระบอกน้ำ,Detoxification,340.0,฿300–499,366.0,False,True,97.0,124440.0,Chanthaburi,Other provinces
4482279880,[🔥ของแท้] ว่านร้อยชัยชาย ว่านร้อยชัย นมใหญ่ เต่งตึง เต้าคัด ลดตกขาว ปรับฮอร์โมน หลีฟิต,Breast Enlargement,129.0,฿100–299,10.0,False,True,1.0,1290.0,Chonburi,Other provinces
4482413265,[🔥ของแท้] ว่านร้อยชัยชาย ว่านร้อยชัย นมใหญ่ เต่งตึง เต้าคัด ลดตกขาว ปรับฮอร์โมน หลีฟิต,Breast Enlargement,255.0,฿100–299,10.0,False,True,4.0,2550.0,Chonburi,Other provinces
4482608732,{🔥พร้อมส่ง+ของแท้} ว่านร้อยชัย ว่านร้อยชาย วิตามินเสริมสเน่ห์ เต้าคัด เตร่งตรึง ลดตกขาว ลดกลิ่น ปรับฮอร์โมน,Breast Enlargement,129.0,฿100–299,5.0,False,True,,645.0,Chonburi,Other provinces
4482617678,{🔥พร้อมส่ง+ของแท้} ว่านร้อยชาย ว่านร้อยชัย  วิตามินเสริมสเน่ห์ เต้าคัด เตร่งตรึง ลดตกขาว ลดกลิ่น ปรับฮอร์โมน,Breast Enlargement,129.0,฿100–299,,False,False,,,Chonburi,Other provinces
4482669430,{🔥พร้อมส่ง+ของแท้} ว่านร้อยชัย ว่านร้อยชาย วิตามินเสริมสเน่ห์ เต้าคัด เตร่งตรึง ลดตกขาว ลดกลิ่น ปรับฮอร์โมน,Breast Enlargement,129.0,฿100–299,53.0,False,True,8.0,6837.0,Chonburi,Other provinces
4482677362,{🔥พร้อมส่ง+ของแท้} ว่านร้อยชัย ว่านร้อยชาย วิตามินเสริมสเน่ห์ เต้าคัด เตร่งตรึง ลดตกขาว ลดกลิ่น ปรับฮอร์โมน,Breast Enlargement,129.0,฿100–299,,False,False,,,Chonburi,Other provinces
4482699258,{🔥พร้อมส่ง+ของแท้} ว่านร้อยชาย ว่านร้อยชัย  วิตามินเสริมสเน่ห์ เต้าคัด เตร่งตรึง ลดตกขาว ลดกลิ่น ปรับฮอร์โมน,Breast Enlargement,129.0,฿100–299,,False,False,1.0,,Chonburi,Other provinces
4482713499,{🔥พร้อมส่ง+ของแท้} ว่านร้อยชาย ว่านร้อยชัย  วิตามินเสริมสเน่ห์ เต้าคัด เตร่งตรึง ลดตกขาว ลดกลิ่น ปรับฮอร์โมน,Breast Enlargement,129.0,฿100–299,,False,False,,,Chonburi,Other provinces
4482736201,{🔥พร้อมส่ง+ของแท้} ว่านร้อยชัย ว่านร้อยชาย วิตามินเสริมสเน่ห์ เต้าคัด เตร่งตรึง ลดตกขาว ลดกลิ่น ปรับฮอร์โมน,Breast Enlargement,129.0,฿100–299,7.0,False,True,1.0,903.0,Chonburi,Other provinces
4483571081,green mulon สารสกัดจากชาเขียว ภูมิแพ้,Immunity,720.0,฿500–999,122.0,False,True,37.0,87840.0,Bangkok,Greater Bangkok
4483596439,TOMAZING PLUS2 โทเมซิง พลัส2 ไลโคปีน ต่อม ลูกหมาก 30แคปซูล,Multivitamins,640.0,฿500–999,249.0,False,True,53.0,159360.0,Bangkok,Greater Bangkok
4483599307,ISO cur ma ข้อเข่า บำรุงเข่า,Bone & Joint Support,690.0,฿500–999,80.0,False,True,21.0,55200.0,Bangkok,Greater Bangkok
4483740609,"{ของแท้จากบริษัท โปร 1 แถม 1} นันโนะคอลลาเจนเพียว 100,000 mg คอลลาเจนจากปลาน้ำจืด แพ้อาหารทะเลทานได้ ไม่ผสมแป้งและน้ำตาล",Skin Nourishment,290.0,฿100–299,285.0,False,True,72.0,82650.0,Suphan Buri,Other provinces
4484961569,ว่านเสน่หาบ้านแก้วใสเพื่อผู้หญิง บรรจุ 10 แคปซูล  (10 ซอง ),Breast Enlargement,250.0,฿100–299,,False,False,,,Si Sa Ket,Other provinces
4484970960,ว่านเสน่หาบ้านแก้วใสเพื่อผู้หญิง บรรจุ 10 แคปซูล  (5 ซอง ),Breast Enlargement,100.0,฿100–299,,False,False,,,Si Sa Ket,Other provinces
4485152179,ว่านเสน่หาบ้านแก้วใสเพื่อผู้หญิง บรรจุ 10 แคปซูล  (1 ซอง ),Breast Enlargement,29.0,<฿100,,False,False,,,Si Sa Ket,Other provinces
4487883211,❤️สูตรบำรุงเลือด ฟื้นฟูหัวใจ ลิ่มเลือดแข็งตัว หลอดเลือดหัวใจตีบ ตัน อาหารเสริม สมุนไพรจีนลดความดันโลหิต Folic โฟลิค แก้เลือดลมติดขัด B-Qi,Heart & Blood Pressure,420.0,฿300–499,,False,False,,,Bangkok,Greater Bangkok
4490000566,✅ส่งฟรี✅ Gino Vita Plant Protein โปรตีนจากพืช เสริมกล้ามเนื้อ สำหรับผู้สูงอายุ ทดแทนมื้ออาหาร แพ้นมทานได้ แคลเซียมสูง,Well Being Gifts & Value Sets,590.0,฿500–999,35.0,False,True,8.0,20650.0,Chonburi,Other provinces
4494464007,Honey Q ฮันนี่คิว รับประกันของแท้ ตัวช่วคุมน้ำหนัก คุณเอ้ ชุติมา กรีดรหัส,Weight Management Value Sets,259.0,฿100–299,19.0,False,True,5.0,4921.0,Nonthaburi,Greater Bangkok
4494873465,WaterHerb น้ำกระเทียมโทนผสมขิงสกัด สูตรเข้มข้น (ขนาด 300 ml.),Nutritional Foods & Drinks,265.0,฿100–299,212.0,False,True,57.0,56180.0,Bangkok,Greater Bangkok
4498324134,ผลิตภัณฑ์เสริมอาหาร (1 แถม 1)X6 Plus Hard Iron สำหรับหญิง B2(ไม่ระบุชื่อสินค้าหน้ากล่อง),Women's Health,195.0,฿100–299,306.0,False,True,64.0,59670.0,Sukhothai,Other provinces
4499909974,SOY ISOLATE ซอยโปรตีน SOY Protein โปรตีนถั่วเหลือง โปรตีนพืช  เพิ่มกล้าม คุมหิว ลีน ฟิต สำหรับคนแพ้เวย์โปรตีน,Meal Replacement,159.0,฿100–299,284.0,False,True,80.0,45156.0,Bangkok,Greater Bangkok
4499935407,"[ แอลไทโรซีน ] NOW Foods, L-Tyrosine (500 mg) x 120 แคปซูล (Capsules)","Stress, Sleep, and Anxiety",779.0,฿500–999,,False,False,,,Bangkok,Greater Bangkok
4500945178,"[พร้อมส่ง แท้ 💯%] ""ส่งฟรี ไม่ง้อโค้ด"" โปรโมชั่น ซื้อ 1 กล่อง แถมฟรี 2 กล่อง Tea For You ที ฟอร์ ยู ชาเพื่อคุณ ชาชงสมุนไพรกุหลาบ ขจัดทุกปัญหาของคุณผู้หญิง",Breast Enlargement,290.0,฿100–299,,False,False,,,Bangkok,Greater Bangkok
4501225252,โปรคู่ มาร์บูม + บาลูมบูม ช่วยระบบภายใน ฮอร์โมน,Breast Enlargement,700.0,฿500–999,,False,False,,,Bangkok,Greater Bangkok
4501601394,ZEAvita collagen 70x  1 กล่อง จำนวน 8 ซอง (ขายส่ง),Beauty Supplements Value Sets,199.0,฿100–299,,False,False,,,Lamphun,Other provinces
4502572792,Exp : 10/25 Mega We Care Lecithin เมก้า วีแคร์ เลซิติน 1200 mg. ขนาด 30 และ 100 แคปซูล,Brain & Memory,90.0,<฿100,350.0,False,True,88.0,31500.0,Bangkok,Greater Bangkok
4505352797,แพ็คคู่สุดคุ้ม วิตามินซี+คอลลาเจน(Fulfill),Beauty Supplements Value Sets,300.0,฿300–499,162.0,False,True,33.0,48600.0,Phichit,Other provinces
4506588403,Chame ชาเม่ คริสตอล คอลลาเจน ผลิตภัณฑ์เสริมอาหาร (2 กล่อง แถม 20 ซอง) #125414,Acne Care,1490.0,"฿1,000+",,False,False,,,Bangkok,Greater Bangkok
4506624986,พี่หนิงคอฟฟี่ กาแฟพี่หนิง P Ning Coffee (10 ซอง)ชนิดผง แคลต่ำ,Slimming Beverages,138.0,฿100–299,523.0,False,True,75.0,72174.0,Bangkok,Greater Bangkok
4507213645,Bio Plant 9+ โปรตีนพืช ออร์แกนิค 9 ชนิด รสมอลต์ 2 กล่อง (ให้โปรตีนมากถึง 37 กรัม ต่อซอง),Protein,900.0,฿500–999,12.0,False,True,2.0,10800.0,Bangkok,Greater Bangkok
4507955843,SaltStick Fastchews 60 ct - อิเล็กโทรไลต์ชนิดเม็ดแบบเคี้ยว 60 เม็ด best by 2024-2025,Pre-Workout,850.0,฿500–999,8.0,False,True,3.0,6800.0,Pathum Thani,Greater Bangkok
4509401196,YUNABEE ยูนาบี สมุนไพรดูแลภายในผู้หญิง ลดตกขาว ลดอาการปวดประจำเดือน,Breast Enlargement,290.0,฿100–299,,False,False,,,Nonthaburi,Greater Bangkok
4510026667,Life Extension Vinpocetine 10 mg / 100 Vegetarian Tablets,Well Being Gifts & Value Sets,460.0,฿300–499,8.0,False,True,2.0,3680.0,Nakhon Pathom,Greater Bangkok
4512440812,JESSIE MUM ผลิตภัณฑ์อาหารเสริมดูแลเกี่ยวกับน้ำนมแม่ ขนาด 1 ทดลอง บรรจุ 5 แคปซูล,Pregnancy Care,180.0,฿100–299,9.0,False,True,3.0,1620.0,Samut Sakhon,Greater Bangkok
4512588863,ส่งฟรี YUNABEE ยูนาบี สมุนไพรดูแลภายในผู้หญิง บรรจุ 30 แคปซูล,Breast Enlargement,290.0,฿100–299,,False,False,,,Nonthaburi,Greater Bangkok
4514543011,[[**ขวด 150 ml**]] Bain Syrup (หมดอายุ 18/7/24) DHA 70% Omega 3 เบนไซรัป Nutrimaster น้ำมันปลา บรรจุ 150 ml,Brain & Memory,145.0,฿100–299,81.0,False,True,17.0,11745.0,Bangkok,Greater Bangkok
4517815183,Larlin ลาลินน์ วิตามินผoม x10 ไม่ต้องoดไม่ต้องออก ให้เสียเวลา,Weight Management Value Sets,350.0,฿300–499,5.0,False,True,,1750.0,Surin,Other provinces
4520528874,JEJUVITA Xs Tox Fiber powder 15000mg เจจูวีต้า เอ็กซ์เอส ท็อกซ์ ไฟเบอร์พาวเดอร์ อาหารเสริม (15g x 10ซอง),Detoxification,319.0,฿300–499,,False,False,,,Surin,Other provinces
4525693434,Herbu Soy Protein (เฮอร์บุ ซอยโปรตีน) zalenza แพ็คเกจใหม่ ส่งฟรี ไม่ต้องใช้โค้ด!!,Breast Enlargement,578.0,฿500–999,,False,False,,,Phra Nakhon Si Ayutthaya,Other provinces
4526613475,Condoquin อาหารเสริม บำรุงไขข้อและกระดูก สำหรับสุนัขและแมว (ขนาดบรรจุ 30 เม็ด),Bone & Joint Support,139.0,฿100–299,65.0,False,True,9.0,9035.0,Bangkok,Greater Bangkok
4527160033,Tomatal น้ำชงมะเขือเทศ บำรุงผิว,Skin Nourishment,70.0,<฿100,104.0,False,True,6.0,7280.0,Bangkok,Greater Bangkok
4528487635,ครีเอทีนแบ่งขาย ของแท้100% 100% CREATINE 5000 เวย์โปรตีนแบ่งขาย,Pre-Workout,109.0,฿100–299,226.0,False,True,45.0,24634.0,Nakhon Si Thammarat,Other provinces
4529324154,Gh mood เครื่องดื่มสมุนไพรช่วยการนอนหลับ เซต 6 ขวด,"Stress, Sleep, and Anxiety",359.0,฿300–499,,False,False,,,Nonthaburi,Greater Bangkok
4529395284,Slim up Slim จาก Asahi เวย์ โปรตีนไดเดท สำหรับควบคุมน้ำหนัก สุดฮิตจากญี่ปุ่น,Meal Replacement,649.0,฿500–999,7.0,False,True,4.0,4543.0,Samut Prakan,Greater Bangkok
4529859714,Now  Food  Valerian Root  500mg 100 Capsules Exp 08/26,"Stress, Sleep, and Anxiety",359.0,฿300–499,52.0,False,True,9.0,18668.0,Nonthaburi,Greater Bangkok
4533593246,(มีตัวเลือกด้านใน) ส่งฟรี Biovitt Whey Protein Thai TEA เวย์โปรตีน รสชาไทย ลดไขมันและน้ำหนักไม่มีน้้ำตาล,Mass Gainer,999.0,฿500–999,8.0,False,True,2.0,7992.0,Samut Prakan,Greater Bangkok
4535876337,จี บลิ้งค์ ไวต้า ช็อต ผงวิตามินเข้มข้น 1กระปุก 60g. G Blink Vita Shot,Beauty Supplements Value Sets,127.0,฿100–299,7.0,False,True,1.0,889.0,Bangkok,Greater Bangkok
4536385451,Vistra Marine collagen tripeptide 1300 mg 30 tabs วิสตร้า มารีน คอลลาเจน 1300 มก 30 เม็ด,Skin Nourishment,340.0,฿300–499,,False,False,,,Bangkok,Greater Bangkok
4539000554,ยูเน่เอส Unes 1 แถม 1 ของแท้💯 พร้อมส่ง‼️ชื่อเก่า มาดามมาริต้า มาดามกล่องแดง,Appetite Suppressant,350.0,฿300–499,56.0,False,True,15.0,19600.0,Saraburi,Other provinces
4539221763,(ของแท้) (กล่องเล็ก 120 เม็ด) สมุนไพรกษัยเส้น ตรา สมเจตน์ บรรเทาอาการปวดเมื่อย เหน็บชา,Herbs & Traditional Medicine,200.0,฿100–299,80.0,False,True,10.0,16000.0,Bangkok,Greater Bangkok
4543965220,JESSIE MUM ผลิตภัณฑ์อาหารเสริมดูแลเกี่ยวกับน้ำนมแม่ ขนาด 1 ทดลอง บรรจุ 5 แคปซูล,Pregnancy Care,180.0,฿100–299,,False,False,,,Samut Sakhon,Greater Bangkok
4543978052,JESSIE MUM ผลิตภัณฑ์อาหารเสริมดูแลเกี่ยวกับน้ำนมแม่ ขนาด 2 ทดลอง บรรจุ 10 แคปซูล,Pregnancy Care,360.0,฿300–499,,False,False,,,Samut Sakhon,Greater Bangkok
4544391198,ว่านร้อยชัยของแท้ ว่านร้อยชาย-วิตามินเสริมเสน่ห์ นมใหญ่ เต่งตึง ไร้กลิ่น ตกขาว ปรับฮอร์โมน,Sexual Health Vitamins,90.0,<฿100,1930.0,False,True,244.0,173700.0,Unknown,Unknown
4546191735,"Folic Acid, Plus B-12, 800 mcg, 30 Tablets Thompson กรดโฟลิค",Pregnancy Care,190.0,฿100–299,,False,False,,,Bangkok,Greater Bangkok
4546670491,G'nite GUMMY 6Sac Handy Herb  จี-ไนท์ กัมมี่ กลิ่นองุ่นเคียวโฮ 6 ซอง/กล่อง (4 ชิ้น/ซอง) [[ ยกกล่อง ]],"Stress, Sleep, and Anxiety",179.0,฿100–299,21.0,False,True,2.0,3759.0,Phitsanulok,Other provinces
4546889721,"With Love เครื่องดื่ม เพิ่มน้ำนม น้ำหัวปลี หัวปลี เพิ่มน้ำนม โฉมใหม่ กล่องสีชมพู ปลูกรัก Plant Love 1 กล่อง [With Love, drink to increase milk, Hua Pli juice, Hua Pli juice, add milk, new look, pink box, plant love, Plant Love 1 box]",Pregnancy Care,169.0,฿100–299,,False,False,,,Trang,Other provinces
4547201780,Jessie Mum สมุนไพรกระตุ้นน้ำนมสำหรับคุณแม่ 1 กล่อง ขนาด 30 แคปซูล,Pregnancy Care,890.0,฿500–999,,False,False,,,Nakhon Si Thammarat,Other provinces
4547648718,"""Peptamen"" เปปทาเมน  อาหารสูตรครบถ้วนสำหรับผู้ป่วยที่มีปัญหาเกี่ยวกับระบบการย่อยอาหารและการดูดซึม เป็นอาหารทางการแพทย์สูตรเปปไทด์ที่ร่างกายดูดซึมได้ง่าย เนื่องจากมีโปรตีนเวย์ในรูปแบบเป็ปไทด์ และประกอบด้วย มีเดียมเชนไตรกลีเซอไรด์ (MCT) #peptamen400",Nutritional Foods & Drinks,799.0,฿500–999,497.0,False,True,12.0,397103.0,Bangkok,Greater Bangkok
4550292975,JESSIE MUM [ทานง่าย] อาหารเสริมเพิ่มน้ำนม สำหรับคุณแม่น้ำนมน้อย 30 แคปซูล,Pregnancy Care,890.0,฿500–999,,False,False,,,Samut Sakhon,Greater Bangkok
4550305738,Jessie Mum [รวมโปร]ขนาดทดลอง อาหารเสริมเพิ่มน้ำนม สำหรับคุณแม่น้ำนมน้อย 5แคปซูล,Pregnancy Care,540.0,฿500–999,,False,False,,,Samut Sakhon,Greater Bangkok
4550325581,[รวมโปร]Jessiemum ขนาดทดลอง เจสซี่มัม อาหารเสริมเพิ่มน้ำนม สำหรับคุณแม่ให้นมน้อง x 1 ซอง 5 แคปซูล,Pregnancy Care,540.0,฿500–999,,False,False,,,Samut Sakhon,Greater Bangkok
4550384056,[ส่งด่วน]JESSIE MUM ผลิตภัณฑ์เสริมอาหารเพิ่มน้ำนม  ขนาด 1 ชุดทดลอง 5 แคปซูล [โปรจัดเซท],Pregnancy Care,720.0,฿500–999,,False,False,,,Samut Sakhon,Greater Bangkok
4550401073,JESSIE MUM [รวมโปร setแบบกล่อง] ผลิตภัณฑ์เสริมดูแลเกี่ยวกับน้ำนมแม่ เหมาะกับคุณแม่สายปั๊มเลยนะคะ ทำสต๊อกน้ำนม แถมเข้ากลุ่มนัดปั๊มนมจ้าแม่,Pregnancy Care,890.0,฿500–999,,False,False,,,Samut Sakhon,Greater Bangkok
4551382135,คลอโรฟิลล์ ของแท้ 100% Chlorophyll powder Unicity,Detoxification,699.0,฿500–999,183.0,False,True,43.0,127917.0,Chiang Mai,Other provinces
4552496722,BUN vitta บุญวิตต้า (3กระปุก) น้ำมันงาสกัด100%,Bone & Joint Support,450.0,฿300–499,27.0,False,True,2.0,12150.0,Bangkok,Greater Bangkok
4553408675,(Exp 14/12/24) [ยกกล่อง 12 ซอง] ONE GERD วัน เกิร์ด บรรจุ 12 ซอง/ซอง 10 มล.,Nutritional Foods & Drinks,215.0,฿100–299,40.0,False,True,7.0,8600.0,Bangkok,Greater Bangkok
4553899119,((เซ็ตคู่)) เม็ดเคี้ยวปุยนุ่น ขนมผิว มี๊ขนม แฟนครูเต้ย Puiinun Maemi & Manami ปุยนุ่นมาเอมิ +ปุยนุ่นมานามิ เคี้ยวง่ายอร่อย **1กะปุก30เม็ด**,Skin Nourishment,340.0,฿300–499,88.0,False,True,8.0,29920.0,Bangkok,Greater Bangkok
4557458961,🔥 ส่งฟรี! ส่งไว 🔥 MS Magnesium Plus แมกนีเซียม และวิตามิน B1 B6 B12 ป้องกันไมเกรน บำรุงระบบประสาท 1 แถม 1 [120 แคปซูล],Brain & Memory,245.0,฿100–299,32.0,False,True,13.0,7840.0,Saraburi,Other provinces
4557944070,⚡️ล็อตใหม่ EXP: 04/25⚡️Benja Oil Securmin เบญจออยล์ ซีเคอร์มิน 1กระปุก,Well Being Gifts & Value Sets,189.0,฿100–299,1035.0,False,True,155.0,195615.0,Bangkok,Greater Bangkok
4558939406,(ของแท้) (กล่องใหญ่ 200 เม็ด) สมุนไพรกษัยเส้น ตรา สมเจตน์ บรรเทาอาการปวดเมื่อย เหน็บชา,Herbs & Traditional Medicine,300.0,฿300–499,123.0,False,True,24.0,36900.0,Bangkok,Greater Bangkok
4559581899,Himalaya Liv.52 DS ล๊อตใหม่ บำรุงตับ 60 เม็ด,Detoxification,75.0,<฿100,750.0,False,True,116.0,56250.0,Bangkok,Greater Bangkok
4563224009,โก้โก้  พริม่า เอส โก้โก้ ถัง คุ้มหิว,Meal Replacement,280.0,฿100–299,,False,False,,,Khon Kaen,Other provinces
4563387701,ซีแอลเอ CLA Conjugated Linoleic Acid Plus L-carnitine  ตรา บลูเบิร์ด 600 มิลลิกรัม 60 แคปซูล,Fat Blockers & Burners,219.0,฿100–299,,False,False,1.0,,Bangkok,Greater Bangkok
4566820491,ส่งฟรี JESSIE MUM ผลิตภัณฑ์อาหารเสริมดูแลเกี่ยวกับน้ำนมแม่ 1 กล่อง 30 แคปซูล,Pregnancy Care,890.0,฿500–999,,False,False,,,Nonthaburi,Greater Bangkok
4567032724,โปรสุดคุ้ม JESSIE MUM ผลิตภัณฑ์อาหารเสริมดูแลเกี่ยวกับน้ำนมแม่ 2 กล่อง 60 แคปซูล,Pregnancy Care,1500.0,"฿1,000+",,False,False,,,Nonthaburi,Greater Bangkok
4567118167,ชุดทดลอง JESSIE MUM ผลิตภัณฑ์อาหารเสริมดูแลเกี่ยวกับน้ำนมแม่,Pregnancy Care,180.0,฿100–299,,False,False,,,Nonthaburi,Greater Bangkok
4579971472,✨ส่งฟรี Aiko Calcium ไอโกะ วิตามินแคลเซียมเพิ่มความสูง บำรุงกระดูก จากประเทศญี่ปุ่น ขนาด50แคปซูน (ของแท้+ส่งฟรี),Bone & Joint Support,290.0,฿100–299,1059.0,False,True,199.0,307110.0,Lampang,Other provinces
4580149052,1 แถม 1 (2 กระปุก) วีทกราส คลอโรฟิลล์ 50 กรัม แบรนด์ยูมิโกะ,Well Being Gifts & Value Sets,350.0,฿300–499,,False,False,,,Chiang Mai,Other provinces
4580215619,ZENA ซีน่า 6 กระปุก  1100 ส่งฟรี บาทน้ำมันกระเทียมผสมน้ำมันมะพร้าวสะกัดเย็นเข้มข้น,Heart & Blood Pressure,1100.0,"฿1,000+",20.0,False,True,6.0,22000.0,Khon Kaen,Other provinces
4581311666,มัมซ์โกลด์ พลัส ชาอุ่นรัก(3 กล่องแถมฟรีกระเป๋า ส่งฟรี)เพิ่มน้ำนม บำรุงน้ำนมแม่,Pregnancy Care,1150.0,"฿1,000+",,False,False,,,Pathum Thani,Greater Bangkok
4581792962,"CREATINE 5000 ขนาด 1,000 กรัม เพิ่มพละกำลัง สะสมพลังงานให้กล้ามเนื้อ VITAXTRONG 100%",Mass Gainer,1300.0,"฿1,000+",9.0,False,True,3.0,11700.0,Roi Et,Other provinces
4581966991,1แถม1‼️เบลล์เลอรีน กลูต้าเบลเลอรีน Bell lerine 🍅 เบลเลอรีน กลูต้าเบลล์ วิตามินสูตรคุณหมอ 1 แคปซูล=มะเขือเทศ 30ลูก,Whitening,169.0,฿100–299,,False,False,1.0,,Bangkok,Greater Bangkok
4584952721,(1แถม1) กลูต้า เบลล์ เลอรีน Bell Lerine,Whitening,165.0,฿100–299,75.0,False,True,22.0,12375.0,Bangkok,Greater Bangkok
4585197217,กลูต้าเบลล์ เลอรีน Bell lerine ( 1 แถม  1 ),Whitening,165.0,฿100–299,2748.0,False,True,604.0,453420.0,Bangkok,Greater Bangkok
4586400137,Boom Gluta Shots บูม กลูต้าชอต ( 1 กล่อว 15 ซอง )( หมดอายุ 3/2024 ขึ้นไป ),Whitening,189.0,฿100–299,152.0,False,True,14.0,28728.0,Samut Prakan,Greater Bangkok
4588749560,Proflex Whey Protein Concentrate CHOCOLATE 700g โปรเฟล็กซ์ เวย์โปรตีน  รสช็อคโกแลต สูตรคอนเซนเทรต 700 กรัม,Mass Gainer,1029.0,"฿1,000+",,False,False,,,Phitsanulok,Other provinces
4589234573,ยาลดน้ำหนัก I REAL S  คุมน้ำหนักจากอเมริกา 1เม็ดคุมหิวได้นาน3วันไม่หิวเลย,Weight Management Value Sets,290.0,฿100–299,,False,False,,,Sakon Nakhon,Other provinces
4590503567,Balance X - BLX แคปซูลอาหารเสริมสำหรับคุณผู้ชาย ผลิตภัณฑ์เสริมอาหารท่านชาย,Sexual Health Vitamins,690.0,฿500–999,16.0,False,True,,11040.0,Bangkok,Greater Bangkok
4591236724,✅ ส่งฟรี/พร้อมส่ง ✅ 1แถม2 โสม ตังกุย แอนนาลิส คอลลาเจน ไตรเปปไทด์ แอสแทรค พลัส Dong Quai Extract Plus สารสกัดเข้มข้น,Well Being Gifts & Value Sets,390.0,฿300–499,100.0,False,True,36.0,39000.0,Chonburi,Other provinces
4591842864,Amsel Calcium L-Threonate+Collagen Type II,Well Being Gifts & Value Sets,360.0,฿300–499,66.0,False,True,20.0,23760.0,Samut Prakan,Greater Bangkok
4593347815,SOY ISOLATE ซอยโปรตีน SOY Protein โปรตีนถั่วเหลือง โปรตีนพืช  เพิ่มกล้าม คุมหิว ลีน ฟิต สำหรับคนแพ้เวย์โปรตีน,Meal Replacement,159.0,฿100–299,863.0,False,True,254.0,137217.0,Bangkok,Greater Bangkok
4593349540,"1  กระปุก AliGen Collagen อลิเจน คอลลาเจนเพียว ไตรเปปไทด์ ชนิดเม็ด 60,000mg. 60 เม็ด",Whitening,99.0,<฿100,132.0,False,True,23.0,13068.0,Bangkok,Greater Bangkok
4593384970,ไลโคปีน กิฟารีน ต่อมลูกหมาก ฉี่บ่อย ปัสสวะบ่อย มะเขือเทศสกัด Lycopene มะเชือเทศผง ผสมวิตามินซี ไลโคปีน แคโรทีนอยด์,Well Being Gifts & Value Sets,329.0,฿300–499,10.0,False,True,4.0,3290.0,Pathum Thani,Greater Bangkok
4593459172,TIGRA for MEN ไทกร้า ฟอร์ เมน อาหารเสริมท่านชาย อาหารเสริมบำรุงร่างกาย 10 แคปซูล [ 1 กล่อง ],Sexual Health Vitamins,259.0,฿100–299,86.0,False,True,19.0,22274.0,Bangkok,Greater Bangkok
4594088785,11X Verena 11x เวอรีน่า   hair vitamins บำรุงผม วิตามิน อาหารเสริม  กระปุกละ 21 เม็ด,Multivitamins,168.0,฿100–299,280.0,False,True,73.0,47040.0,Samut Prakan,Greater Bangkok
4596654531,แท้ 100% 🧡 YANHEE Callyn Plus ยันฮี คอลลิน พลัส,Beauty Supplements Value Sets,279.0,฿100–299,537.0,False,True,141.0,149823.0,Bangkok,Greater Bangkok
4598489469,MAFINZE Finfer มาฟินเซ่ ฟินเฟอร์ [6 เม็ด/กล่อง] /MAFINFE Lady Plus มาฟินเซ่ เลดี้พลัส พริมโรส [10 เม็ด/กล่อง],Sexual Health Vitamins,55.0,<฿100,116.0,False,True,17.0,6380.0,Bangkok,Greater Bangkok
4598788977,พร้อมส่ง/ของแท้/ 3 Miracles ทรี มิราเคิลส์ อาหารเสริมจากถั่งเช่า เห็ดหลินจือ โสม / 1 กล่อง 30 แคปซูล,Multivitamins,165.0,฿100–299,11.0,False,True,4.0,1815.0,Bangkok,Greater Bangkok
4599015612,ส่งด่วน/ของแท้/ 3 Miracles ทรี มิราเคิลส์ อาหารเสริมจากถั่งเช่า เห็ดหลินจือ โสม / 1 กล่อง 30 แคปซูล,Well Being Gifts & Value Sets,165.0,฿100–299,15.0,False,True,3.0,2475.0,Bangkok,Greater Bangkok
4600974538,NAN HA 1 gold pro สูตรสารอาหารครบถ้วนสำหรับเด็กแรกเกิดจนถึง 1 ปี,Pregnancy Care,399.0,฿300–499,81.0,False,True,2.0,32319.0,Lopburi,Other provinces
4601776143,HandyHerb Gnite จีไนท์ ขนาดแผงคุ้มค่า สมุนไพรคาโมมายล์ ช่วยให้หลับสนิทตลอดคืน สดชื่นตอนตื่น ทานประจำคุ้มกว่า,"Stress, Sleep, and Anxiety",90.0,<฿100,255.0,False,True,65.0,22950.0,Nonthaburi,Greater Bangkok
4602659764,ไออุ่น หัวปลีกระตุ้นน้ำนมชนิดผง,Pregnancy Care,150.0,฿100–299,,False,False,,,Si Sa Ket,Other provinces
4602751140,แท้ ✅ วีจิเน่ V gine สมุนไพรสำหรับผู้หญิง สมุนไพรสกัดจากธรรมชาติ  บำรุงจากภายใน สู่ภายนอก 30 แคปซูล,Women's Health,263.0,฿100–299,610.0,False,True,128.0,160430.0,Bangkok,Greater Bangkok
4603213048,เอ็นโด Endo กระปุกละ10 แคปซูล เพิ่มความมั่นใจให้กับตัวคุณ,Men's Health,470.0,฿300–499,9.0,False,True,1.0,4230.0,Surin,Other provinces
4604581826,[[**ขวด 150 ml**]]  เบนไซรัป น้ำมันปลา Bain Syrup DHA 70% Omega 3 150 ml  Nutrimaster  (วันหมดอายุ 18/7/24),Multivitamins,145.0,฿100–299,194.0,False,True,31.0,28130.0,Bangkok,Greater Bangkok
4605049897,(1แถม1) กลูต้า เบลล์ เลอรีน Bell Lerine,Whitening,155.0,฿100–299,1284.0,False,True,265.0,199020.0,Bangkok,Greater Bangkok
4605186047,ส่งฟรี ซิตริแม็กซ์ กิฟฟารีน สารสกัดจากผลส้มแขก ผสมโครเมียม,Weight Management Value Sets,435.0,฿300–499,,False,False,,,Chanthaburi,Other provinces
4606009002,[ TaVe ] ทาวี่ไฟเบอร์ - ( 2กล่อง )[1กล่อง4ซอง] ตัวช่วยให้ถ่ายคล่อง สินค้าจากบริษัท,Digestive Care,194.0,฿100–299,670.0,False,True,149.0,129980.0,Phuket,Other provinces
4606313014,MaxTech Protein Isolate เวย์โปรตีน ไอโซเลท ลดไขมัน เพิ่มกล้ามเนื้อ V19,Protein,690.0,฿500–999,147.0,False,True,32.0,101430.0,Chiang Mai,Other provinces
4607056904,(1แถม1) กลูต้า เบลล์ เลอรีน Bell Lerine,Whitening,155.0,฿100–299,227.0,False,True,33.0,35185.0,Bangkok,Greater Bangkok
4608344749,Kisslip ลูกอมแก้ตับแฮงค์ (1 ซอง),Detoxification,109.0,฿100–299,31.0,False,True,8.0,3379.0,Bangkok,Greater Bangkok
4609794704,💥พร้อมส่งจากไทย💥 EU Natural Conception Fertility Prenatal Vitamins บำรุงก่อนตั้งครรภ์ บำรุงไข่ ปรับฮอร์โมน สายรีบ (ของแท้ 100% ),Pregnancy Care,1699.0,"฿1,000+",10.0,False,True,1.0,16990.0,Bangkok,Greater Bangkok
4610455449,น้ำมันปลา1200mg.+วิตามิน Seres Fish oil  Hi- DHA EPA omega3 30 เม็ด(วันหมดอายุ 18/4/25),Multivitamins,99.0,<฿100,130.0,False,True,33.0,12870.0,Bangkok,Greater Bangkok
4610863896,เซเรส อิโนซิทอล Seres Inositol  30 แคปซูล (วันหมดอายุ 10/3/25),Multivitamins,99.0,<฿100,71.0,False,True,12.0,7029.0,Bangkok,Greater Bangkok
4613867065,Folic Acid กรดโฟลิก วิตามินซี calcium วิตามิน B1 B2 บำรุงเลือด โลหิตจาง อ่อนเพลีย เตรียมตั้งครรภ์ และหญิงให้นมบุตร 60 แคปซูล,Pregnancy Care,139.0,฿100–299,70.0,False,True,12.0,9730.0,Pathum Thani,Greater Bangkok
4613957642,BTO กลูต้า 1 กระปุก30 เม็ด กลูต้าBTO,Whitening,99.0,<฿100,868.0,False,True,105.0,85932.0,Pathum Thani,Greater Bangkok
4613964928,Tomatal โทเมทอล น้ำชงมะเขือเทศ ชงผิวขาว,Skin Nourishment,99.0,<฿100,177.0,False,True,31.0,17523.0,Pathum Thani,Greater Bangkok
4614161187,Saikono Collagen 1 กล่องไซโกโนะ คอลลาเจน ผิวออร่า ขาวใส ของแท้ ไม่กรีดรหัส,Beauty Supplements Value Sets,169.0,฿100–299,231.0,False,True,19.0,39039.0,Pathum Thani,Greater Bangkok
4614318620,(1ปุก) ไบโอ ไฟเบอร์ สัปปะรดน้ำผึ้ง Bio Pineapple Honey Fiber,Digestive Care,159.0,฿100–299,61.0,False,True,10.0,9699.0,Bangkok,Greater Bangkok
4615506586,JessieMum สมุนไพรกระตุ้นน้ำนม,Pregnancy Care,540.0,฿500–999,,False,False,,,Chonburi,Other provinces
4615562025,Mc Plus Manow แม็คพลัส ไฟเบอร์มะนาว (6 ซอง) x 1 กล่อง,Digestive Care,144.0,฿100–299,6.0,False,True,2.0,864.0,Bangkok,Greater Bangkok
4616486903,X BOOM เอ็กซ์บูมซองม่วง สมุนไพรซองม่วง (10ซอง),Women's Health,120.0,฿100–299,31.0,False,True,6.0,3720.0,Bangkok,Greater Bangkok
4616763796,กลูต้าBTO,Pregnancy Care,85.0,<฿100,,False,False,,,Bangkok,Greater Bangkok
4616782258,ส่งฟรี! ถูกสุด!! Coffee Cactus กาแฟกระบองเพชร ใบหม่อน ผลิตจากสมุนไพรจากธรรมชาติ ใยอาหาร  20 ซอง,Slimming Beverages,128.0,฿100–299,298.0,False,True,58.0,38144.0,Bangkok,Greater Bangkok
4616857975,ส่งฟรี Jessie Mum สมุนไพรเพิ่มน้ำนม กู้น้ำนม สำหรับคุณแม่หลังคลอด ชุดทดลอง ซื้อ 4 ชุด แถม 1 ชุด ราคา 720.- ทานได้ 12-13 วัน,Pregnancy Care,720.0,฿500–999,,False,False,,,Chonburi,Other provinces
4616933931,ส่งฟรี Jessie Mind ตัวช่วยป้องกันและลดปัญหาท่อน้ำนมอุดตันที่กวนใจคุณแม่ 2 กล่อง 900.- จากปกติ 980.- ทานวันละ 2 เม็ด,Pregnancy Care,900.0,฿500–999,,False,False,,,Chonburi,Other provinces
4616968866,"ส่งฟรี Jessie Mum สมุนไพรเพิ่มน้ำนม กู้น้ำนม สำหรับคุณแม่หลังคลอด ชุดทดลอง ซื้อ 6 ชุด แถม 2 ชุด ราคา 1,080.- ทานได้ 20 วัน",Pregnancy Care,1080.0,"฿1,000+",,False,False,,,Chonburi,Other provinces
4617017220,ส่งฟรี Jessie Mum สมุนไพรกระตุ้นน้ำนม กู้น้ำนม สำหรับคุณแม่หลังคลอด 3 ชุดทดลอง 540.- ทานได้ 7 วัน,Pregnancy Care,540.0,฿500–999,,False,False,,,Chonburi,Other provinces
4617018214,ส่งฟรี Jessie Mum สมุนไพรกระตุ้นน้ำนม 2 ชุดทดลอง 360.- ทานได้ 5 วัน,Pregnancy Care,360.0,฿300–499,,False,False,,,Chonburi,Other provinces
4617026288,ส่งฟรี Jessie Mind ตัวช่วยป้องกันและลดปัญหาท่อน้ำนมอุดตันที่กวนใจคุณแม่ 1 กล่อง 490.- ทานวันละ 2 เม็ด,Pregnancy Care,490.0,฿300–499,,False,False,,,Chonburi,Other provinces
4617040399,"ส่งฟรี Jessie Mind ตัวช่วยป้องกันและลดปัญหาท่อน้ำนมอุดตันที่กวนใจคุณแม่ ซื้อ 3 กล่อง แถม 1 กล่อง 1,470.-  จากปกติ 1,960.-  ทานวันละ 2 เม็ด",Pregnancy Care,1470.0,"฿1,000+",,False,False,,,Chonburi,Other provinces
4617144531,[แบบใหม่] ชิดะ SHIDA COLLAGEN โฉมใหม่ คอลลาเจนเบิ้ลปทุมราช คอลลาเจนในตำนาน ผิวขาวใส ออร่า,Skin Nourishment,153.0,฿100–299,23.0,False,True,4.0,3519.0,Bangkok,Greater Bangkok
4620147748,ของแท้ ส่งฟรี!! 1 แถม 1 BTO กลูต้า ของแท้ บีทีโอ Gluta คอลลาเจน ผิวขาวใส ดูอ่อนวัย,Beauty Supplements Value Sets,290.0,฿100–299,303.0,False,True,48.0,87870.0,Si Sa Ket,Other provinces
4623912122,ดีท็อกพลัส สูตรเข้มข้น ลิด้า แม็ก ลิด้า แม็ก ซอฟเจล Lida Max ลิด้า ( 1 กล่อง บรรจุ 30 แคปซูล),Weight Management Value Sets,289.0,฿100–299,,False,False,2.0,,Bangkok,Greater Bangkok
4624323337,OVA Plus วิตามินบำรุงไข่ วิตามินตั้งครรถ์ บำรุงเลือด สำหรับคนอยากมีลูก จบในกล่องเดียว โอวา พลัส ผลิตภัณฑ์เสริมอาหาร ตราดอกเตอร์วิ 10 เม็ด,Women's Health,690.0,฿500–999,512.0,False,True,124.0,353280.0,Kanchanaburi,Other provinces
4625929311,กาแฟวินเวย์(winwaycoffee),Nutritional Foods & Drinks,225.0,฿100–299,27.0,False,True,7.0,6075.0,Bangkok,Greater Bangkok
4626639135,DHC X BESTURAL คอลลาเจนกัมมี่ คอลลาเจนเยลลี่ collagen กินง่าย ผิวสวย,Acne Care,238.0,฿100–299,,False,False,1.0,,Bangkok,Greater Bangkok
4628331924,MilkyWay Wishes Jelly กระตุ้นน้ำนม บำรุงน้ำนม กู้น้ำนม 7 ซอง 2 กล่อง,Pregnancy Care,1380.0,"฿1,000+",,False,False,,,Samut Sakhon,Greater Bangkok
4628452625,MilkyWay Wishes แคปซูล กระตุ้นน้ำนม บำรุงน้ำนม วิตามินเพิ่มน้ำนม ผลิตจากธรรมชาติ 100% แคปซูล 30เม็ด,Pregnancy Care,590.0,฿500–999,,False,False,,,Samut Sakhon,Greater Bangkok
4628452664,พร้อมส่ง ปิดชื่อสินค้า ว่านร้อยชัยของแท้ นมโต หลีฟิต ว่านร้อยชาย,Women's Health,90.0,<฿100,782.0,False,True,105.0,70380.0,Pathum Thani,Greater Bangkok
4628487027,MilkyWay Wishes เจลลี่ อาหารเสริมเพิ่มน้ำนม กระตุ้นน้ำนม สำหรับคุณแม่น้ำนมน้อย กลิ่นพีช 7 ซอง,Pregnancy Care,690.0,฿500–999,,False,False,,,Samut Sakhon,Greater Bangkok
4628552207,MilkyWay Wishes อาหารเสริม กระตุ้นน้ำนม น้ำนมน้อย แคปซูล 30 เม็ด 2กล่อง,Pregnancy Care,1180.0,"฿1,000+",,False,False,,,Samut Sakhon,Greater Bangkok
4628627742,เเค่ทาน 𝚈𝚊𝚗𝚐𝙵𝚒𝚗 เตรียมลาวงการจอแบน 😝89.- #มีข่าวว่าใส่คอลเจนด้วย ได้ทั้งผิวขาว หลีฟิต อกฟู  มีบริการเก็บเงินปลายทางน้า💜💜,Women's Health,32.0,<฿100,33.0,False,True,4.0,1056.0,Songkhla,Other provinces
4630132940,PATANJALI PACHAK AJWAIN (WITH ALOE VERA),Herbs & Traditional Medicine,80.0,<฿100,,False,False,,,Bangkok,Greater Bangkok
4630505420,**ของแท้ พร้อมส่ง** ไอโกะ แคลเซียมเพิ่มสูง 2-7 ซม. Aiko บำรุงกระดูก (50 แคปซูล),Bone & Joint Support,450.0,฿300–499,137.0,False,True,39.0,61650.0,Chiang Mai,Other provinces
4631120320,พร้อมส่ง * [ชามาลี] ของแท้100%ชาดีท็อกซ์ ชาสมุนไพรดีท็อกซ์ ชาสมุนไพร DETOX ลดน้ำหนัก เร่งเผาผลาญ ลดไขมัน ลดพุง ขับถ่ายดี,Slimming Beverages,130.0,฿100–299,1265.0,False,True,164.0,164450.0,Bangkok,Greater Bangkok
4631540642,🟣Baloom boom🟣 บาลูม บูม ชนิดแคปซูล1ซอง15แคปซูล ของแท้💯พร้อมส่ง,Women's Health,135.0,฿100–299,149.0,False,True,13.0,20115.0,Pathum Thani,Greater Bangkok
4632623534,Vistra Cordyceps Extract 300mg 30 เม็ด สารสกัดจาก ถั่งเช่า,Immunity,499.0,฿300–499,,False,False,,,Bangkok,Greater Bangkok
4633287063,garlicpearls น้ำมันกระเทียม ลด คลอเลสเตอร์รอล,Heart & Blood Pressure,85.0,<฿100,218.0,False,True,41.0,18530.0,Bangkok,Greater Bangkok
4634370778,Kingdom คิงดอม อาหารเสริมผู้ชาย kingdom อาหารเสริม สมุนไพรท่านชาย บำรุงสุขภาพคุณผู้ชาย 10แคปซูล/กล่อง ของแท้ ไม่ระบุชื่อสินค้าหน้ากล่อง,Men's Health,179.0,฿100–299,357.0,False,True,96.0,63903.0,Nonthaburi,Greater Bangkok
4634724890,Serene Collagen ซีรีนคอลลาเจน 1 กล่องมี 10 ซอง,Beauty Supplements Value Sets,380.0,฿300–499,180.0,False,True,32.0,68400.0,Samut Prakan,Greater Bangkok
4636763815,ZERINA  MARINE COLLAGEN คอลลาเจน จากปลาทะเล 30 แคปซูล,Beauty Supplements Value Sets,99.0,<฿100,,False,False,,,Chaiyaphum,Other provinces
4637627766,Nature's Bounty Hair Skin and Nails With Collagen and Biotin 90 Gummies  (กัมมี่ รสส้ม) ไบโอติน ผิว เล็บ ผม,Hair & Nail,1250.0,"฿1,000+",,False,False,,,Bangkok,Greater Bangkok
4637736205,JESSIE MUM อาหารเสริมเพิ่มน้ำนม  เจสซี่มัม อาหารเสริมกระตุ้นน้ำนม  ส่งฟรี..,Pregnancy Care,890.0,฿500–999,,False,False,,,Nonthaburi,Greater Bangkok
4640120079,(ส่งฟรี) คลอโรฟิลล์ กิฟฟารีน CHLOROPHYLL C-O GIFFARINE คลอโรฟิล 1 กล่อง 30 ซอง ( แถมกระบอกชง ),Detoxification,350.0,฿300–499,32.0,False,True,8.0,11200.0,Bangkok,Greater Bangkok
4641405984,Ensure -วานิลลา ชนิดถุง : 400 กรัม จำนวน 3 ถุง (หมดอายุ 2024),Immunity,985.0,฿500–999,250.0,False,True,40.0,246250.0,Surat Thani,Other provinces
4643407894,VISTRA REGOW 30แคปซูล วิสทร้า รีโกว์ อาหารเสริมบำรุงเส้นผม  ฟื้นฟูหนังศีรษะ ลดอาการผมขาด ผมหลุดร่วง,Hair & Nail,359.0,฿300–499,,False,False,,,Bangkok,Greater Bangkok
4646762352,[ Yong-Won วิตตามินซอฟเจลเกาหลี ยองวอน ] โปรสุดพิเศษ 1 แถม 1 ส่งฟรี! ของแท้ 100% จบปัญหาสิวรอยดำ ช่วยให้มีสุขภาพผิวที่ดีขึ้น เร่งขาวผิวเนียนใส,Acne Care,290.0,฿100–299,13.0,False,True,5.0,3770.0,Ratchaburi,Other provinces
4647352752,ส่งฟรี ของแท้| [โปร1แถม1]💚 NsoS 💚เอ็นโซเอส nsos  ควบคุมน้ำหนัก ตัวช่วยลดน้ำหนัก,Weight Management Value Sets,350.0,฿300–499,21.0,False,True,3.0,7350.0,Samut Prakan,Greater Bangkok
4647576736,"[ของแท้][เจ้าเดิมยอดขายกว่า 1,000 ขวด‼️] HERRMETTO(เฮอร์เมตโต) ผลิตภัณฑ์เสริมอาหารวิตามิน สำหรับผู้ชาย",Men's Health,1100.0,"฿1,000+",27.0,False,True,9.0,29700.0,Pathum Thani,Greater Bangkok
4648311588,"🚚ส่งเร็ว มีปลายทาง🔥ของแท้ ✅  
อยากมีลูกต้องจัดชุดนี้! เซ็ทบำรุงร่างกาย  เตรียมพร้อมก่อนตั้งครรภ์ ไบโอ แฟลกซ์ พลัส และ นูทริ โฟลิค   60 แคปซูล",Pregnancy Care,700.0,฿500–999,,False,False,,,Bangkok,Greater Bangkok
4648820383,Biotin Zinc ไบโอติน ซิงก์ คณะเภสัชจุฬา มีส่วนช่วยคงสภาพเล็บ ผม ผิวหนัง 90เม็ด,Hair & Nail,278.0,฿100–299,,False,False,,,Phuket,Other provinces
4649105577,มา-บีดี (MA-BEEDEE) 2000 กรัม มาบีดี MABEEDEE Blenderized Diet,Nutritional Foods & Drinks,615.0,฿500–999,104.0,False,True,30.0,63960.0,Bangkok,Greater Bangkok
4650720896,คอลลาเจน บูม 1 กล่อง 14 ซอง,Beauty Supplements Value Sets,240.0,฿100–299,88.0,False,True,8.0,21120.0,Samut Prakan,Greater Bangkok
4650913144,Zip Whey Protein Plus ซิปเวย์ โปรตีน พลัส,Protein,235.0,฿100–299,14.0,False,True,4.0,3290.0,Samut Prakan,Greater Bangkok
4650934461,Zip lock ซิปล็อค อาหารเสริมควบคุมน้ำหนัก ของแท้ 100% ( 1 กล่อง  15 แคปซูล) หมดอายุ 4/2024 ขึ้นไป,Appetite Suppressant,275.0,฿100–299,15.0,False,True,3.0,4125.0,Samut Prakan,Greater Bangkok
4650947081,Boom Gluta Shots บูม กลูต้าช๊อตส์ 1 กล่อง,Whitening,195.0,฿100–299,16.0,False,True,3.0,3120.0,Samut Prakan,Greater Bangkok
4653312033,(ปิดชื่อสินค้า)‼️โปรเปิดร้านใหม่ เอ็กซ์หกพลัส‼️ x6 Plus Hard Iron สมุนไพรอาหารเสริมสำหรับท่านชาย 1กล่อง6แคปซูล ของแท้💯,Sexual Health Vitamins,120.0,฿100–299,479.0,False,True,97.0,57480.0,Pathum Thani,Greater Bangkok
4656400838,L-arginine 1000 Plus Zinc แอลอาร์จินีน ซิงค์ เสริมสมรรถภาพ เสริมสร้างกล้ามเนื้อ บรรจุ 45 แคปซูล,Sexual Health Vitamins,139.0,฿100–299,50.0,False,True,5.0,6950.0,Pathum Thani,Greater Bangkok
4656877870,ส่งฟรี!! [เมล็ดองุ่น1+วิตามินซี1] INZENT ป้องกันUV แสงแดด  เสริมภูมิ ริ้วรอย ฟื้นฟู สภาพ  บำรุง ใส ผิว,Hair & Nail,179.1,฿100–299,9.0,False,True,,1611.8999999999999,Bangkok,Greater Bangkok
4657093009,BIOTIN ZINC 90S เภสัชจุฬา  วิจัยและพัฒนาโดย คณะเภสัชฯ จุฬา วิตามินสำหรับผม,Hair & Nail,300.0,฿300–499,,False,False,1.0,,Bangkok,Greater Bangkok
4657518006,INOSITOL อิโนซิทอล วิตามบำรุงไข่ วิตามินตั้งครรถ์ อาหารเสริมบำรุงไข่ อาหารเสริมตั้งครรถ์ มีบุตรยาก 30 แคปซูล,Pregnancy Care,149.0,฿100–299,,False,False,,,Pathum Thani,Greater Bangkok
4657674014,ว่านร้อยชัยของแท้ ว่านร้อยชาย-วิตามินเสริมเสน่ห์ นมใหญ่ เต่งตึง ไร้กลิ่น ตกขาว ปรับฮอร์โมน,Breast Enlargement,125.1,฿100–299,134.0,False,True,9.0,16763.399999999998,Khon Kaen,Other provinces
4657934702,วิตามินคนท้อง Elevit Pregnancy Multivitamin 100 Tablets วิตามินคุณแม่ เพื่อเตรียมตัวตั้งครรภ์และคนที่มีบุตรยาก,Pregnancy Care,3800.0,"฿1,000+",,False,False,,,Sa Kaeo,Other provinces
4657970879,SLIN X TWO สลิน-เอ็กซ์ ทู อาหารเสริมควบคุมน้ำหนักสำหรับคนดื้อยา ของแท้พร้อมส่ง,Appetite Suppressant,145.66,฿100–299,58.0,False,True,8.0,8448.28,Nakhon Si Thammarat,Other provinces
4658024766,🔥ปิดชื่อสินค้า - ว่านร้อยชัยของแท้ ว่านร้อยชาย-วิตามินเสริมเสน่ห์ นมใหญ่ เต่งตึง ไร้กลิ่น ตกขาว ปรับฮอร์โมน,Breast Enlargement,129.0,฿100–299,256.0,False,True,7.0,33024.0,Khon Kaen,Other provinces
4659282667,"ผลิตภัณฑ์อาหารเสริม ฮันนี่ คิว สลิม HONEY Q Slim (10 แคปซูล/กล่อง) , ฮันนี่ คิว ไฟเบอร์ HONEY Q Fiber (7 ซอง/กล่อง)",Digestive Care,229.0,฿100–299,118.0,False,True,16.0,27022.0,Bangkok,Greater Bangkok
4659716724,(ซื้อ2แถม1) ANLENE GOLD 5X แอนลีน โกลด์ 5 นมผงไขมันต่ำ รสจืด แพ๊ค 2 กระป๋องใหญ่ + 1 กระป๋องเล็ก,Nutritional Foods & Drinks,935.0,฿500–999,190.0,False,True,56.0,177650.0,Bangkok,Greater Bangkok
4660016482,น้ำมันสกัดเย็น6ชนิด 💥ของแท้💯% ผลิตใหม่ น้ำมันสกัดเย็น 6สหาย Nature 6mix oil น้ำมัน6สหาย 60แคปซูล พร้อมส่ง,Well Being Gifts & Value Sets,110.0,฿100–299,1020.0,False,True,109.0,112200.0,Buri Ram,Other provinces
4660093442,ของแท้ อารยาคอลลาเจน ARAYA COLLAGEN คอลลาเจนราสเบอรี่ คอลลาเจน 1กล่อง10 ซอง,Whitening,159.0,฿100–299,74.0,False,True,25.0,11766.0,Pattani,Other provinces
4660316362,ของแท้!! Deproud Bio Fiber Pineapple Honey Flavour ดีพราว ไบโอ ไฟเบอร์ สัปปะรดผสมกลูต้า (บรรจุ 250 กรัม),Digestive Care,158.0,฿100–299,214.0,False,True,68.0,33812.0,Chaiyaphum,Other provinces
4660500383,Anmum รสจืด แอนมัม มาเทอร์น่า นมกล่องยูเอชที สำหรับคนท้อง,Pregnancy Care,639.0,฿500–999,38.0,False,True,11.0,24282.0,Nonthaburi,Greater Bangkok
4660532688,สลิน-เอ็กซ์ ทู SLIN X TWO,Fat Blockers & Burners,145.0,฿100–299,25.0,False,True,2.0,3625.0,Saraburi,Other provinces
4660848630,[ ×12 กล่อง ] วิตามิน อาหารเสริมผิวขาว  เพรสแอนด์เชค กลิ่นฟรุ๊ตพั้นช์คอลลาเจน 2000 มก. 3.5g,Acne Care,250.0,฿100–299,,False,False,,,Bangkok,Greater Bangkok
4661144934,2กล่อง❌ปิดชื่อสินค้าว่านร้อยชัย ร้อยชาย ของแท้ ว่านร้อยชาย-วิตามินเสริมเสน่ห์ นมใหญ่ เต่งตึง คัดเต้า หลีฟิตมาก ไร้กลิ่น ลดตกขาว,Breast Enlargement,255.0,฿100–299,10.0,False,True,4.0,2550.0,Khon Kaen,Other provinces
4661206541,3กล่อง❌ปิดชื่อสินค้าว่านร้อยชัย ร้อยชาย ของแท้ ว่านร้อยชาย-วิตามินเสริมเสน่ห์ นมใหญ่ เต่งตึง คัดเต้า หลีฟิตมาก ไร้กลิ่น ลดตกขาว,Breast Enlargement,380.0,฿300–499,,False,False,1.0,,Khon Kaen,Other provinces
4661211512,1กล่อง❌ปิดชื่อสินค้าว่านร้อยชัย ร้อยชาย ของแท้ ว่านร้อยชาย-วิตามินเสริมเสน่ห์ นมใหญ่ เต่งตึง คัดเต้า หลีฟิตมาก ไร้กลิ่น ลดตกขาว,Breast Enlargement,129.0,฿100–299,6.0,False,True,,774.0,Khon Kaen,Other provinces
4661220500,5กล่อง❌ปิดชื่อสินค้าว่านร้อยชัย ร้อยชาย ของแท้ ว่านร้อยชาย-วิตามินเสริมเสน่ห์ นมใหญ่ เต่งตึง คัดเต้า หลีฟิตมาก ไร้กลิ่น ลดตกขาว,Breast Enlargement,490.0,฿300–499,,False,False,,,Khon Kaen,Other provinces
4661435923,ดีจีเอ็ม โฟลิก พลัส เครื่องดื่มนมแพะ 400 กรัม / DGM FOLIC PLUS VANILLA FLAVOURED GOAT MILK BEVERAGE 400G. หมดอายุ 2/2025,Pregnancy Care,459.0,฿300–499,,False,False,,,Chiang Mai,Other provinces
4661879734,[นำเข้าUSA] Super Nutrition Prenatal วิตามินสำหรับเตรียมตั้งครรภ์ วิตามินรวมบำรุงของคุณแม่ ก่อน/ระหว่างครรภ์ 30/100 เม็ด,Pregnancy Care,299.0,฿100–299,5.0,False,True,1.0,1495.0,Nonthaburi,Greater Bangkok
4661961319,ธาตุเหล็ก Iron 27/65mg 110/120 เม็ด  21st Century,Hair & Nail,299.0,฿100–299,5.0,False,True,2.0,1495.0,Nonthaburi,Greater Bangkok
4663771651,Reejunna รีจูนน่า กลูต้าเม็ดเคี้ยว กลูต้าอุ้ม 20เม็ด ได้ 2 กระปุก ซื้อ 1 แถม 1,Whitening,149.0,฿100–299,,False,False,,,Pathum Thani,Greater Bangkok
4664113964,อาหารเสริม ไฟเบอร์  OVO DTX Slim  ไฟเบอร์ขับถ่าย ชุดทดลอง  สบายท้อง สุขภาพ ไฟเบอร์ ชับถ่าย FIBER  ฟิตหุ่นปังอวดหุ่นสวย  ของแท้,Weight Management Value Sets,200.0,฿100–299,,False,False,,,Nonthaburi,Greater Bangkok
4664291298,ส่งฟรี OVO DTX  โอโว่ ดีทีเอ็กซ์ Slim  คู่หูสบายพุง  เซตทดลอง  แถมแก้วเชค  ของแท้ ฟิตหุ่นปังอวดหุ่นสวย อาหารเสริม ใยอาหารสูง  ovo dtx ไฟเบอร์ ช่วยระบบขับถ่าย ท้องผูก ดีท๊อกลำไส้  ไฟเบอร์ขับถ่าย ถูกชัวร์,Digestive Care,200.0,฿100–299,,False,False,,,Nonthaburi,Greater Bangkok
4665215916,ฉลากออสเตรเลีย Blackmores Omega 3 150 แคปซูล Triple Concentrated Fish Oil,Brain & Memory,1100.0,"฿1,000+",51.0,False,True,19.0,56100.0,Phatthalung,Other provinces
4665463119,นูทริ โฟลิค,Pregnancy Care,190.0,฿100–299,,False,False,,,Chonburi,Other provinces
4665966313,Jessie Mum ผลิตภัณฑ์เพิ่มน้ำนมสำหรับคุณแม่,Pregnancy Care,890.0,฿500–999,,False,False,,,Nakhon Ratchasima,Other provinces
4666575349,L-Arginine 1000 mg. plus Zinc แอลอาร์จินีน 1000 มก. ผสม ชิงค์ 45 แคปซูล,Men's Health,139.0,฿100–299,48.0,False,True,10.0,6672.0,Pathum Thani,Greater Bangkok
4667174926,ยาประสะเจตพังคี อุทัยประสิทธิ์ 100เเคปซูล ของเเท้,Herbs & Traditional Medicine,249.0,฿100–299,65.0,False,True,10.0,16185.0,Bangkok,Greater Bangkok
4667599810,Zinc ซิงค์ 75 มก. (สูตรเข้มข้น) เซเรส 45 แคปซูล,Hair & Nail,139.0,฿100–299,,False,False,2.0,,Pathum Thani,Greater Bangkok
4667641457,โปรตีนเชคเกาหลี ดื่มทดแทนมื้ออาหาร คุมน้ำหนัก คุมหิว อิ่มนาน | GNM Real Delicious Protein DIET Shake 25g [พร้อมส่งแบบซอง],Meal Replacement,32.0,<฿100,151.0,False,True,6.0,4832.0,Chonburi,Other provinces
4668604345,**ส่งไว ไอเทมโปร (iTEMpro) ผลิตภัณฑ์เสริมอาหาร ตรา ไอเท็ม โปร บรรจุ 4 เม็ด ไม่ระบุชื่อสินค้าบนกล่อง,Sexual Health Vitamins,189.0,฿100–299,,False,False,,,Songkhla,Other provinces
4669551730,(1แถม1) Be Secret by บีอีซีแบรนด์ บีซีเคร็ท นางบี กล่องละ 10 แคปซูล โปรดีล่าสุด คุม หิว อิ่ม นาน,Appetite Suppressant,329.0,฿300–499,119.0,False,True,35.0,39151.0,Pathum Thani,Greater Bangkok
4670399463,ไฟเบอร์ดีท็อกซ์ Balance F - BLF Fiber detox,Detoxification,590.0,฿500–999,,False,False,1.0,,Phitsanulok,Other provinces
4670578150,พร้อมส่ง‼️Collagen sure herb คอลลาเจนชัวเฮิร์บ พลัส ผลิตภัณฑ์เสริมอาหาร  ตรา ชัวร์เฮิร์บ 1ห่อ20ซอง,Beauty Supplements Value Sets,169.0,฿100–299,67.0,False,True,28.0,11323.0,Bangkok,Greater Bangkok
4670634718,"Amado immu collagen คอลลาเจนไดเปปไทด์ 100,000 มก.",Beauty Supplements Value Sets,167.0,฿100–299,82.0,False,True,9.0,13694.0,Bangkok,Greater Bangkok
4671551491,ฟิตต์ มีล บาย กิฟฟารีน Giffarine Fitt meal ผลิตภัณฑ์ทดแทนมื้ออาหาร สารอาหารครบ 5 หมู่ ทานได้ทุกวัน ทานแทนข้าว โปรตีนสูง ใยอาหารสูง,Meal Replacement,850.0,฿500–999,,False,False,,,Khon Kaen,Other provinces
4671943037,แคลเซียมชนิดผง 1500 mg แพ็ค 2 กล่อง,Bone & Joint Support,589.0,฿500–999,82.0,False,True,20.0,48298.0,Chaiyaphum,Other provinces
4672307847,Jessie Mum ชุดทดลอง,Pregnancy Care,180.0,฿100–299,,False,False,,,Nakhon Ratchasima,Other provinces
4672335255,พร้อมส่ง!! 🍇🍇 Wink​ White​ FIBBER JELLY วิ้งไวท์ไฟเบอร์เจลลี่  ของแท้ 💯 ส่งเร็ว ส่งไว ส่งทุกวัน การันตี,Weight Management Value Sets,195.0,฿100–299,7.0,False,True,,1365.0,Bangkok,Greater Bangkok
4673077652,🩷💗💓วีจิเน่Vgine💓💗🩷 ผลิตภัณฑ์อาหารเสริมวีจิเน่ บอกลามดลูกหย่อน-ต่ำ สารสกัดจากธรรมชาติ ของแท้💯 พร้อมส่ง,Women's Health,265.0,฿100–299,208.0,False,True,34.0,55120.0,Pathum Thani,Greater Bangkok
4673490382,คอลโรฟิลล์Chlorophyll Powder Unicity 91.64g.exp 04/2024 ฉลากไทยแท้(100%),Detoxification,685.0,฿500–999,99.0,False,True,22.0,67815.0,Bangkok,Greater Bangkok
4673611304,Handy Herb Fiber flow Gummy ไฟเบอร์ กัมมี่ เหมาะสำหรับคนขับถ่ายยาก (1 กล่อง/6ซอง) กัมมี่ไฟเบอร์,Digestive Care,177.0,฿100–299,232.0,False,True,33.0,41064.0,Pathum Thani,Greater Bangkok
4673638876,[ ของแท้จากบริษัท ]ซื้อ 1 แถม 2 ส่งฟรี‼️ กาแฟถั่งเช่าทอง แบรนด์แจ่มใส,Well Being Gifts & Value Sets,233.0,฿100–299,756.0,False,True,159.0,176148.0,Bangkok,Greater Bangkok
4676411276,"Bio C Aura วิตามินซี 1,000 mg",Skin Nourishment,149.0,฿100–299,24.0,False,True,3.0,3576.0,Bangkok,Greater Bangkok
4676657447,Handy Herb Gummy Ener-G แฮนดี้เฮิร์บ กัมมี่ ชนิดเคี้ยว อร่อยเพลิน กลิ่นเลมอน [1กล่อง/6ซอง],Multivitamins,177.0,฿100–299,18.0,False,True,4.0,3186.0,Pathum Thani,Greater Bangkok
4676915962,ยูเนี่ยนซัลฟา UNION SULFA 1กระปุก,Well Being Gifts & Value Sets,90.0,<฿100,121.0,False,True,15.0,10890.0,Songkhla,Other provinces
4678448915,โฟลิค กิฟฟารีน โฟลิคเตรียมตั้งครรภ์ NUTRI FOLIC GIFFARINE,Pregnancy Care,135.0,฿100–299,16.0,False,True,3.0,2160.0,Bangkok,Greater Bangkok
4678552614,โปรตีน ฟิตมิล กิฟฟารีน Fitt Meal by GIFFARINE ฟิตต์ มีล บาย กิฟฟารีน ผลิตภัณฑ์ทดแทนมื้ออาหาร โปรตีนกิฟฟารีน,Meal Replacement,1360.0,"฿1,000+",28.0,False,True,7.0,38080.0,Bangkok,Greater Bangkok
4678698679,ฟิตมิล กิฟฟารีน โปรตีน โปรตีนกิฟฟารีน Fitt Meal by GIFFARINE ฟิตต์ มีล บาย กิฟฟารีน ผลิตภัณฑ์ทดแทนมื้ออาหาร,Meal Replacement,1360.0,"฿1,000+",,False,False,1.0,,Bangkok,Greater Bangkok
4680101244,Vital Star น้ำมันรำข้าวและจมูกข้าว ไวทอลส,Well Being Gifts & Value Sets,510.0,฿500–999,173.0,False,True,23.0,88230.0,Bangkok,Greater Bangkok
4680278401,A4 เอโฟว์ แท้100% ผลิตภัณฑ์อาหารเสริมสำหรับผู้หญิงexp03/2025,Women's Health,650.0,฿500–999,62.0,False,True,9.0,40300.0,Bangkok,Greater Bangkok
4680576187,InterCare Biotin+Z ไบโอติน พลัส ซี  ผมขาด ผมบาง ผมหงอก ผมร่วง 1 กระปุก 30 เม็ด,Hair & Nail,159.0,฿100–299,10.0,False,True,2.0,1590.0,Samut Prakan,Greater Bangkok
4680741216,Lukpad Detox Clean Detox(แพค10ซอง)คลีนดีท็อกซ์ สมุนไพรล้างลำไส้ดูแลรูปร่าง ลูกปัด ดีท็อกซ์,Digestive Care,220.0,฿100–299,,False,False,,,Pattani,Other provinces
4680818189,เลือดจระเข้แคปซูลตราวินน์ (Wynn) 100แคปซูล งานวิจัยจากม.เกษตรศาสตร์,Immunity,1299.0,"฿1,000+",10.0,False,True,4.0,12990.0,Samut Prakan,Greater Bangkok
4681834618,Turbo Max เทอร์โบ แม็กซ์ [60แคปซูล] อาหารเสริมท่านชาย!!! ของแท้ค่ะ,Sexual Health Vitamins,815.0,฿500–999,10.0,False,True,3.0,8150.0,Bangkok,Greater Bangkok
4682736885,กาแฟแจ่มใส กาแฟถั่งเช่าทอง Jamsai Cordyceps Coffee 1 ห่อ บรรจุ 15 ซอง ( ซื้อ 2 ห่อ แถม ดีท็อกซ์ 1กระปุก ),Slimming Beverages,350.0,฿300–499,923.0,False,True,222.0,323050.0,Bangkok,Greater Bangkok
4682982463,🔥🔥Exp.09/2024 Focus Factor Nutrition for the Brian 180 เม็ด,Brain & Memory,939.0,฿500–999,,False,False,,,Bangkok,Greater Bangkok
4683387096,Wisdoma Lyco Tomato มะเขือเทศ100% ไลโคปีนLycopene  (30แค็ปซูล),Beauty Supplements Value Sets,255.0,฿100–299,9.0,False,True,,2295.0,Udon Thani,Other provinces
4683446494,"(ของแท้ 100% พร้อมจัดส่ง) กรีน มูลอน GREEN MULON ""แพ็คเกจใหม่"" บรรเทาอาการภูมิแพ้ สร้างภูมิต้านทาน",Immunity,780.0,฿500–999,6.0,False,True,2.0,4680.0,Bangkok,Greater Bangkok
4683857444,ไซโกโนะ คอลลาเจน & กลูต้าไซโกะ กลูต้าเม็ดซอฟเจล Saikono Collagen plus  &  Saiko Gluta,Beauty Supplements Value Sets,176.0,฿100–299,21.0,False,True,2.0,3696.0,Bangkok,Greater Bangkok
4684054937,"❤️

วิตามินบำรุงผิว เส้นผม และเล็บ Vitabiotics Perfectil",Hair & Nail,650.0,฿500–999,,False,False,,,Bangkok,Greater Bangkok
4685536363,SAMU RED STRAWBERRY (ผลิตภัณฑ์เสริมอาหาร)0%Low Sugar,Meal Replacement,199.0,฿100–299,,False,False,,,Nakhon Pathom,Greater Bangkok
4686213922,ว่านร้อยชัย ร้อยชัยชาย สารสกัดจากธรรมชาติ,Sexual Health Vitamins,90.0,<฿100,302.0,False,True,34.0,27180.0,Pathum Thani,Greater Bangkok
4687709059,วิตามินแขนขาเรียว นำเข้าจากญี่ปุ่น สูตร๑ )ราคาส่ง 100 เม็ด แบบแผง 10 เม็ต,Fat Blockers & Burners,48.51,<฿100,8.0,False,True,3.0,388.08,Bangkok,Greater Bangkok
4687710325,[x4 กล่อง] ซูเปอร์ เคลียร์ ไนท์ - SUUPER CLEAR NIGHT (Super You),"Stress, Sleep, and Anxiety",2333.0,"฿1,000+",,False,False,2.0,,Bangkok,Greater Bangkok
4687745112,[x2 กล่อง] ซูเปอร์ เคลียร์ ไนท์ - SUUPER CLEAR NIGHT (Super You),"Stress, Sleep, and Anxiety",1350.0,"฿1,000+",,False,False,1.0,,Bangkok,Greater Bangkok
4688009889,⚡️Exp:12/24⚡️สุภาพโอสถ Black Sesame Oil+Rice Bran Oil น้ำมันงาดำรำข้าว สกัดเย็น เกรดพรีเมี่ยม,Bone & Joint Support,189.0,฿100–299,163.0,False,True,30.0,30807.0,Bangkok,Greater Bangkok
4688032665,ของแท้จากบริษัท !!อามิโนแม็กไนท์ ช่วยให้ หลับสนิท ลดความเครียด โรคแพนิค  วิตกกังวล ซึมเศร้า ย้ำคิดย้ำทำ **ไม่มีเมลาโทนิน**,"Stress, Sleep, and Anxiety",290.0,฿100–299,,False,False,,,Chonburi,Other provinces
4688665138,Jessie Mum เจสซี่มัม,Pregnancy Care,180.0,฿100–299,,False,False,,,Samut Sakhon,Greater Bangkok
4688809441,ถั่งเช่าพลัส UMB ผลิตภัณฑ์เสริมอาหาร ยูเอ็มบี /1 ขวด 30 แคปซูล,Men's Health,120.0,฿100–299,,False,False,,,Bangkok,Greater Bangkok
4689056601,ส่งฟรี ฟิตต์ มีล บาย กิฟฟารีน ผลิตภัณฑ์ทดแทนมื้ออาหาร (อาหารควบคุมน้ำหนัก) Fitt Meal by Giffarine,Meal Replacement,1275.0,"฿1,000+",,False,False,2.0,,Chanthaburi,Other provinces
4689758066,DHC Vitamin C (60 วัน / 120 เม็ด) วิตามินซี **ล๊อตใหม่ล่าสุด**,Beauty Supplements Value Sets,119.0,฿100–299,1430.0,False,True,294.0,170170.0,Pathum Thani,Greater Bangkok
4690301371,ส่งฟรี ฟิตมิล กิฟฟารีน Fitt Meal by GIFFARINE ผลิตภัณฑ์ทดแทนมื้ออาหาร ฟิตต์ มีล บาย กิฟฟารีน (อาหารควบคุมน้ำหนัก),Meal Replacement,1275.0,"฿1,000+",,False,False,1.0,,Chanthaburi,Other provinces
4690868592,ชุดอาหารเสริม ระบบขับถ่าย ริดสีดวง สารสกัดจากใบบัวบก และ ไฟเบอร์ GOTURA C-E & FIBERINE,Digestive Care,180.0,฿100–299,,False,False,,,Chanthaburi,Other provinces
4692418038,Blackmores pre 9+ care gold แบล็กมอร์ส พรี ไนน์ พลัส แคร์ โกลด์ 30แคปซูล,Pregnancy Care,645.0,฿500–999,,False,False,,,Bangkok,Greater Bangkok
4692721658,"BILANX OIL
ไบลานซ์ ออยล์ Lagacy","Stress, Sleep, and Anxiety",2200.0,"฿1,000+",,False,False,2.0,,Rayong,Other provinces
4693115555,[1แถม1🔥] Netto Good Night ช่วยนอนจิ๋วญี่ปุ่น 🎌,"Stress, Sleep, and Anxiety",189.0,฿100–299,,False,False,,,Phrae,Other provinces
4693132360,OurV Nite Nite,"Stress, Sleep, and Anxiety",395.0,฿300–499,,False,False,,,Bangkok,Greater Bangkok
4693991779,jessie mum,Pregnancy Care,180.0,฿100–299,,False,False,,,Udon Thani,Other provinces
4694089373,Jessie mum,Pregnancy Care,890.0,฿500–999,,False,False,,,Surat Thani,Other provinces
4694909023,เอ็มแมน M-MAN แท้💯💯% สำหรับผู้ชายที่ไม่มีความมั่นใจในตัวเองก่อนออกจากบ้าน เพิ่มความมั่นใจให้ท่านชาย อย่างที่คุณอยากจะเป็น,Sexual Health Vitamins,129.0,฿100–299,,False,False,1.0,,Prachin Buri,Other provinces
4695638099,"เออา คอลลาเจน พลัส 10,000 มิลลิกรัม 1 กล่อง",Beauty Supplements Value Sets,242.84,฿100–299,33.0,False,True,1.0,8013.72,Kalasin,Other provinces
4696012986,NOW Foods Beta-Sitosterol Plant Sterols 90 Softgels คุมคอเลสเตอรอล เบต้า-ซิโตสเตอรอล แพลนท์ ไฟโตสเตอรอล Phytosterols Cardiovascular Health CardioAid,Heart & Blood Pressure,880.0,฿500–999,,False,False,1.0,,Bangkok,Greater Bangkok
4696380777,SOY ISOLATE ซอยโปรตีน รสช็อกโกแลต SOY Protein โปรตีนถั่วเหลือง โปรตีนพืช เวย์ถั่วเหลือง Wheysoy เพิ่มกล้าม คุมหิว ลีน ฟิต สำหรับคนแพ้เวย์โปรตีน,Meal Replacement,159.0,฿100–299,,False,False,,,Bangkok,Greater Bangkok
4696477395,SOY ISOLATE ซอยโปรตีน รสช็อกโกแลต SOY Protein โปรตีนถั่วเหลือง โปรตีนพืช เวย์ถั่วเหลือง Wheysoy เพิ่มกล้าม คุมหิว ลีน ฟิต สำหรับคนแพ้เวย์โปรตีน,Meal Replacement,169.0,฿100–299,35.0,False,True,9.0,5915.0,Bangkok,Greater Bangkok
4696543178,SOY ISOLATE ซอยโปรตีน รสช็อกโกแลต SOY Protein โปรตีนถั่วเหลือง โปรตีนพืช เวย์ถั่วเหลือง Wheysoy เพิ่มกล้าม คุมหิว ลีน ฟิต สำหรับคนแพ้เวย์โปรตีน,Meal Replacement,169.0,฿100–299,14.0,False,True,1.0,2366.0,Bangkok,Greater Bangkok
4696577082,SOY ISOLATE ซอยโปรตีน รสช็อกโกแลต SOY Protein โปรตีนถั่วเหลือง โปรตีนพืช เวย์ถั่วเหลือง Wheysoy เพิ่มกล้าม คุมหิว ลีน ฟิต สำหรับคนแพ้เวย์โปรตีน,Meal Replacement,169.0,฿100–299,1433.0,False,True,379.0,242177.0,Bangkok,Greater Bangkok
4696966904,Swisse Ultiboost Sleep - 60 Tablets วิตามินช่วยนอนหลับ หลับสบาย พักผ่อนเต็มอิ่ม,"Stress, Sleep, and Anxiety",799.0,฿500–999,,False,False,,,Chiang Rai,Other provinces
4698521331,((1 แถม 1)) TOMATAL + กลูต้าเบลเลอรีน น้ำชงมะเขือเทศ 3 สี ผงชงขาว ผงชงขาวมะเขือเทศ 50 g + BELL LERINE GLUTA กลูต้าเบล กลูต้าเบลล์เลอรีน เบลล์ ซันนี่ วิตามินสูตรคุณหมอ ชะลอวัย ดูดซึมไว,Whitening,199.0,฿100–299,,False,False,,,Nong Bua Lamphu,Other provinces
4698732134,อาโมนิแม็กไนท์ Amoni Magnight บรรจุ 30 เม็ด (1 กระปุก),"Stress, Sleep, and Anxiety",290.0,฿100–299,,False,False,,,Pathum Thani,Greater Bangkok
4698919013,Akane Lyco Brink อากาเนะ ไลโค บริ้ง เสกผิวใส หน้าบริ้ง ( 1 ห่อ 30 ซอง ),Acne Care,390.0,฿300–499,15.0,False,True,4.0,5850.0,Bangkok,Greater Bangkok
4701049091,💥[1แถม1 ส่งฟรี] น้ำชงเสริมภูมิ sarsaparilla  แก้ภูมิแพ้ ต้านหวัด ผื่นคัน ไอเรื้อรัง ฟอกปอด,Hair & Nail,450.0,฿300–499,,False,False,1.0,,Prachin Buri,Other provinces
4702031111,สมุนไพรเพิ่มน้ำนม Jessie Mum,Pregnancy Care,180.0,฿100–299,,False,False,,,Nakhon Si Thammarat,Other provinces
4702466160,Oligocarb maltodextrin de 10โอลิโกคาร์บ มอลโตเด็กซ์ตริน ขนาด 1กิโลกรัม,Nutritional Foods & Drinks,135.0,฿100–299,14.0,False,True,4.0,1890.0,Bangkok,Greater Bangkok
4702850564,PHYTOPHANERE ฟีโทฟาแนร์ 4 ขวด ผลิตภัณฑ์เสริมอาหารเพื่อดูแลสุขภาพเส้นผมและเล็บ  (New Package),Hair & Nail,3696.0,"฿1,000+",,False,False,,,Pathum Thani,Greater Bangkok
4703531062,[ส่งฟรี] Vismores Plant Protein รส Vanila 1 กระปุก : วนิลา Plant Based โปรตีนพืช โปรตีนสูง 30g วีแกน Vegan เวย์ Whey Non Dairy คีโต รักสุขภาพ แคลอรี่ต่ำ,Protein,990.0,฿500–999,,False,False,,,Bangkok,Greater Bangkok
4703574082,ส่งฟรี โพรไบโอติก 10 พลัส ผสมอินนูลิน การขับถ่าย ช่วยดูแลลำใส้ เหนื่อยง่าย มีจุลินทรีย์ไบโอกิหถึง 10 สายพันธ์,Digestive Care,212.8,฿100–299,11.0,False,True,5.0,2340.8,Bangkok,Greater Bangkok
4703752313,โปรตีน กิฟฟารีน วีแกน มัลติ แพลนท์ โปรตีน โปรตีนกิฟฟารีน โปรตีนสกัดจากถั่วเหลือง และโปรตีนสกัดจากถั่วลันเตาสีทอง โปรตีนพืช,Protein,808.5,฿500–999,22.0,False,True,6.0,17787.0,Bangkok,Greater Bangkok
4703833056,มะรุม กิฟฟารีน มะรุมแคปซูล มะรุมสกัด มะรุม-ซี กิฟฟารีน Marum-C Giffarine ผลิตภัณฑ์เสริมอาหารใบมะรุมผสมวิตามินซี,Well Being Gifts & Value Sets,205.8,฿100–299,12.0,False,True,3.0,2469.6000000000004,Bangkok,Greater Bangkok
4704026126,สมุนไพ ร เหลืองขวดแบนสิงห์คำ,Herbs & Traditional Medicine,85.0,<฿100,33.0,False,True,5.0,2805.0,Phrae,Other provinces
4704426940,น้ำมันสกัดเย็น6สหาย จัดเซ็ต3กป เพียง349 บาท ถูกแบบตะโกนคะ,Heart & Blood Pressure,349.0,฿300–499,109.0,False,True,29.0,38041.0,Bangkok,Greater Bangkok
4704848289,Red Clover Plus ผลิตภัณฑ์เสริมอาหาร ฉลากไทยแท้ 100%พร้อมส่ง,Well Being Gifts & Value Sets,580.0,฿500–999,30.0,False,True,4.0,17400.0,Bangkok,Greater Bangkok
4705008455,(ถุงเติม) Ensure Gold Vanilla 400g. เอนชัวร์โกลด์ วานิลลา,Nutritional Foods & Drinks,349.0,฿300–499,119.0,False,True,20.0,41531.0,Bangkok,Greater Bangkok
4705194934,PipingRock DHT Blocker Hair Formula for Men & Women 60 Coated Tablets ผลิตภัณฑ์คุณภาพจาก Piping Rock,Hair & Nail,751.0,฿500–999,,False,False,,,Pathum Thani,Greater Bangkok
4705353294,วิตามินผิวเบลล่า ซันนี่ Bella Sunny 🍊1 แถม 1 ของแท้+พร้อมส่ง🍊🍅,Beauty Supplements Value Sets,284.0,฿100–299,71.0,False,True,12.0,20164.0,Lampang,Other provinces
4705537419,(ส่งฟรี) ชุดเตรียมตั้งครรภ์ กิฟฟารีน โฟลิค ไบโอแฟลกซ์ มีบุตรยาก เลือดจาง NUTRI FOLIC / BIO FLAX,Pregnancy Care,1524.0,"฿1,000+",,False,False,,,Bangkok,Greater Bangkok
4705576200,(ส่งฟรี) ชุดเตรียมตั้งครรภ์ กิฟฟารีน โฟลิค ไบโอแฟลกซ์ มีบุตรยาก เลือดจาง NUTRI FOLIC / BIO FLAX,Pregnancy Care,700.0,฿500–999,,False,False,,,Bangkok,Greater Bangkok
4705820595,DEXTRA BIOTIN ZINC วิตามินไบโอติน หญ้าหางม้า  30 แคปซูล [HHTT],Hair & Nail,160.0,฿100–299,,False,False,,,Bangkok,Greater Bangkok
4705866166,HandyHerb Ener-G Shot แฮนดี้เฮิร์บ เอนเนอร์-จี ช็อต ขนาด 24 ขวด  [HHTT],Brain & Memory,375.0,฿300–499,,False,False,,,Bangkok,Greater Bangkok
4705916001,Biotin Zinc ไบโอทิน ซิงก์  90 เม็ด  (ขวด PET แบบใหม่ หมดอายุ 19-03-2025) [HHTT],Hair & Nail,279.0,฿100–299,,False,False,,,Bangkok,Greater Bangkok
4705957155,Biotin Zinc ไบโอทิน ซิงก์  90 เม็ด  (ขวด PET แบบใหม่ หมดอายุ 19-03-2025) [PPLINE],Hair & Nail,279.0,฿100–299,,False,False,1.0,,Bangkok,Greater Bangkok
4705972396,Biotin Zinc Smooth E Life   บรรจุ 90 เม็ด [IIPP],Hair & Nail,471.98,฿300–499,,False,False,1.0,,Bangkok,Greater Bangkok
4705983580,แฮนดี้เฮิร์บ HandyHerb ไนท์ไนท์ Night Night ขนาด 1 โหล 12 ขวด [WEC],"Stress, Sleep, and Anxiety",199.86,฿100–299,,False,False,,,Bangkok,Greater Bangkok
4705991607,HandyHerb Gnite แฮนดี้ เฮิร์บ จีไนท์ คาโมมายล์ เห็ดหลินจือสกัด G'nite 24 ซอง 48 แคปซูล [IIPP],"Stress, Sleep, and Anxiety",299.0,฿100–299,,False,False,,,Bangkok,Greater Bangkok
4706035389,Biotin Zinc ไบโอทิน ซิงก์  90 เม็ด  (ขวด PET แบบใหม่ หมดอายุ 19-03-2025) [WEC],Hair & Nail,302.5,฿300–499,,False,False,,,Bangkok,Greater Bangkok
4706105044,Biotin Zinc Smooth E Life   บรรจุ 90 เม็ด [MMDD],Hair & Nail,519.18,฿500–999,,False,False,,,Bangkok,Greater Bangkok
4706106051,DEXTRA BIOTIN ZINC วิตามินไบโอติน หญ้าหางม้า  30 แคปซูล [MMDD],Hair & Nail,176.0,฿100–299,,False,False,,,Bangkok,Greater Bangkok
4706122254,Biotin Zinc ไบโอทิน ซิงก์  90 เม็ด  (ขวด PET แบบใหม่ หมดอายุ 19-03-2025) [ABC],Hair & Nail,306.9,฿300–499,,False,False,1.0,,Bangkok,Greater Bangkok
4706181090,"DHT for Men & Women, 60 Coated Tablets",Hair & Nail,699.0,฿500–999,,False,False,1.0,,Bangkok,Greater Bangkok
4706356867,เซ็ตคุ้มเวอร์ Yanhee Callyn Plus [ คอลลิน6 + เวจจี้ 4 ] ยันฮี คอลลิน พลัส ลดไว เหมาะสำหรับคนดื้อยา,Weight Management Value Sets,3390.0,"฿1,000+",6.0,False,True,2.0,20340.0,Bangkok,Greater Bangkok
4706528463,Wil&Yel Biotin Plus Zinc บรรจุ 60 เม็ด แพ็คคู่ 2 กระปุก,Hair & Nail,1290.0,"฿1,000+",,False,False,,,Samut Prakan,Greater Bangkok
4706894483,🍀 กำกิกเผี่ยง 甘桔喉糖片 Gumgig Pean แพค 6 กล่อง { 1 กล่อง บรรจุ 20 เม็ด } อมชุ่มคอ,Well Being Gifts & Value Sets,270.0,฿100–299,92.0,False,True,20.0,24840.0,Samut Prakan,Greater Bangkok
4706978500,✅ ร้านน้ำมลมินิของเเท้💯% ✅ ส่งฟรี อาโมนิ แม็กไนท์ ✅ ร้านดังในTikTok ✅ มีบัตรตัวเเทน ผลิตภัณฑ์ Shining ✅ อาโมนิทุกสี ✅,"Stress, Sleep, and Anxiety",290.0,฿100–299,,False,False,,,Nonthaburi,Greater Bangkok
4707243100,Wil&Yel Biotin Plus Zinc บรรจุ 60 เม็ด แพ็ค 3 กระปุก,Hair & Nail,1750.0,"฿1,000+",,False,False,,,Samut Prakan,Greater Bangkok
4708033635,เลดี้พลัส,Breast Enlargement,89.0,<฿100,,False,False,,,Phra Nakhon Si Ayutthaya,Other provinces
4708403326,Adalin Fiberry PLUS+ อดาลิน ไฟเบอรี่ พลัส ไฟเบอร์ ไฟเบอร์ขับถ่าย ไฟเบอร์ช่วยขับถ่าย ดีท็อก ดีท็อกซ์ Detox ไฟเบอร์ดีท็อกซ์ ลดน้ำหนัก ลดพุง 1 แถม 1,Digestive Care,290.0,฿100–299,80.0,False,True,12.0,23200.0,Bangkok,Greater Bangkok
4708486917,กลูต้าชาร์มา.ซื้อ1 แถม1 โล้ะสต้อค gluta chamar ลดสิวผิวใส (2กป),Whitening,124.0,฿100–299,210.0,False,True,50.0,26040.0,Bangkok,Greater Bangkok
4709174501,อารยาคอลลาเจน 🔥ซื้อ 1 แถม 2🔥 ได้ 3 กล่อง 30 ซอง คอลลาเจนราสพ์เบอร์รี่,Beauty Supplements Value Sets,330.0,฿300–499,153.0,False,True,37.0,50490.0,Nonthaburi,Greater Bangkok
4710041128,Armoni Magnight อาโมนิ แม็กไนท์ อาหารเสริม วิตามิน แมกนีเซียม กาบ้า คาโมมายด์ วิตามินบี 1 วิตามินบี 12 [30 เม็ด] [ 2 กระปุก ],"Stress, Sleep, and Anxiety",550.0,฿500–999,,False,False,,,Pathum Thani,Greater Bangkok
4710805339,บำรุงน้ำนมแม่ M kiss,Pregnancy Care,250.0,฿100–299,,False,False,,,Nakhon Ratchasima,Other provinces
4711088528,วิตามินดีพราว Deproud Bio Multi C ดีพราวด์วิตามินซีสด Deproud Bio Vitaminc,Acne Care,89.0,<฿100,,False,False,,,Kanchanaburi,Other provinces
4711308282,!!!ใหม่!!! WHERY WELL  WHERY Nutrie Meal Replacement ผลิตภัณฑ์ทดแทนอาหาร  ควบคุมน้ำหนัก,Meal Replacement,350.0,฿300–499,,False,False,,,Nakhon Pathom,Greater Bangkok
4711924253,Megalife Mega Banana Shot อาหารเสริม ช่วยในการพักผ่อน,"Stress, Sleep, and Anxiety",294.0,฿100–299,,False,False,,,Bangkok,Greater Bangkok
4712079584,Vistra Set ลดสิวผิวมัน ป้องกันการเกิดสิวอักเสบ (vistra Gotu kola 30เม็ด) (vistra zinc 45เม็ด) #โทนเนอร์  #สิว  #ป้องกันสิว  #ลดสิว  #ลดรอยดำ  #รักษาสิว,Acne Care,778.17,฿500–999,,False,False,,,Pathum Thani,Greater Bangkok
4712590456,คูลแคป koolcapp บรรเทาไข้ 60 แคปซูล,Immunity,179.0,฿100–299,39.0,False,True,10.0,6981.0,Amnat Charoen,Other provinces
4715661980,ยาน้ำตรีผลา ตราทีเอฟดี,Herbs & Traditional Medicine,65.0,<฿100,88.0,False,True,4.0,5720.0,Nonthaburi,Greater Bangkok
4715697262,บำรุงน้ำนมแม่ M kiss,Pregnancy Care,250.0,฿100–299,,False,False,,,Nakhon Ratchasima,Other provinces
4715708872,ส่งฟรี กิฟฟารีน โพรไบโอติก 10 พลัส มีจุลินทรีย์โพรไบโอติกถึง 10 สายพันธุ์ เหนื่อยง่าย การขับถ่าย ช่วยดูแลลำใส้,Digestive Care,660.0,฿500–999,,False,False,1.0,,Bangkok,Greater Bangkok
4715757382,ส่งฟรี ผลิตภัณฑ์เสริมอาหาร ใยอาหาร (อินนูลิน) ผสมผักผลไม้รวม และวิตามินซี ชนิดผง  อัดแน่นด้วย อินนูลินจากชิคอรี จากประเทศเนเธอร์แลนด์,Digestive Care,270.0,฿100–299,,False,False,,,Bangkok,Greater Bangkok
4716089803,โฟลิค กิฟฟารีน โฟลิก เลือดจาง โฟลิค เตรียมตั้งครรภ์ NUTRI FOLIC GIFFARINE,Multivitamins,135.0,฿100–299,69.0,False,True,3.0,9315.0,Pathum Thani,Greater Bangkok
4716208610,( นาริโกะ 1+1)&gt;&gt;&gt; NARIKO COLLAGEN Tripeptide + vitamin C  นาริโกะ คอลลาเจน ผสม วิตามินซี,Hair & Nail,390.0,฿300–499,16.0,False,True,9.0,6240.0,Nonthaburi,Greater Bangkok
4716259481,( นาริโกะ 3+3)&gt;&gt;&gt; ซื้อ 3 แถม 3 NARIKO COLLAGEN Tripeptide + vitamin C  นาริโกะ คอลลาเจน ผสม วิตามินซี,Hair & Nail,999.0,฿500–999,,False,False,,,Nonthaburi,Greater Bangkok
4716295194,( นาริโกะ 2 +2 )&gt;&gt;&gt; NARIKO COLLAGEN Tripeptide + vitamin C  นาริโกะ คอลลาเจน ผสม วิตามินซี,Hair & Nail,690.0,฿500–999,,False,False,,,Nonthaburi,Greater Bangkok
4716308428,ลีนรสหมากฝรั่ง135บ.แถมสติ๊กเกอร์ มีอย.,"Stress, Sleep, and Anxiety",135.0,฿100–299,,False,False,,,Uttaradit,Other provinces
4716729370,1 แถม 1 กลูต้าส้มเลือด ของแท้ glutawithme กลูต้าวิทมี WITH ME  ส้มเลือดสามสายพันธุ์ ตัวช่วยลดสิว ผิวขาว,Acne Care,250.0,฿100–299,,False,False,,,Songkhla,Other provinces
4716874040,Good Zeep Natural Melatonin ช่วยผ่อนคลาย นอนหลับดีขึ้น,"Stress, Sleep, and Anxiety",325.0,฿300–499,110.0,False,True,19.0,35750.0,Lopburi,Other provinces
4717514192,บอดี้คีย์ บาย นิวทริไลท์ (ของแท้💯 ช็อปไทย) Bodykey Amway ผลิตภัณฑ์ทดแทนมื้ออาหาร ควบคุมน้ำหนัก Nutrilite สูตรใหม่,Meal Replacement,299.0,฿100–299,8.0,False,True,1.0,2392.0,Kalasin,Other provinces
4718299324,ส่งฟรี!! [ซื้อ 1 แถม 1] INZENT Zinc Plus ซิงค์ พลัส (2กระปุก) ประกอบด้วย แร่ธาตุซิงค์ เบต้ากลูแคน วิตามินซี วิตามินอี วิตามินดี (อาหารเสริม วิตามิน),Hair & Nail,179.1,฿100–299,10.0,False,True,1.0,1791.0,Bangkok,Greater Bangkok
4718599376,BLAZO COFFEE กาแฟ เพื่อสุขภาพ (29 IN 1) ตรา เบลโซ่ คอฟฟี่(1 ห่อบรรจุ 20 ซอง) ของแท้ 100%,Nutritional Foods & Drinks,195.0,฿100–299,174.0,False,True,44.0,33930.0,Nakhon Nayok,Other provinces
4718728542,SharisRelax วิตามินช่วยผ่อนคลาย นอนหลับได้ง่ายและมีคุณภาพ,"Stress, Sleep, and Anxiety",450.0,฿300–499,,False,False,,,Samut Prakan,Greater Bangkok
4720149929,ALLMAX Beta Alanine (100/400g)  เพิ่มความอดทน เพิ่มความทนทาน เพิ่มกล้าม,Mass Gainer,1490.0,"฿1,000+",,False,False,,,Bangkok,Greater Bangkok
4720193791,[ผลิตภัณฑ์ดูแลเส้นผมและกระดูก] Hi-Balanz Black Sesame Extract สารสกัดจากงาดำ 1 กล่อง 30 แคปซูล Exp.03/11/2023,Hair & Nail,147.0,฿100–299,50.0,False,True,6.0,7350.0,Bangkok,Greater Bangkok
4720355089,Nutrex​ Research HMB 1000 (120แคปซูล) HMB คุณภาพสูง ช่วยสังเคราะห์โปรตีน เพิ่มกล้ามเนื้อ,Mass Gainer,1290.0,"฿1,000+",,False,False,,,Bangkok,Greater Bangkok
4720403921,Smooth Sleep by Smooth Life เพิ่มประสิทธิภาพการนอนหลับและเสริมภูมิคุ้มกัน สมูทอี Smooth e,"Stress, Sleep, and Anxiety",275.0,฿100–299,,False,False,,,Chaiyaphum,Other provinces
4723081149,🥝พร้อมส่ง ฟรี !!🥝 TRUVITAR Kiwi Plus Acne Solution ผลิตภัณฑ์เสริมอาหารสารสกัดจากกีวี่ สำหรับผู้ที่มีปัญหาสิวอักเสบเรื้อรัง (30 แคปซูล),Acne Care,235.0,฿100–299,5.0,False,True,5.0,1175.0,Saraburi,Other provinces
4724062127,(ส่งฟรี) ผลิตภัณฑ์เสริมอาหาร ตราเบลส โกโก้ Dietary Suppiement Product  Bless Cocoa Brand ไม่มีน้ำตาล และไขมันทรานส์,Meal Replacement,450.0,฿300–499,,False,False,,,Pathum Thani,Greater Bangkok
4724885898,✅การันตีของแท้ 💯%✅ ON OPTIMUM BCAA 1000 Caps กรดอะมิโนเสริมสร้างขนาดและมวลกล้ามเนื้อ (ชนิดแบบเม็ด),Mass Gainer,450.0,฿300–499,,False,False,,,Nonthaburi,Greater Bangkok
4725079913,✅ ร้านน้ำมลมินิของเเท้💯%  วิตามิน 2 กระปุก  ร้านดังในTikTok ✅ มีบัตรตัวเเทน ผลิตภัณฑ์ Shining ✅ อาโมนิทุกสี,Hair & Nail,550.0,฿500–999,,False,False,1.0,,Nonthaburi,Greater Bangkok
4725311295,JESSIE MUM,Pregnancy Care,940.0,฿500–999,,False,False,,,Samut Prakan,Greater Bangkok
4725406026,1กล่อง 6เม็ด ของแท้จากโรงงาน100% pushen ปู่เซิน จิ่วเจิ้ง,Sexual Health Vitamins,194.0,฿100–299,426.0,False,True,42.0,82644.0,Bangkok,Greater Bangkok
4725784258,✅ ร้านน้ำมลมินิของเเท้% ✅ ส่งฟรี อาโมนิ2กระปุก ✅ ร้านดังในTikTok ✅ มีบัตรตัวเเทน ผลิตภัณฑ์ Shining ✅ อาโมนิทุกสี,"Stress, Sleep, and Anxiety",550.0,฿500–999,,False,False,,,Nonthaburi,Greater Bangkok
4727246850,SharisRelax SET 1 MONTH [ของแท้จากบริษัท] ช่วยให้นอนหลับลึก นอนมีคุณภาพ ผ่อนคลาย คลายเครียด,"Stress, Sleep, and Anxiety",1185.0,"฿1,000+",5.0,False,True,2.0,5925.0,Samut Prakan,Greater Bangkok
4727290397,SharisRelax [ของแท้จากบริษัท] ช่วยให้นอนหลับลึก นอนมีคุณภาพ ผ่อนคลาย คลายเครียด,"Stress, Sleep, and Anxiety",450.0,฿300–499,6.0,False,True,2.0,2700.0,Samut Prakan,Greater Bangkok
4727699793,Nectahair วิตามินจบปัญหาร่วง บาง ล้าน Pelatin จาก Nectapharma วิตามินบำรุงผม อาหารเสริมผม ผมร่วง ผมบาง ผมขึ้น biotin,Hair & Nail,890.0,฿500–999,,False,False,,,Bangkok,Greater Bangkok
4728297079,MX Protein,Protein,990.0,฿500–999,,False,False,,,Chaiyaphum,Other provinces
4728355853,[โปร 3 แถม 3] Bilberry Plus บำรุงผม ลดการขาดร่วง สร้างผม ตัวขายดี ทานทุกวันก่อนนอน ปลอดภัย ไม่มีสารเคมี,Hair & Nail,899.0,฿500–999,,False,False,,,Bangkok,Greater Bangkok
4728962485,"คอลลาเจน ยูมิโกะ 200,000 มก. ไม่มีรสชาติ ไม่มีกลิ่นคาว ชงร้อน/เย็น",Well Being Gifts & Value Sets,590.0,฿500–999,,False,False,1.0,,Chiang Mai,Other provinces
4729647988,Himalaya Purim ดูแลผิว,Beauty Supplements Value Sets,79.0,<฿100,6.0,False,True,,474.0,Bangkok,Greater Bangkok
4729922370,Malinest gluta มารีเนสกลูต้ารังนก  ( 1 ซอง),Whitening,68.73,<฿100,1100.0,False,True,146.0,75603.0,Bangkok,Greater Bangkok
4730160942,Blackmores 9+ Care Gold (60 Capsules) แบลคมอร์ส 9 พลัส แคร์ โกลด์ (60 แคมซูล),Pregnancy Care,499.0,฿300–499,,False,False,,,Nonthaburi,Greater Bangkok
4730481226,Uherbal Z  ยูเฮอร์เบิลซี สมุนไพรดูแลเรื่องการนอน นอนไม่หลับ ตื่นกลางดึก หลับยาก นอนหลับไม่สนิท หลับๆตื่นๆ ตื่นมาไม่สดชื่น ตื่นมาอ่อนเพลีย,"Stress, Sleep, and Anxiety",1250.0,"฿1,000+",,False,False,,,Bangkok,Greater Bangkok
4730834514,[ ของแท้!!! สินค้านำเข้า ] ความเข้มพิเศษ L Arginine - 1200 มก. ส่งเสริมการเจริญเติบโตของกล้ามเนื้อหลอดเลือดและพลังงาน - มี L-citrulline และกรดอะมิโนที่จำเป็นสำหรับการฝึกอบรมอีกต่อไป ( ระวังของปลอม!! ) ราคา ถูก / ส่ง,Pre-Workout,353.35,฿300–499,,False,False,,,Bangkok,Greater Bangkok
4730882122,บีนี่ไวท์ 🪞𝐏𝐋𝐀𝐍𝐓 𝐏𝐑𝐎𝐓𝐄𝐈𝐍 🪴 โปรตีนพืช 100% ✅ คุมหิว อิ่มนาน,Meal Replacement,59.0,<฿100,30.0,False,True,1.0,1770.0,Chonburi,Other provinces
4730922531,[ ของแท้!!! สินค้านำเข้า ] ดร. เอมิลอาร์จินีบวก-L อาร์จินี + L citrulline - 2500mg 120 แคปซูล ( ระวังของปลอม!! ) ราคา ถูก / ส่ง,Pre-Workout,368.56,฿300–499,,False,False,,,Bangkok,Greater Bangkok
4730935512,[ ของแท้!!! สินค้านำเข้า ] ความเข้มพิเศษ L Arginine - 1200 มก. ส่งเสริมการเจริญเติบโตของกล้ามเนื้อหลอดเลือดและพลังงาน - มี L-citrulline และกรดอะมิโนที่จำเป็นสำหรับการฝึกอบรมอีกต่อไป ( ระวังของปลอม!! ) ราคา ถูก / ส่ง,Pre-Workout,353.35,฿300–499,,False,False,,,Bangkok,Greater Bangkok
4732154797,X6 Plus Hard Iron อาหารเสริมสำหรับท่านชาย ช่วยอึด ช่วยทน บำรุงสุขภาพผู้ชาย (1กล่องมี6แคปซูล),Men's Health,139.0,฿100–299,658.0,False,True,170.0,91462.0,Bangkok,Greater Bangkok
4732950076,Lean syrup,"Stress, Sleep, and Anxiety",160.0,฿100–299,,False,False,,,Bangkok,Greater Bangkok
4734484552,ไฟเบอร์ ลดพุง ไฟเบอรีน ไฟเบอร์ ดีท๊อก ใยอาหาร ผักผลไม้รวม Fiberine ผักอัดเม็ด 100 เม็ด 🔥ส่งฟรี🔥,Weight Management Value Sets,240.0,฿100–299,80.0,False,True,2.0,19200.0,Samut Prakan,Greater Bangkok
4734691187,ไบโอติน เอช พลัส กิฟฟารีน Biotin H Plus Giffarine #วิตามินผม #อาหารผม #ผมร่วง #ผมบาง #ผมหงอก #ปลูกผม #ผมงอก #ผมหนา #บำรุงผม,Hair & Nail,520.0,฿500–999,,False,False,1.0,,Bangkok,Greater Bangkok
4735587288,[พร้อมส่ง] GARCINIA plus POTENT Diet Potent Diet ลดน้ำหนักเกาหลี112 เม็ด อาหารเสริมลดน้ำหนักเกาหลี วิตตามินลดน้ำหนัก,Weight Management Value Sets,229.0,฿100–299,19.0,False,True,9.0,4351.0,Pathum Thani,Greater Bangkok
4736153371,ไฟเบอร์ ลดพุง ไฟเบอรีน ไฟเบอร์ ดีท๊อก ใยอาหาร ผักผลไม้รวม Fiberine ผักอัดเม็ด 100 เม็ด 🔥ส่งฟรี,Weight Management Value Sets,240.0,฿100–299,,False,False,4.0,,Samut Prakan,Greater Bangkok
4736167383,อาหารเสริมเพื่อผิวขาว สารสกัดจากเมล็ดองุ่น วิตามินซี วิตามินอี จุดดำสิว จุดแดงสิว กรตุ้นกลูต้า คอลลาเจน Grape Seed 580บาท,Acne Care,560.0,฿500–999,7.0,False,True,2.0,3920.0,Bangkok,Greater Bangkok
4736322137,นอนหลับสนิท หลับง่าย เพิ่มประสิทธิภาพในการนอน ด้วย แอลธีอะนีน 30แคปซูล บำรุงร่างกาย เพศ 620บาท,Sexual Health Vitamins,560.0,฿500–999,,False,False,1.0,,Bangkok,Greater Bangkok
4736500572,อาหารเสริมชาย อาหารเสริมเพื่อสุขภาพ อาหารเสริมสำหรับผู้ชาย (60เม็ด) อาหารเสริม สุขภาพ สำหรับสุภาพบุรุษ,Sexual Health Vitamins,580.0,฿500–999,6.0,False,True,2.0,3480.0,Samut Prakan,Greater Bangkok
4736562567,🌸จัดส่งฟรี/พร้อมส่ง🌸 RENALE ชา รีนาเร่ เพิ่มโอกาสตั้งครรภ์,Women's Health,279.0,฿100–299,40.0,False,True,8.0,11160.0,Chonburi,Other provinces
4736757041,[1 กล่อง][30 แคปซูล] บำรุงกระดูก + คอลลาเจน Collagen แคลเซี่ยมกระดูก คอลลาเจน แคลเซียม สูตรคุณหมอ คอลลาเจนกระดูก คอลดี Coll D รักษาอาการปวดเข่า,Bone & Joint Support,139.0,฿100–299,70.0,False,True,15.0,9730.0,Bangkok,Greater Bangkok
4736794912,Maxwell plant more protein isolate แพลนต์ โปรตีน ไอโซเลท จากพืช 7 ชนิด+ 4 prebiotic เวย์ ลีน ลดน้ำหนัก เพิ่มกล้ามเนื้อ,Protein,579.0,฿500–999,5.0,False,True,3.0,2895.0,Nakhon Ratchasima,Other provinces
4736952330,"Oral Impact powder ออรัล อิมแพค. อาหารสูตรครบถ้วนที่มีโปรตีนสูง ประกอบด้วย อาร์จีนิน, นิวคลีโอไทด์ และโอเมก้า 3",Nutritional Foods & Drinks,879.0,฿500–999,10.0,False,True,,8790.0,Bangkok,Greater Bangkok
4738066518,[1 กล่อง][30 แคปซูล] Collagen คอลลาเจน แคลเซียม บำรุงกระดูก + คอลลาเจน สูตรคุณหมอ แคลเซี่ยมกระดูก คอลลาเจนกระดูก คอลดี Coll D รักษาอาการปวดเข่า,Bone & Joint Support,139.0,฿100–299,6.0,False,True,2.0,834.0,Bangkok,Greater Bangkok
4738104411,วิตามินผิวขาว สิว ฝ้า กระ อาหารเสริมเพื่อผิวขาว สารสกัดจากเมล็ดองุ่น grape seed วิตามินซี วิตามินอี อาหารเสริมเพื่อผิวสวย กลูต้า คอลลาเจน องุ่น 30 เม,Acne Care,380.0,฿300–499,,False,False,1.0,,Bangkok,Greater Bangkok
4738129276,ตามินผิวขาว สิว ฝ้า กระ อาหารเสริมเพื่อผิวขาว สารสกัดจากเมล็ดองุ่น grape seed วิตามินซี วิตามินอี อาหารเสริมเพื่อผิวสวย กลูต้า คอลลาเจน,Acne Care,380.0,฿300–499,,False,False,4.0,,Samut Prakan,Greater Bangkok
4738258390,นอนหลับสนิท หลับง่าย เพิ่มประสิทธิภาพในการนอน ด้วย แอลธีอะนีน 30แคปซูล บำรุงร่างกาย เพศ,Sexual Health Vitamins,620.0,฿500–999,61.0,False,True,3.0,37820.0,Samut Prakan,Greater Bangkok
4738474051,นอนหลับสนิท หลับง่าย เพิ่มประสิทธิภาพในการนอน ด้วย แอลธีอะนีน 30แคปซูล บำรุงร่างกาย เพศ,Sexual Health Vitamins,620.0,฿500–999,,False,False,3.0,,Samut Prakan,Greater Bangkok
4738783234,ไอแคน I Can ลดน้ำตาลสะสม แท้100%,Pregnancy Care,4400.0,"฿1,000+",,False,False,,,Bangkok,Greater Bangkok
4739109152,วีเวย์ V WHEY BULK เวย์โปรตีน คุณภาพ เพิ่มสร้างมวลกล้ามเนื้อ สำหรับคนผอม คนอยากมีกล้าม ของแแท้ 100% รสช็อคโกแลต โปรตีน 24 G. Health&Beauty77,Mass Gainer,990.0,฿500–999,21.0,False,True,1.0,20790.0,Bangkok,Greater Bangkok
4740139710,นอนหลับสนิท หลับง่าย เพิ่มประสิทธิภาพในการนอน ด้วย แอลธีอะนีน 30แคปซูล บำรุงร่างกาย เพศ,Sexual Health Vitamins,620.0,฿500–999,,False,False,4.0,,Samut Prakan,Greater Bangkok
4740440897,🔥ส่งฟรี🔥วิตามินบำรุงเส้นผม ลดผมร่วง ผมหงอก ผมแตกปลาย เร่งผมยาว ที่ปลูกผม ดูแลปัญหาผม ผมหลุดร่วง เซซามีน 12000 (60เม็ด),Hair & Nail,720.0,฿500–999,,False,False,4.0,,Samut Prakan,Greater Bangkok
4740523669,นอนหลับสนิท หลับง่าย เพิ่มประสิทธิภาพในการนอน ด้วย แอลธีอะนีน 30แคปซูล บำรุงร่างกาย เพศ,Sexual Health Vitamins,512.0,฿500–999,,False,False,4.0,,Samut Prakan,Greater Bangkok
4740651545,SEATTLE GUMMY - MOCCA SHOTS - เยลลี่ให้พลังงาน BB : 09 - 12/24,Pre-Workout,140.0,฿100–299,,False,False,,,Pathum Thani,Greater Bangkok
4740726269,SEATTLE GUMMY - HYDRAFUEL - เยลลี่ให้พลังงาน BB : 03/25,Pre-Workout,140.0,฿100–299,,False,False,,,Pathum Thani,Greater Bangkok
4740754070,SEATTLE GUMMY - POWER UP - เยลลี่ให้พลังงาน BB : 03/25,Pre-Workout,140.0,฿100–299,,False,False,,,Pathum Thani,Greater Bangkok
4741082652,PRIMEVAL LABS L-CARNITINE MAX3000(30servings),Pre-Workout,1299.0,"฿1,000+",,False,False,,,Bangkok,Greater Bangkok
4741166492,"21st Century | ไบโอติน (Biotin, 800 mcg), 110 เม็ด (กลืนง่าย)",Hair & Nail,239.0,฿100–299,,False,False,,,Bangkok,Greater Bangkok
4741797953,Jessie Mum,Pregnancy Care,890.0,฿500–999,,False,False,,,Ubon Ratchathani,Other provinces
4741987372,"(ใหม่พร้อมส่ง) Cellucor, C4 Sport, Pre-Workout 30 Servings",Pre-Workout,1190.0,"฿1,000+",,False,False,,,Samut Prakan,Greater Bangkok
4742819074,นอนหลับสนิท หลับง่าย เพิ่มประสิทธิภาพในการนอน ด้วย แอลธีอะนีน 30แคปซูล บำรุงร่างกาย เพศ,Sexual Health Vitamins,620.0,฿500–999,,False,False,4.0,,Nakhon Sawan,Other provinces
4742866772,TYLENOL 500 ไทลินอล 500 mg ยาลดไข้ บรรเทาปวด ยาสามัญประจำบ้าน [1 แผงมี 10 เม็ด x 20 แผง = 200 เม็ด] *พร้อมส่ง*,Immunity,75.0,<฿100,,False,False,,,Bangkok,Greater Bangkok
4742922167,🔥อันดับ1🔥ครีบบำรุงสำหรับผู้หญิง เปลี่ยนคัพ อัพไซด์ เนินผิวตึงขาวใส สูตรใหม่ใส่กลิ่นฟีโรโมน 180กรัม 720บาท,Breast Enlargement,720.0,฿500–999,,False,False,1.0,,Samut Prakan,Greater Bangkok
4743165277,อาหารเสริมเพื่อผิวขาว สารสกัดจากเมล็ดองุ่น วิตามินซี วิตามินอี จุดดำสิว จุดแดงสิว กรตุ้นกลูต้า คอลลาเจน Grape Seed,Acne Care,580.0,฿500–999,,False,False,1.0,,Samut Prakan,Greater Bangkok
4743243475,นอนหลับสนิท หลับง่าย เพิ่มประสิทธิภาพในการนอน ด้วย แอลธีอะนีน 30แคปซูล บำรุงร่างกาย เพศ,Sexual Health Vitamins,680.0,฿500–999,,False,False,2.0,,Samut Prakan,Greater Bangkok
4743451727,อัลฟาคลอโรฟิล พลัส Alpha chlolphyllplus,Detoxification,75.0,<฿100,10.0,False,True,2.0,750.0,Nonthaburi,Greater Bangkok
4743522643,⚡️ล็อตใหม่⚡️Benja Oil Securmin เบญจออย ซีเคอร์มิน  น้ำมันสกัดจากธรรมชาติ10ชนิด (Exp:03/25),Heart & Blood Pressure,194.0,฿100–299,189.0,False,True,31.0,36666.0,Bangkok,Greater Bangkok
4743602332,"""กระปุก60เม็ด""สุภาพโอสถ BLACK SESAME OIL+RICE BRAN OIL  น้ำมันงาดำรำข้าว สกัดเย็นเกรดพรีเมี่ยม",Bone & Joint Support,289.0,฿100–299,59.0,False,True,13.0,17051.0,Bangkok,Greater Bangkok
4743794143,พร้อมส่ง BetaX โปร 2 แถม 1 ส่งฟรี (เบต้าเอ็กซ์) เบต้าเอ็กซ์ BetaX : 1 กล่อง บรรจุ 10 เม็ด ของแท้100% Health&Beauty77,Detoxification,990.0,฿500–999,37.0,False,True,6.0,36630.0,Bangkok,Greater Bangkok
4744369022,E-W (Energy for women),Sexual Health Vitamins,1090.0,"฿1,000+",,False,False,,,Nakhon Ratchasima,Other provinces
4744413090,"Life Extension, Vitamin B3 Niacin, 500 mg, 100 Capsules LE",Immunity,450.0,฿300–499,,False,False,,,Bangkok,Greater Bangkok
4744571919,TOBY HORSETAIL BIOTIN PLUS โทบี้ ฮอร์สเทล ไบโอติน พลัส อาหารเสริมบำรุงผม อาหารเสริมบำรุงเส้นผม วิตามินบำรุงผม วิตามินบำรุงเส้นผม 200 กรัม 1 กระปุก,Hair & Nail,390.0,฿300–499,,False,False,,,Bangkok,Greater Bangkok
4744650335,TOBY HORSETAIL BIOTIN PLUS โทบี้ ฮอร์สเทล ไบโอติน พลัส อาหารเสริมบำรุงผม อาหารเสริมบำรุงเส้นผม วิตามินบำรุงผม วิตามินบำรุงเส้นผม 200 กรัม 2 กระปุก,Hair & Nail,990.0,฿500–999,,False,False,1.0,,Bangkok,Greater Bangkok
4744652301,TOBY HORSETAIL BIOTIN PLUS โทบี้ ฮอร์สเทล ไบโอติน พลัส อาหารเสริมบำรุงผม อาหารเสริมบำรุงเส้นผม วิตามินบำรุงผม วิตามินบำรุงเส้นผม 200 กรัม 5 กระปุก,Hair & Nail,1600.0,"฿1,000+",,False,False,,,Bangkok,Greater Bangkok
4745849773,larose bio balance V2 1ฟรี1 สมุนไพรจีนผู้หญิง บำรุงน้องสาว ตกขาว จากภายในสู่ภายนอก สมุนไพร ลาโรส วี2 Larose สารสกัดธรรมชาติ ส่งฟรี,Sexual Health Vitamins,390.0,฿300–499,,False,False,,,Bangkok,Greater Bangkok
4745860771,larose bio balance V2 2ฟรี2 สมุนไพรจีนผู้หญิง บำรุงน้องสาว ตกขาว จากภายในสู่ภายนอก สมุนไพร ลาโรส วี2 Larose สารสกัดธรรมชาติ ส่งฟรี,Sexual Health Vitamins,590.0,฿500–999,,False,False,,,Bangkok,Greater Bangkok
4745934369,Linlife ลีนไลฟ์ โปรตีนอั้มพัชราภา เจลลี่โปรตีน เพอร์ลีน Perleen อร่อย ทดแทนมื้ออาหาร,Meal Replacement,330.0,฿300–499,33.0,False,True,16.0,10890.0,Chonburi,Other provinces
4746063212,ยาผงสีเหลืองตราดอกสะแล่ง,Herbs & Traditional Medicine,100.0,฿100–299,23.0,False,True,4.0,2300.0,Lamphun,Other provinces
4746299110,นอนหลับสนิท หลับง่าย เพิ่มประสิทธิภาพในการนอน ด้วย แอลธีอะนีน 30แคปซูล บำรุงร่างกาย เพศ,Sexual Health Vitamins,620.0,฿500–999,80.0,False,True,4.0,49600.0,Nakhon Sawan,Other provinces
4746351052,larose bio balance V2 สมุนไพรจีนผู้หญิง บำรุงน้องสาว ตกขาว จากภายในสู่ภายนอก สมุนไพร ลาโรส วี2 Larose สารสกัดธรรมชาติ ส่งฟรี,Sexual Health Vitamins,390.0,฿300–499,,False,False,,,Bangkok,Greater Bangkok
4746501502,🍀พร้อมส่ง ส่งฟรี🍀 TRUVITAR Gotu Kola Plus Zinc 30 แคปซูล ผลิตภัณฑ์เสริมอาหารสารสกัดจากใบบัวบกชนิดแคปซูล จัดการปัญหาสิวแบบตรงจุด !! (1แถม1),Acne Care,319.0,฿300–499,6.0,False,True,5.0,1914.0,Saraburi,Other provinces
4746804155,ว่านชักมดลุก อาหารเสริมหญิง อาหารเสริมสำหรับผู้หญิง อาหารเสริมเพื่อสุขภาพ อาหารเสริม สำหรับผู้หญิง,Sexual Health Vitamins,360.0,฿300–499,80.0,False,True,3.0,28800.0,Phrae,Other provinces
4747278323,หลับลึก แก้เครียด เพิ่มประสิทธิภาพการนอนหลับ ซอลจิน 1 กระปุก 30 แคปซูล,"Stress, Sleep, and Anxiety",425.0,฿300–499,,False,False,,,Chonburi,Other provinces
4747279832,Ensure  เอนชัวร์ สูตรครบถ้วน กลิ่นวานิลลาของแท้ สูตรเดียวกับแบบกระป๋อง ชนิดรีฟิวถุงเติม ขนาด400กรัมx2 ถุง หมดอายุปี2025,Nutritional Foods & Drinks,850.0,฿500–999,83.0,False,True,33.0,70550.0,Saraburi,Other provinces
4747336779,"Now Food โสมอินเดีย Ashwagandha Standardized Extract, 450 mg, 90 cap 180 cap ถูกและคุ้มที่สุด",Immunity,465.0,฿300–499,9.0,False,True,1.0,4185.0,Nonthaburi,Greater Bangkok
4747345851,CREATINE 5000 ขนาด 300g เพิ่มพละกำลัง สะสมพลังงานให้กล้ามเนื้อ VITAXTRONG 100% PURE,Mass Gainer,459.0,฿300–499,126.0,False,True,28.0,57834.0,Roi Et,Other provinces
4747526318,พร้อมส่ง กลูต้า BTO ของแท้ ราคาต่อกระปุก,Whitening,79.0,<฿100,15.0,False,True,1.0,1185.0,Pathum Thani,Greater Bangkok
4747646479,Malinest L-Gluta มาลิเนส คอลลาเจน แอลกลูต้า 1 ซอง 15 เม็ด,Skin Nourishment,59.0,<฿100,1233.0,False,True,97.0,72747.0,Bangkok,Greater Bangkok
4748627070,[2 กระปุก] BTO L Glutathione บีทีโอ แอล กลูต้าไธโอน [30 แคปซูล] กลูต้า บำรุงผิว เข้มข้น,Whitening,158.0,฿100–299,32.0,False,True,6.0,5056.0,Pathum Thani,Greater Bangkok
4748752431,อาหารเสริมผู้ชาย Kingdom ทน นาน แข็ง บำรุง ตัวดังติ้กตอก ของแท้พร้อมส่ง,Sexual Health Vitamins,179.0,฿100–299,,False,False,,,Nakhon Pathom,Greater Bangkok
4749062995,อาร์ก-เอน-ออร์น ARG-N-ORN เป็นผู้ชาย ต้องมั่นใจได้ทุกวัน  ผลิตภัณฑ์เสริมอาหาร แอล-อาร์จินีน แอล-ออร์นิทีน และไนอะซินาไมด์ชนิดแคปซูล,Sexual Health Vitamins,580.0,฿500–999,,False,False,,,Samut Prakan,Greater Bangkok
4749839305,(ใหม่) อะมิโน พลัส โปรตีนฟื้นฟูไต โดยหมอบุญชัย ช่วยเสริมสร้างกล้ามเนื้อ เพิ่มน้ำหนัก ทานได้ทุกเพศทุกวัย Amino Plus,Mass Gainer,890.0,฿500–999,37.0,False,True,8.0,32930.0,Bangkok,Greater Bangkok
4750645107,Cellucor NO3 Chrome (90 Capsules) Nitric Oxide Supplements with Arginine Nitrate for Muscle Pump & Blood Flow preworkout Stimulant free pre workout,Pre-Workout,1390.0,"฿1,000+",,False,False,,,Chumphon,Other provinces
4751892683,นอนหลับสนิท หลับง่าย เพิ่มประสิทธิภาพในการนอน ด้วย แอลธีอะนีน 30แคปซูล บำรุงร่างกาย เพศ,Sexual Health Vitamins,620.0,฿500–999,6.0,False,True,3.0,3720.0,Samut Prakan,Greater Bangkok
4752591346,PVL Creatine X8  Creatine + Amino Acid Supplement - 249 g  30 Serving สุดยอด เพิ่มแรง เพิ่มพลัง ก่อนออกกำลังกาย + กรดอะมิโน ช่วยในการฟื้นฟูและสร้างกล้ามเนื้อ,Pre-Workout,790.0,฿500–999,8.0,False,True,1.0,6320.0,Chiang Rai,Other provinces
4752603199,BIO C 1000mg แบลคมอร์ส วิตามิน ไบโอ ซี สูตรออสเตรเลีย,Immunity,260.0,฿100–299,88.0,False,True,19.0,22880.0,Bangkok,Greater Bangkok
4752821139,PVL DOMIN 8 Sport Pre-Workout 225 g (30 Serving) สุดยอด เพิ่มแรง เพิ่มพลัง ก่อนออกกำลังกาย,Pre-Workout,790.0,฿500–999,12.0,False,True,2.0,9480.0,Chiang Rai,Other provinces
4753104280,PVL Gold Series L-Citrulline Malate 2:1 Pre-Workout 360 g (180 Serving) เพิ่มแรง เพิ่มการทำงานของหลอดเลือดและการไหลเวียนของเลือด เพิ่มไนตริกออกไซด์และปั๊มกล้ามเนื้อ,Pre-Workout,1190.0,"฿1,000+",,False,False,,,Chiang Rai,Other provinces
4753680123,คลอลาเจน KO ​Blue Turquoise Collagen  100%พร้อมส่ง,Hair & Nail,132.0,฿100–299,,False,False,,,Samut Prakan,Greater Bangkok
4753852032,(1 กล่อง) ชูว์ CHU ผลิตภัณฑ์เสริมอาหาร สำหรับท่านชาย บรรจุ 10 แคปซูล,Sexual Health Vitamins,165.0,฿100–299,,False,False,,,Pathum Thani,Greater Bangkok
4754784481,Diip C.B.D Oil 300 mg น้ำมันซี.บี.ดี 300 มก. รส คาโมลมายด์ และ น้ำผึ้ง Chamomile & Honey Flavor (10 Sachets),"Stress, Sleep, and Anxiety",790.0,฿500–999,,False,False,,,Bangkok,Greater Bangkok
4754815676,นอนหลับสนิท หลับง่าย เพิ่มประสิทธิภาพในการนอน ด้วย แอลธีอะนีน 30แคปซูล บำรุงร่างกาย เพศ,Sexual Health Vitamins,620.0,฿500–999,81.0,False,True,4.0,50220.0,Samut Prakan,Greater Bangkok
4754861983,Malinest L-Gluta 1 ซอง 15 เม็ด malii คลอลาเจน มะลิเนส กลูต้าธรรมชาติ จากส้มสีเลือด ฟื้นฟู เซลล์ผิว ลด สิว ออร่า,Skin Nourishment,99.0,<฿100,,False,False,,,Chiang Mai,Other provinces
4754869321,**รับประกันแท้100%** DBMP (ดีบีเอ็มพี) อาหารเสริมโสมและถังเฉ้า ( กระปุกขาว บรรจุ 60 แคปซูล) ดับเบิ้ลแม็กซ์พลัส+,Men's Health,925.0,฿500–999,43.0,False,True,5.0,39775.0,Chiang Mai,Other provinces
4754930448,Malinest L-Gluta คลอลาเจน มะลิเนส malii สารสกัดนำเข้าถึง 13 ชนิด มะลิเนส ลด สิว ฝ้า กระ ผิว หน้าใส,Skin Nourishment,99.0,<฿100,,False,False,,,Chiang Mai,Other provinces
4755109922,BANNER แบนเนอร์ โกลด์พลัส 60 แคปซูล,Immunity,625.0,฿500–999,,False,False,,,Bangkok,Greater Bangkok
4755728177,(แท้/พร้อมส่ง) Lactofit Beauty Premium,Skin Nourishment,125.0,฿100–299,,False,False,,,Bangkok,Greater Bangkok
4755812924,Devil Dark  อาหารเสริมสำหรับผู้ชาย (วันละ 2 แคปซูล เช้า-ก่อนนอน),Sexual Health Vitamins,650.0,฿500–999,,False,False,1.0,,Chachoengsao,Other provinces
4755902846,ของแท้ คอลลาเจนเอศุภชัย Collagenเอศุภชัย A Secret A Collagen Multi Collagen คอลลาเจน ส่งตรงจากบริษัท (1 กล่อง 10 ซอง),Skin Nourishment,890.0,฿500–999,404.0,False,True,5.0,359560.0,Bangkok,Greater Bangkok
4755966109,Devil Dark อาหารเสริมสำหรับผู้ชาย(วันละ 2 แคปซูล เช้า-ก่อนนอน),Sexual Health Vitamins,1290.0,"฿1,000+",,False,False,,,Chachoengsao,Other provinces
4756510498,น้ำมันอโวคาโดสกัดเย็น Avocado Oil บริบูรณ์ฟาร์ม ขนาด 30 แคปซูล,Immunity,529.0,฿500–999,,False,False,,,Bangkok,Greater Bangkok
4756598409,"Deproud Carrot Collagen Plus ดีพราวด์ คอลลาเจน แครอท 50,000mg.",Skin Nourishment,78.0,<฿100,,False,False,,,Bangkok,Greater Bangkok
4756948101,[สินค้าพร้อมส่ง] Medileen Veronika Plus และ Bwell เซ็ต คู่หูฟื้นฟูผิว เมดิลีน เวโร และ บีเวล,Immunity,3700.0,"฿1,000+",6.0,False,True,,22200.0,Bangkok,Greater Bangkok
4757177571,สมุนไพรสูตรโบราณจินดามณี (ซองขาว),Herbs & Traditional Medicine,41.0,<฿100,404.0,False,True,14.0,16564.0,Loei,Other provinces
4757723423,เบรนเดอร่า-เอ็มเอฟ,Nutritional Foods & Drinks,765.0,฿500–999,5.0,False,True,,3825.0,Bangkok,Greater Bangkok
4757827747,Klean&Kare Normal Kare (Dumbbell) 1000Ml คลีนแอนแคร์ นอร์มอลแคร์ (ดัมเบล) 1000มล.,Immunity,55.0,<฿100,8.0,False,True,3.0,440.0,Chachoengsao,Other provinces
4757976711,Honey Q ของแท้100% อาหารเสริม ฮันนี่คิว Honey q slim ดูแลรูปร่าง,Weight Management Value Sets,390.0,฿300–499,,False,False,,,Nonthaburi,Greater Bangkok
4758114833,อาหารเสริม Nitric Oxide Booster พร้อม L-Citrulline และ Beta Alanine - 60 แคปซูล [ ของแท้!!! นำเข้าจากต่างประเทศ ] ( ระวังของปลอม!! ) ราคา ถูก / ส่ง,Pre-Workout,386.29,฿300–499,,False,False,,,Bangkok,Greater Bangkok
4758123530,L-Arginine Capsules - อาหารเสริมก่อนออกกำลังกาย Havasu Nutrition 120 Capsules [ ของแท้!!! สินค้านำเข้า ] ( ระวังของปลอม!! ) ราคา ถูก / ส่ง,Pre-Workout,376.91,฿300–499,,False,False,,,Bangkok,Greater Bangkok
4758127590,"การสนับสนุนการทดสอบสมุนไพร 13000 มก. 12 ใน 1 Horny Goat Weed, Zn วิตามิน D, โสม, Tribulus Terrestris, Ashwagandha, Tongkat Ali Energy Booster, การสนับสนุนหน่วยความจำ - 60 แคปซูล [ ของแท้!!! สินค้านำเข้า ] ( ระวังของปลอม!! ) ราคา ถูก / ส่ง",Pre-Workout,397.57,฿300–499,,False,False,,,Bangkok,Greater Bangkok
4758146516,อาหารเสริม Nitric Oxide Booster พร้อม L-Citrulline และ Beta Alanine - 60 แคปซูล [ ของแท้!!! สินค้านำเข้า ] ( ระวังของปลอม!! ) ราคา ถูก / ส่ง,Pre-Workout,428.33,฿300–499,,False,False,,,Bangkok,Greater Bangkok
4758232170,"การสนับสนุนการทดสอบสมุนไพร 13000 มก. 12 ใน 1 Horny Goat Weed, Zn วิตามิน D, โสม, Tribulus Terrestris, Ashwagandha, Tongkat Ali Energy Booster, การสนับสนุนหน่วยความจำ - 60 แคปซูล [ ของแท้!!! สินค้านำเข้า ] ( ระวังของปลอม!! ) ราคา ถูก / ส่ง",Pre-Workout,362.57,฿300–499,,False,False,,,Bangkok,Greater Bangkok
4758257155,อาหารเสริมไนตริกออกไซด์เพื่อความแข็งแรงเป็นพิเศษ L Arginine 1300mg - Malate citrulline - 60 แคปซูล,Pre-Workout,644.11,฿500–999,,False,False,,,Bangkok,Greater Bangkok
4758260116,L-Arginine Capsules - อาหารเสริมก่อนออกกำลังกาย Havasu Nutrition 120 Capsules,Pre-Workout,343.19,฿300–499,,False,False,,,Bangkok,Greater Bangkok
4758297127,"สุดยอดอาหารเสริม T-Booster Supreme, 11 สมุนไพรเข้มข้นเทียบเท่า 14,000mg ของผง, Tribulus Terrestris, โสมรากและอื่น ๆ - 60 แคปซูล - อุปทานเดือน 1 [ ของแท้!!! สินค้านำเข้า ] ( ระวังของปลอม!! ) ราคา ถูก / ส่ง",Pre-Workout,385.39,฿300–499,,False,False,,,Bangkok,Greater Bangkok
4758728976,สาหร่ายเกลียวทอง (Spirulina Tablet) ชนิดอัดเม็ด บรรจุ 120 เม็ด จากบุญสมฟาร์ม (Boonsomfarm),Immunity,390.0,฿300–499,,False,False,,,Ubon Ratchathani,Other provinces
4759039386,KATHY Collagen/Acerola Cherry แคทตี้อะเซโรล่าเชอรี่ ผิวใส ช่วยลดสิว,Acne Care,390.0,฿300–499,,False,False,,,Bangkok,Greater Bangkok
4759107032,อาหารเสริมกระชับจุดซ่อนเร้น ลดกลิ่น ลดตกขาว ผิวสวยสุขภาพดี,Sexual Health Vitamins,290.0,฿100–299,,False,False,2.0,,Phitsanulok,Other provinces
4759212059,ผ้าตัดผมเด็ก ผ้าคลุมตัดผม ครัวเรือน ผู้ใหญ่ ผ้ากันเปื้อน โกนผ้ากันเปื้อน เด็กทารก,Hair & Nail,30.0,<฿100,,False,False,,,Rayong,Other provinces
4759282705,[1แถม1] Royal Jelly Complex 40 Capsules *2 = 80เม็ด,Immunity,199.0,฿100–299,46.0,False,True,3.0,9154.0,Samut Prakan,Greater Bangkok
4759304998,[แพ็ค2กระปุก] VISTRA IMU-PRO C Acerola Cherry 2000 Plus-วิสทร้า ไอมู-โปร ซี อะเซโรลา เชอร์รี่ 2000 พลัส (30 เม็ด),Skin Nourishment,649.0,฿500–999,,False,False,0.0,,Samut Prakan,Greater Bangkok
4759324945,โดนัทท์ คอลลาเจนไดเปปไทด์ พลัส โพรไบโอติกส์ 120g. Donutt Collagen Dipeptide Probiotic,Bone & Joint Support,225.0,฿100–299,14.0,False,True,3.0,3150.0,Nonthaburi,Greater Bangkok
4759327545,(ส่งฟรี) ยูซีทู กิฟฟารีน ยูซี-ทู โกลด์ UC-II GIFFARINE คอลลาเจนไทป์ทู คลอลาเจนกระดูก (อันดีเนเจอร์ คอลลาเจน ไทพ์ทู) ผสม ไฮโดรไลซ์ คอลลาเจน,Bone & Joint Support,510.0,฿500–999,,False,False,,,Chanthaburi,Other provinces
4759334195,แคลเซียม กิฟฟารีน  600 มิลลิกรัม  Calcium GIFFARINE ทานได้ทุกวัย,Bone & Joint Support,315.0,฿300–499,,False,False,,,Chiang Rai,Other provinces
4759342879,(ส่งฟรี) แคลเซียม กิฟฟารีน น้ำมันปลา กิฟฟารีน กระดูก และข้อ น้ำมันตับปลา กิฟฟารีน calcium fish oil GIFFARINE,Bone & Joint Support,150.0,฿100–299,,False,False,1.0,,Chanthaburi,Other provinces
4759442348,(ส่งฟรี)แคลเซียม น้ำมันปลา กิฟฟารีน Giffarine Cal-D-Mag 400 mg / Fish Oil 500 mg,Bone & Joint Support,150.0,฿100–299,,False,False,2.0,,Chanthaburi,Other provinces
4759508054,(ส่งฟรี) แคลเซียม กิฟฟารีน CAL-D-MAG 400 mg GIFFARINE กระดูกแข็งแรง,Bone & Joint Support,186.0,฿100–299,,False,False,,,Chanthaburi,Other provinces
4759622999,"โดนัทท์ คอลลาเจนไดเปปไทด์ พลัส โพรไบโอติกส์ 120g. (มีคอลลาเจน 120,000mg/กระป๋อง) Donutt Collagen Dipeptide Probiotic",Bone & Joint Support,225.0,฿100–299,,False,False,,,Bangkok,Greater Bangkok
4759676333,อาหารเสริมผู้ชาย Kingdom คิงดอมพร้อมส่งของแท้ แข็ง แรง ทน ทาน สาวปลื้ม,Sexual Health Vitamins,179.0,฿100–299,,False,False,,,Nakhon Pathom,Greater Bangkok
4759818114,ยูมิโกะ คอลลาเจน ผัก-คอลลาเจน พลัส ลดปวด บำรุงกระดูกข้อ เข่า,Bone & Joint Support,590.0,฿500–999,,False,False,1.0,,Samut Prakan,Greater Bangkok
4759901038,AMINO MINUSอะมิโน ไมนัส รส กาแฟ COFFEE แบบกล่อง 1กล่อง=20ซอง,Immunity,870.0,฿500–999,15.0,False,True,4.0,13050.0,Bangkok,Greater Bangkok
4759906996,⚡️แพ็กเก็จใหม⚡️คอลลาเจน #ไซโกโนะ  Saikono collagen (1กล่องมี10ซอง) ของแท้,Acne Care,165.95,฿100–299,,False,False,,,Nakhon Si Thammarat,Other provinces
4760098609,L-Arginine Capsules - อาหารเสริมก่อนออกกำลังกาย Havasu Nutrition 120 Capsules [ สินค้านำเข้าต่างประเทศ ]   ( ระวังของปลอม ) ราคา ถูก /  ส่ง,Pre-Workout,362.94,฿300–499,,False,False,,,Bangkok,Greater Bangkok
4760139721,อาหารเสริม Nitric Oxide Booster พร้อม L-Citrulline และ Beta Alanine - 60 แคปซูล [ สินค้านำเข้าต่างประเทศ ]   ( ระวังของปลอม ) ราคา ถูก /  ส่ง,Pre-Workout,386.29,฿300–499,,False,False,,,Bangkok,Greater Bangkok
4760256047,"สุดยอดอาหารเสริม T-Booster Supreme, 11 สมุนไพรเข้มข้นเทียบเท่า 14,000mg ของผง, Tribulus Terrestris, โสมรากและอื่น ๆ - 60 แคปซูล - อุปทานเดือน 1 [ สินค้านำเข้าต่างประเทศ ]   ( ระวังของปลอม ) ราคา ถูก /  ส่ง",Pre-Workout,398.71,฿300–499,,False,False,,,Bangkok,Greater Bangkok
4760429526,COD🚗ส่งไว [3 ขวด] [เพิ่มความสูง] เม็ดแคลเซียมโปรไบโอติกนมอูฐเยอรมัน,Bone & Joint Support,88.0,<฿100,,False,False,,,Samut Prakan,Greater Bangkok
4760484081,Dr.Pong ProAC ACTRISAVE™ ดอกเตอร์พงศ์ โปรแอค,Acne Care,629.0,฿500–999,,False,False,,,Songkhla,Other provinces
4760646172,NARICHY FINN นาริชชี่ฟิน วิตามินรีแพร์น้องสาว ฟิตกระชับ ตกขาวหาย,Sexual Health Vitamins,149.0,฿100–299,,False,False,,,Nakhon Pathom,Greater Bangkok
4760652759,คอลลาเจนโคโม๊ะ Como collagen สูตรใหม่กลิ่นหอม,Beauty Supplements Value Sets,234.0,฿100–299,,False,False,1.0,,Samut Prakan,Greater Bangkok
4760653492,Como collagen คอลลาเจนโคโม๊ะ 1 กล่อง มี 10 ซอง 390.- จัดส่งฟรี‼️,Beauty Supplements Value Sets,315.0,฿300–499,,False,False,1.0,,Samut Prakan,Greater Bangkok
4760712694,Fitness Labs Nitric Oxide Boost with L Arginine and L Citrulline 120 Capsules,Pre-Workout,1719.0,"฿1,000+",,False,False,,,Pathum Thani,Greater Bangkok
4760798095,Spirulina Powder สาหร่ายสไปรูลิน่า ผงสาหร่ายสไปรูลิน่าออร์แกนิค อุดมด้วยโปรตีนและแร่ธาตุ อาหารเสริม บำรุงร่างกาย ขนาด 100 กรัม,Immunity,290.0,฿100–299,,False,False,,,Samut Prakan,Greater Bangkok
4760953639,Flexigen & เวียร์เฟล็ก Mega we care อาหารเสริมบำรุงกระดูกและข้อ,Bone & Joint Support,620.0,฿500–999,16.0,False,True,5.0,9920.0,Khon Kaen,Other provinces
4761092704,Vistra Gotu Kola Extract Plus Zinc วิสทรา โกตุ โคลา ซิงค์ ขนาด 30 แคปซูล,Acne Care,189.0,฿100–299,,False,False,1.0,,Bangkok,Greater Bangkok
4761209126,Vistra Gotu Kola Extract Plus Zinc วิสทรา ซิงค์,Acne Care,189.0,฿100–299,18.0,False,True,2.0,3402.0,Bangkok,Greater Bangkok
4761225299,Vista gotu kola extract plus zinc วิสทรา ซิงค์,Acne Care,189.0,฿100–299,,False,False,,,Bangkok,Greater Bangkok
4761256751,มาลิเนสท์ แอลกลูต้า Malinest L-Gluta มี 15 เม็ด,Skin Nourishment,69.0,<฿100,,False,False,,,Bangkok,Greater Bangkok
4761302310,สมุนไพรพื้นบ้านจินดามณี (ซองสีเหลือง),Herbs & Traditional Medicine,43.0,<฿100,344.0,False,True,11.0,14792.0,Loei,Other provinces
4761347112,(1แถม1) กลูต้ามีโซ MEESO GLUTA,Skin Nourishment,200.0,฿100–299,,False,False,,,Bangkok,Greater Bangkok
4761395050,Mama Beauty Tokyo Whitening Capsules  วิตามิน C อาหารเสริมรกแกะ คอลลาเจนผิวขาวx2 วตามินผิวขาว อาหารเสริมบำรุงผิว,Skin Nourishment,387.03,฿300–499,252.0,False,True,16.0,97531.56,Chachoengsao,Other provinces
4761781953,"กระชายดำ แมกซ์ พลัส+ อาหารเสริมสำหรับผู้ชาย สารสกัดกระชายดำ ของแท้ ,โสม, ซิงก์. ไลโคปีน วิตามินบี12 กิฟฟารีน",Sexual Health Vitamins,430.0,฿300–499,,False,False,,,Bangkok,Greater Bangkok
4761890402,Ratcha Vitamin C 200% รัชชา วิตามินซี [14 ซอง] วิตามิน ซี ชงดื่ม รสผลไม้รวม,Immunity,169.0,฿100–299,6.0,False,True,3.0,1014.0,Pathum Thani,Greater Bangkok
4762085815,DEMOSANA เม็ดฟู่บำรุงร่างกาย จากเยอรมัน 1 หลอด บรรจุ 20 เม็ด,Multivitamins,119.0,฿100–299,,False,False,,,Bangkok,Greater Bangkok
4762130550,Ratcha VITC Vitamin C 200% Pure Power Shot รัชชา วิตามินซี เพียว ช็อต [14 ซอง],Immunity,167.0,฿100–299,,False,False,1.0,,Pathum Thani,Greater Bangkok
4762326599,อาหารเสริมเพื่อผิวขาว สารสกัดจากเมล็ดองุ่น วิตามินซี วิตามินอี จุดดำสิว จุดแดงสิว กรตุ้นกลูต้า คอลลาเจน Grape Seed,Acne Care,580.0,฿500–999,,False,False,,,Samut Prakan,Greater Bangkok
4762459206,Malinest L-Gluta มาลิเนส คอลลาเจน แอลกลูต้า 1 ซอง 15 เม็ด,Acne Care,99.0,<฿100,,False,False,,,Bangkok,Greater Bangkok
4762811234,ล้มเบาหวาน มะระสกัดเย็น ไร่ไทย,Herbs & Traditional Medicine,147.0,฿100–299,108.0,False,True,21.0,15876.0,Samut Prakan,Greater Bangkok
4762886463,NiteSential Sleep support วิตามินช่วยให้นอนหลับ 30แคปซูล สำหรับผู้ที่นอนไม่หลับ หลับยาก มีปัญหาการนอน,"Stress, Sleep, and Anxiety",295.0,฿100–299,,False,False,1.0,,Phitsanulok,Other provinces
4762897739,MOLECULOGY  ผลิตภัณฑ์เสริมอาหาร กลาสซี่ เอ็กซ์ 500 60 เม็ด/กระปุก GlassyX,Beauty Supplements Value Sets,990.0,฿500–999,9.0,False,True,2.0,8910.0,Pathum Thani,Greater Bangkok
4762942843,Beta X เบต้าเอ็กซ์ บำรุงปอด ของแท้จากบริษัท ส่งฟรีทั่วไทย พร้อมส่ง 1 กล่อง สารสกัด กระชาย ขิง หม่อน เบต้า-กลูแคน แคโรทีน สังกะสี,Immunity,490.0,฿300–499,10.0,False,True,1.0,4900.0,Pathum Thani,Greater Bangkok
4763043381,สุดคุ้ม ซื้อ 1 แถม 1  กลูต้าเม็ดดำเกาหลี กลูต้าชะลอวัยBLACK MAGIC  JIMMMYYOUNG,Beauty Supplements Value Sets,390.0,฿300–499,,False,False,2.0,,Chiang Mai,Other provinces
4763300553,อากาเนะ ไลโค บริ้ง Akane Lyco Brink เสกผิวใส ลดสิว ผิวขาวภายใน 7 วัน,Acne Care,360.0,฿300–499,,False,False,,,Bangkok,Greater Bangkok
4763380210,Malinest L-Gluta คอลลาเจนมะลิเนส มาลิเนส กลูต้า ( 1 อง 15 แคปซูล ),Skin Nourishment,75.0,<฿100,24.0,False,True,2.0,1800.0,Bangkok,Greater Bangkok
4763397420,บีเฟอร์ วิตามินรวม,Multivitamins,89.0,<฿100,,False,False,,,Nong Khai,Other provinces
4763451013,MATELL Plant-Based Protein Isolate แพลนต์เบสด์ ไอโซเลท โปรตีนพืช 7 ชนิด Non Whey เวย์ ลดน้ำหนัก เพิ่มกล้ามเนื้อ 908g,Mass Gainer,589.0,฿500–999,,False,False,,,Bangkok,Greater Bangkok
4763496064,Himalaya Speman วิตามินบำรุง,Multivitamins,75.0,<฿100,135.0,False,True,1.0,10125.0,Bangkok,Greater Bangkok
4763618640,A Collagen คอลลลาเจน เอ ซีเคร็ต เอศุภชัย A Secret Multi Collagen plus Vitamin เพิ่มเทโลเมียร์ ริ้วรอย ผิวใส มีออร่า,Beauty Supplements Value Sets,890.0,฿500–999,,False,False,3.0,,Pathum Thani,Greater Bangkok
4763766670,พลูคาวสกัด ภูมิคุ้มกัน ร่างกายสมดุล ส่งฟรี พร้อมส่ง สมุนไพรพลูคาว รณกฤต พลูคาวแคปซูล อาหารเสริมสมุนไพร สะเก็ดเงิน กลากเกลื้อน เชื้อรา,Immunity,290.0,฿100–299,,False,False,0.0,,Nonthaburi,Greater Bangkok
4763814684,￼✅พร้อมส่ง ถูกที่สุด ของแท้ เม็ดฟู่วิตามินซีเกาหลี Everteen EverVITA วิตามินซี เม็ดฟู่วิตามินซี รสเลม่อน รสส้ม,Multivitamins,95.0,<฿100,6.0,False,True,2.0,570.0,Bangkok,Greater Bangkok
4764180534,แท้ ยูมิโกะ คอลลาเจนพลัส คอลลาเจนผัก คอลลาเจนกระดูก แคลเซียมบำรุงกระดูก ข้อเข่า ผิว ระบบขับถ่าย ปริมาณ 200 กรัม,Beauty Supplements Value Sets,590.0,฿500–999,,False,False,,,Nonthaburi,Greater Bangkok
4764271168,✅ ร้านน้ำมลมินิของเเท้% ✅ ส่งฟรี อาโมนิแม็กไนท์ 4กระปุก ✅ ร้านดังในTikTok ✅ มีบัตรตัวเเทน ผลิตภัณฑ์ Shining ✅ อาโมนิ,"Stress, Sleep, and Anxiety",999.0,฿500–999,,False,False,,,Nonthaburi,Greater Bangkok
4764294113,✅ ร้านน้ำมลมินิของเเท้% ✅ ส่งฟรี อาโมนิแม็กไนท์ 3กระปุก ✅ ร้านดังในTikTok ✅ มีบัตรตัวเเทน ผลิตภัณฑ์ Shining ✅ อาโมนิ,"Stress, Sleep, and Anxiety",790.0,฿500–999,,False,False,,,Nonthaburi,Greater Bangkok
4764319334,✅ ร้านน้ำมลมินิของเเท้% ✅ ส่งฟรี อาโมนิแม็กไนท์ 2กระปุก ✅ ร้านดังในTikTok ✅ มีบัตรตัวเเทน ผลิตภัณฑ์ Shining ✅ อาโมนิทุกสี,"Stress, Sleep, and Anxiety",550.0,฿500–999,5.0,False,True,2.0,2750.0,Nonthaburi,Greater Bangkok
4764331320,อาหารเสริมสำหรับผู้ชาย ส่งด่วน ของเเท้ 100% บำรุงสุขภาพ,Sexual Health Vitamins,329.0,฿300–499,,False,False,,,Bangkok,Greater Bangkok
4764334599,"21st Century, Selenium, 200 mcg, 60 Capsules (no.148)",Immunity,179.0,฿100–299,,False,False,,,Nonthaburi,Greater Bangkok
4764466927,อมีลีนคอลลาเจน ไตรเปปไทด์ Amelene Collagen Tri-peptides ผลิตจากปลาแซลมอนจากญี่ปุ่น สูตรเข้มข้น 1 กล่อง 10 ซอง,Skin Nourishment,134.0,฿100–299,,False,False,,,Pathum Thani,Greater Bangkok
4764524973,"Deal Supplement - Vitamin D3 K2 Softgel, 180 Counts, 2-1 Complex, Vitamin D3 5000 IU & Vitamin K2 MK7",Bone & Joint Support,1250.0,"฿1,000+",38.0,False,True,4.0,47500.0,Bangkok,Greater Bangkok
4764642222,ซื้อ 1 แถม 1 (Yong-Von) วิตตามินซอฟเจลเกาหลี ยองวอน สูตรเข้มข้น 2 เท่า ((แพคคู่ 2 กระปุก ปริมาณรวม 60 ซอฟเจล)),Skin Nourishment,290.0,฿100–299,,False,False,,,Samut Prakan,Greater Bangkok
4764774442,เรสเวอราทรอล Toniiq - Ultra High Purity Resveratrol 60 Capsules เรสเวอราทรอล ต้านอนุมูลอิสระ,Skin Nourishment,1190.0,"฿1,000+",,False,False,,,Bangkok,Greater Bangkok
4765075794,เวย์โปรตีนจากพืช 2ถุง (รสโกโก้1ถุง และรสกาแฟ1ถุง) Soy Protein โปรตีนจากถั่วเหลือง Plant Protein  ลดไขมัน เพิ่มกล้ามเนื้อ,Mass Gainer,2550.0,"฿1,000+",,False,False,,,Bangkok,Greater Bangkok
4765101171,MATELL Mass Whey Protein Gainer 2 lb แมส เวย์ โปรตีน  2 ปอนด์ หรือ 908กรัม (Non Soyซอย) เพิ่มน้ำหนัก + เพิ่มกล้ามเนื้อ,Mass Gainer,449.0,฿300–499,,False,False,,,Roi Et,Other provinces
4765201731,Bomi instant Di Collagen plus (8x3g) พรีเมี่ยมคอลลาเจนพร้อมทาน กรอกปาก ทานง่าย ไม่ต้องชง,Beauty Supplements Value Sets,169.0,฿100–299,,False,False,,,Bangkok,Greater Bangkok
4765209078,"21st Century, Calcium Magnesium Zinc + Vitamin D3, 90 tablets (No.8)",Immunity,172.0,฿100–299,19.0,False,True,1.0,3268.0,Nonthaburi,Greater Bangkok
4765365792,คอลลาเจนพิงค์ มาเจนต้า Korich 💗 เคโอริช 💗,Beauty Supplements Value Sets,149.0,฿100–299,,False,False,,,Roi Et,Other provinces
4765443299,THP Zinccap ซิงค์แคป ชนิดแคปซูลนิ่ม ลดการเกิดสิว บำรุงผม เล็บ ความมันบนใบหน้าน้อยลง ขนาด 30 แคปซูล,Acne Care,179.0,฿100–299,,False,False,1.0,,Bangkok,Greater Bangkok
4765489980,LE Ubiquinol CoQ10 บำรุงภายใน ของแท้,Multivitamins,890.0,฿500–999,,False,False,,,Bangkok,Greater Bangkok
4765615332,GlucernaSR กลูเซอนา เอสอาร์วานิลลา  850 กรัมสำหรับผู้ป่วยเบาหวาน,Immunity,1000.0,"฿1,000+",,False,False,1.0,,Samut Prakan,Greater Bangkok
4765755459,Yuhan Vitamin C&D วิตามินซียูฮันเกาหลี เกาหลีแท้ วิตามินซี วิตามินดี Vitamin C 500mg + Vitamin D 500iu,Multivitamins,250.0,฿100–299,,False,False,1.0,,Bangkok,Greater Bangkok
4765797125,อากาเนะ ไลโค บริ้ง ผลิตภัณฑ์เสริมอาหาร AKANE Lyco Brink,Beauty Supplements Value Sets,375.0,฿300–499,,False,False,,,Bangkok,Greater Bangkok
4765882465,📌 ของแท้ 📌 U-Profex + Uni oil ยูโปรเฟ็ก ยูนิออย ( 1 เดือน ) ชุดฟื้นฟูหมอนรอง กระดูกทับเส้นประสาท ข้อเข่าเสื่อม,Bone & Joint Support,2439.0,"฿1,000+",15.0,False,True,5.0,36585.0,Bangkok,Greater Bangkok
4765941151,📌 ของแท้ 📌 U-Profex + Uni oil ยูโปรเฟ็ก ยูนิออย ชุดฟื้นฟู หมอนรองกระดูกทับเส้นประสาท ข้อเข่าเสื่อม,Bone & Joint Support,2439.0,"฿1,000+",16.0,False,True,1.0,39024.0,Bangkok,Greater Bangkok
4765942001,2 กระปุกถูกกว่า งาดำสะกัดเย็น (ไร่ไทย),Bone & Joint Support,292.0,฿100–299,,False,False,2.0,,Samut Prakan,Greater Bangkok
4765954305,Aiyara Aimmura ไอยรา เอมมูร่า 1 กล่อง สารสกัดงาดําและธัญพืช ( 60 แคปซูล x 1 กล่อง),Immunity,1129.0,"฿1,000+",16.0,False,True,,18064.0,Bangkok,Greater Bangkok
4766346407,Timeless Gluta Collagen,Beauty Supplements Value Sets,1890.0,"฿1,000+",,False,False,,,Udon Thani,Other provinces
4766390871,ORIHIRO Glucosamine 1500mg 900เม็ด,Bone & Joint Support,1089.0,"฿1,000+",,False,False,,,Chonburi,Other provinces
4766482528,Mass Whey Protein Gainer เวย์โปรตีน Mass Gainer 2lbs.เพิ่มน้ำหนัก เวย์ โปรตีน ไม่มีถั่วเหลือง Non Soy สำหรับผู้ที่อยากเพิ่มน้ำหนักและเพิ่มกล้ามเนื้อ,Mass Gainer,590.0,฿500–999,,False,False,,,Bangkok,Greater Bangkok
4766493549,Malinest L-Gluta มาลิเนส แอลกลูต้า (1ซอง บรรจุ 15 แคปซูล),Skin Nourishment,63.0,<฿100,101.0,False,True,17.0,6363.0,Bangkok,Greater Bangkok
4766742595,คอลลาเจนทับทิม 1 ห่อ มี 20 ซอง,Beauty Supplements Value Sets,189.0,฿100–299,,False,False,,,Phatthalung,Other provinces
4767030254,Korea Eundan Vitamin  C and Collagen 1100mg. อึนดันวิตามินซีผสมคลอลลาเจน วิตามินเกาหลี,Skin Nourishment,169.0,฿100–299,9.0,False,True,3.0,1521.0,Bangkok,Greater Bangkok
4767151525,ดับเบิ้ลแม็กพรีเมี่ยม อาหารเสริมท่านชาย 1 กระปุก x 60 แคปซูล,Sexual Health Vitamins,849.0,฿500–999,,False,False,,,Bangkok,Greater Bangkok
4767215390,Eundan Vitamin C Jelly อึนดัน วิตามินซี เจลลี่ [30 กรัม] [1 ซอง] เยลลี่รสส้ม วิตามินซีอึนดัน เจลลี่วิตามินซี,Multivitamins,49.0,<฿100,24.0,False,True,21.0,1176.0,Nonthaburi,Greater Bangkok
4767261395,( นาริโกะ 3+3 )&gt;&gt;&gt; NARIKO COLLAGEN Tripeptide + vitamin C  นาริโกะ คอลลาเจน ผสม วิตามินซี นาริโก๊ะคอลลาเจน คอลลาเจนแอนสิเรียม,Bone & Joint Support,999.0,฿500–999,,False,False,,,Nonthaburi,Greater Bangkok
4767321397,( นิภา 2 ) 1 แถม 1 นิภาคอลลาเจนรังนก วิตามินบำรุงผิว สลาย ฝ้า กระ บำรุงร่างกาย นวัตกรรม telosirt ผงรังนกผสมคอลลาเจนและวิตามินอีกหลากหลายชนิด,Bone & Joint Support,499.0,฿300–499,,False,False,,,Nonthaburi,Greater Bangkok
4767333830,Malinest L-Gluta Collagen And Birdnest มาลิเนส แอลกลูต้า คอลลาเจน รังนก [15 เม็ด] [1 ซอง] มาลิเนสกลูต้า ผิวกระจ่างใส ลดริ้วรอย คอลลาเจนรังนก Collagen Malinest,Skin Nourishment,75.0,<฿100,18.0,False,True,2.0,1350.0,Nonthaburi,Greater Bangkok
4767357600,‼️8 แถม 4‼️เพียง 5190 ส่งฟรีมีเก็บเงินปลายทาง คอลลาเจนพี่เอ A SECRET COLLAGEN MULTI PLUS VITAMIN ของแท้ 100%,Beauty Supplements Value Sets,5096.0,"฿1,000+",,False,False,,,Bangkok,Greater Bangkok
4767377276,!! ซื้อ 2 แถม 1 !! Auswelllife AWL Calcium Plus D3 แคลเซียมเพิ่มความสูง แคลเซียมสำหรับเด็ก ดูดซึมง่าย บำรุงกระดูกและฟัน,Bone & Joint Support,390.0,฿300–499,,False,False,3.0,,Bangkok,Greater Bangkok
4767490224,( นิภา 5 ) 2 แถม 3 นิภาคอลลาเจนรังนก วิตามินบำรุงผิว สลาย ฝ้า กระ บำรุงร่างกาย นวัตกรรม telosirt ผงรังนกผสมคอลลาเจนและวิตามินอีกหลากหลายชนิด,Bone & Joint Support,1000.0,"฿1,000+",11.0,False,True,4.0,11000.0,Nonthaburi,Greater Bangkok
4767492819,✅ ร้านน้ำมลมินิของเเท้% ✅ ส่งฟรี อาโมนิแม็กไนท์ 1กระปุก ✅ ร้านดังในTikTok ✅ มีบัตรตัวเเทน ผลิตภัณฑ์ Shining ✅ อาโมนิแม็กไนท์,"Stress, Sleep, and Anxiety",290.0,฿100–299,,False,False,,,Nonthaburi,Greater Bangkok
4767562720,✅ ร้านน้ำมลมินิของเเท้💯%  วิตามิน ซิงค์1กระปุก  ร้านดังในTikTok ✅ มีบัตรตัวเเทน ผลิตภัณฑ์ Shining ✅ อาโมนิซิงค์,Acne Care,290.0,฿100–299,,False,False,,,Nonthaburi,Greater Bangkok
4767598665,( นิภา 11 ) 4 แถม 7 นิภาคอลลาเจนรังนก วิตามินบำรุงผิว สลาย ฝ้า กระ บำรุงร่างกาย นวัตกรรม telosirt ผงรังนกผสมคอลลาเจนและวิตามินอีกหลากหลายชนิด,Multivitamins,1950.0,"฿1,000+",,False,False,,,Nonthaburi,Greater Bangkok
4767635526,อากาเนะ ไลโค บริ้ง ผลิตภัณฑ์เสริมอาหาร AKANE Lyco Brink (1ห่อมี30ซอง),Beauty Supplements Value Sets,140.0,฿100–299,,False,False,,,Bangkok,Greater Bangkok
4767655144,[ปิดชื่อสินค้าหน้ากล่อง]⛺️Kingdom คิงดอมตัวดัง อาหารเสริมสำหรับท่านชาย เสริมสมรรถภาพทางเพศ เยทน เยนาน เพิ่มรอบไว✨,Sexual Health Vitamins,179.0,฿100–299,,False,False,,,Nonthaburi,Greater Bangkok
4767700139,‼️2 แถม 1‼️เพียง 1490 ส่งฟรีมีเก็บเงินปลายทาง คอลลาเจนพี่เอ A SECRET COLLAGEN MULTI PLUS VITAMIN ของแท้ 100%,Beauty Supplements Value Sets,1463.0,"฿1,000+",,False,False,1.0,,Bangkok,Greater Bangkok
4768028372,PAN PLUS,Acne Care,290.0,฿100–299,,False,False,,,Roi Et,Other provinces
4768055794,Boom Gluta Shots ***Exp.15/02/2024,Beauty Supplements Value Sets,199.0,฿100–299,,False,False,1.0,,Chanthaburi,Other provinces
4768110860,SharisRelax (ชาริชรีแลกซ์) 1 ซองซิป (10 แคปซูล),"Stress, Sleep, and Anxiety",450.0,฿300–499,,False,False,,,Bangkok,Greater Bangkok
4768155092,X6 Plus Hard Iron อาหารเสริมสำหรับท่านชาย ช่วยอึด ช่วยทน บำรุงสุขภาพผู้ชาย (1กล่องมี6แคปซูล),Sexual Health Vitamins,139.0,฿100–299,,False,False,,,Bangkok,Greater Bangkok
4768191348,SharisRelax (ชาริชรีแลกซ์) 1 กระปุก (30 แคปซูล),"Stress, Sleep, and Anxiety",1185.0,"฿1,000+",,False,False,,,Bangkok,Greater Bangkok
4768231186,SharisRelax (ชาริชรีแลกซ์) 3 ซองซิป (ชุดทาน 1 เดือน),"Stress, Sleep, and Anxiety",1185.0,"฿1,000+",,False,False,1.0,,Bangkok,Greater Bangkok
4768251330,📌 ของแท้ 📌 โทเมซิ่ง พลัส 2 ( 4 กล่อง ) มีส่วนช่วยลดอาการต่อมลูกหมากโต สารสกัดจากมะเขือเทศ ของแท้พร้อมส่งทันที,Men's Health,3450.0,"฿1,000+",,False,False,,,Bangkok,Greater Bangkok
4768257052,คลอลาเจน ช่วยต้านความแก่ เร่งเปล่ง ความใสของผิว,Beauty Supplements Value Sets,736.5,฿500–999,,False,False,,,Nonthaburi,Greater Bangkok
4768375905,อาหารเสริมสำหรับผู้ชาย( Devil Drak )บรรจุ30แคปซูล ทานวันละ2แคปซูล เช้า-ก่อนนอน,Sexual Health Vitamins,650.0,฿500–999,,False,False,1.0,,Chachoengsao,Other provinces
4768549117,(ของแท้ถูกที่สุด) หมดอายุ 14/12/2024 Ensure เอนชัวร์ วานิลลา ถุงเติม 400 กรัม 1 ถุง,Immunity,370.0,฿300–499,7.0,False,True,2.0,2590.0,Songkhla,Other provinces
4768604588,(ของแท้ถูกที่สุด) หมดอายุ 14/12/2024 Ensure เอนชัวร์ วานิลลา แบบถุงเติม 2.4 Kg (400 กรัม × 6),Immunity,2220.0,"฿1,000+",,False,False,,,Songkhla,Other provinces
4768806161,(ของแท้ถูกที่สุด) หมดอายุ 14/12/2024 Ensure เอนชัวร์ วานิลลา แบบถุงเติม ขนาด 1200 กรัม (ถุงละ 400 กรัม จำนวน 3 ถุง),Immunity,1099.0,"฿1,000+",22.0,False,True,9.0,24178.0,Songkhla,Other provinces
4768873461,[2 กระปุก] Vistra Bio Calcium L-Threonate Plus วิสทร้า ไบโอ แคลเซียม แอล ทรีโอเนต พลัส [30 แคปซูล],Bone & Joint Support,760.0,฿500–999,,False,False,1.0,,Pathum Thani,Greater Bangkok
4768973457,"Mason Natural, Vitamin K2 Plus Vitamin D3, 100 Tablets",Bone & Joint Support,449.0,฿300–499,,False,False,,,Nonthaburi,Greater Bangkok
4769139179,มะเขือเทศ คอลลาเจน โทเมทอล Tomatal น้ำชงมะเขือเทศ3สี ผงชงขาว 🍅,Skin Nourishment,85.0,<฿100,82.0,False,True,4.0,6970.0,Ubon Ratchathani,Other provinces
4769148617,Eggshell X Collagen Dipeptide (เอ็กเชลล์-เอ็กซ์-คอลลาเจน-ไดเปปไทด์) 10 ซอง/กล่อง,Bone & Joint Support,490.0,฿300–499,,False,False,,,Nonthaburi,Greater Bangkok
4769150978,Vistra Bon Activ Bio Calcium วิสทร้า ไบโอ แคลเซียม [30 แคปซูล],Bone & Joint Support,384.0,฿300–499,,False,False,,,Pathum Thani,Greater Bangkok
4769207271,M1 เอ็มวัน 1 กล่อง มี 6 ซอง จัดส่งฟรี สมุนไพรสกัดสำหรับท่านชาย,Men's Health,510.0,฿500–999,,False,False,,,Bangkok,Greater Bangkok
4769212119,Mavin มาวิน 1 กล่องมี 6 ซอง สำหรับเพิ่มสมรรถนะของท่านช่าย จัดส่งฟรี มีเก็บเงินปลายทาง,Men's Health,510.0,฿500–999,,False,False,1.0,,Bangkok,Greater Bangkok
4769460890,เซทB1 ดูแลสุขภาพสมดุลภายในภายนอก สบู่ธาร1/ณารเม็ด2/ร่างกาย2/สมอง2,Immunity,3240.0,"฿1,000+",,False,False,1.0,,Bangkok,Greater Bangkok
4769638680,Akane Lyco Brink อากาเนะ ไลโคบริ้ง มะเขือเทศขงดื่ม ผิวขาวกระจ่างใส ลดสิวรอยสิว ผงมะเขือเทศรสสตอเบอรี่,Skin Nourishment,349.0,฿300–499,10.0,False,True,3.0,3490.0,Bangkok,Greater Bangkok
4769667994,[ซื้อ 2 แถม 1] Dii Acne Solution สูตรดูแลปัญหาสิวรุนแรง (30 แคปซูล),Acne Care,2580.0,"฿1,000+",,False,False,,,Samut Prakan,Greater Bangkok
4769740491,Gluta&Collagen โบอา กลูต้า+คอลลาเจน 3 ชนิดจากญี่ปุ่น กลิ่นสับปะรด อร่อย ทานง่าย,Skin Nourishment,149.0,฿100–299,,False,False,,,Bangkok,Greater Bangkok
4769745080,CA-R-BON คา-อา-บอน 1 กล่อง 10 แผง,Immunity,215.0,฿100–299,,False,False,1.0,,Chiang Mai,Other provinces
4769792048,"Amino VITAL Amino Acid 2,500 mg Gel Shot Energy gel เจลพลังงานพร้อมทาน 45 กรัม สูตรญี่ปุ่น (Z14)",Multivitamins,110.0,฿100–299,,False,False,,,Bangkok,Greater Bangkok
4770014483,Devil Drak อาหารเสริมสำหรับผู้ชาย 30แคปซูล/กระปุก,Sexual Health Vitamins,1290.0,"฿1,000+",,False,False,1.0,,Chachoengsao,Other provinces
4770046291,นิวทริไลท์ ไบโอ ซี พลัส สูตรออลเดย์ 60/120 เม็ด Nutrilite Bio C Plus All Day Formula 60/120 Tablets,Immunity,543.0,฿500–999,,False,False,,,Songkhla,Other provinces
4770047995,1แถม1🚫 KINGDOM คิงดอม  อาหารเสริมผู้ชาย บำรุงร่างกาย 🍌 • เพิ่มขนาด เพิ่มน้ำ เพิ่มรอบ • อึด ถึก ทน อยู่นาน • อัพไซส์ เร่งโต,Men's Health,350.0,฿300–499,8.0,False,True,2.0,2800.0,Sakon Nakhon,Other provinces
4770097598,แคลเซียม กิฟฟารีน ขนาด 400 และ 600 มิลลิกรัม calcium Giffarine,Bone & Joint Support,186.0,฿100–299,,False,False,,,Bangkok,Greater Bangkok
4770113552,ไลโคปีน กิฟฟารีน LYCOPENE GIFFARINE | สารสกัดจากมะเขือเทศ บำรุงผิวพรรณ ป้องกันแสงแดด,Beauty Supplements Value Sets,384.0,฿300–499,,False,False,1.0,,Bangkok,Greater Bangkok
4770125399,ไบโอ แฟลกซ์ กิฟฟารีน สารสกัดเมล็ดเมล็ด Bio Flax Giffarine,Pregnancy Care,390.0,฿300–499,,False,False,,,Bangkok,Greater Bangkok
4770141595,Pharma Nord Bio Zinc 15 mg 90 tablets  ฟาร์มา นอร์ด ไบโอ ซิงค์ บำรุงผิว ผม เล็บ ขนาด 90 เม็ด  สินค้าใหม่ ส่งด่วน รับประกัน ของแท้,Acne Care,329.0,฿300–499,,False,False,,,Bangkok,Greater Bangkok
4770162846,น้ำมันปลา ชุดอาหารเสริม  แคลเซียม น้ำมันตับปลา Fish oil & Calcium,Well Being Gifts & Value Sets,144.0,฿100–299,,False,False,,,Bangkok,Greater Bangkok
4770171653,เลซิติน  Lecithin ผสมแคโรทีนอยด์ และวิตามินอี Lecithin,Well Being Gifts & Value Sets,158.4,฿100–299,30.0,False,True,7.0,4752.0,Bangkok,Greater Bangkok
4770227255,โฟลิคโฟลิก โฟลิก โฟลิค เสริมธาตุเหล็ก NUTRI FOLIC,Well Being Gifts & Value Sets,132.0,฿100–299,45.0,False,True,9.0,5940.0,Bangkok,Greater Bangkok
4770242723,Malinest L-Gluta กลูต้าแม่น้ำหนึ่ง [15 เม็ด],Skin Nourishment,75.0,<฿100,,False,False,1.0,,Bangkok,Greater Bangkok
4770245411,โคลีนบี  วิตามินบีรวม วิตามินบี  Choline - B GIFFARINE สมอง ความจำ ปลายประสาท,Well Being Gifts & Value Sets,201.6,฿100–299,12.0,False,True,4.0,2419.2,Bangkok,Greater Bangkok
4770265085,กระชายดำ กระชายดำ กระชาย  กระชายดำ แมกซ์ พลัส+ Krachai Dum Maxx Plus+,Well Being Gifts & Value Sets,316.0,฿300–499,52.0,False,True,12.0,16432.0,Bangkok,Greater Bangkok
4770283073,คลอโรฟิลล์ คลอโรฟิล คลอโรฟีน คลอโรฟิว CHLOROPHYLL,Well Being Gifts & Value Sets,345.6,฿300–499,59.0,False,True,20.0,20390.4,Bangkok,Greater Bangkok
4770284289,Pharma Nord Bio-C Vitamin  สินค้าใหม่ ส่งด่วน รับประกัน ของแท้,Multivitamins,349.0,฿300–499,5.0,False,True,,1745.0,Bangkok,Greater Bangkok
4770297094,กวาวเครือขาว กวาวเครือ ขนาดบรรจุ 20 แคปซูล,Well Being Gifts & Value Sets,105.0,฿100–299,14.0,False,True,1.0,1470.0,Bangkok,Greater Bangkok
4770300754,3 กล่อง  (ส่งฟรี) Start-x  อาหารเสริมผู้ชายพรีเมี่ยม  อึด ทน มี อย. รับประกันของแท้ 100%,Men's Health,1200.0,"฿1,000+",,False,False,,,Samut Sakhon,Greater Bangkok
4770331505,2 กล่อง (ส่งฟรี) Start-x  อาหารเสริมผู้ชายพรีเมี่ยม  อึด ทน มี อย. รับประกันของแท้ 100%,Men's Health,850.0,฿500–999,,False,False,,,Samut Sakhon,Greater Bangkok
4770356239,1 กล่อง 6 แคปซูล (ส่งฟรี) Start-x  อาหารเสริมผู้ชายพรีเมี่ยม  อึด ทน มี อย. รับประกันของแท้ 100%,Men's Health,500.0,฿500–999,,False,False,1.0,,Samut Sakhon,Greater Bangkok
4770384243,(ส่งฟรี) ดิ-ออฟฟิต Di-Office 1กล่อง ลดความเมื่อยล้า,"Stress, Sleep, and Anxiety",1765.0,"฿1,000+",,False,False,,,Bangkok,Greater Bangkok
4770508648,แคลเซียม  แคนเซียม  ( 600 มิลลิกรัม ) Calcium,Bone & Joint Support,309.0,฿300–499,,False,False,,,Bangkok,Greater Bangkok
4770547389,วีแกน มัลติ แพลนท์ โปรตีน   โปรตีน มนถั่วเหลือง ถั่วเหลือง โปรตีนสกัดจากถั่วเหลือง และโปรตีนสกัดจากถั่วลันเตาสีทอง,Well Being Gifts & Value Sets,252.0,฿100–299,14.0,False,True,2.0,3528.0,Bangkok,Greater Bangkok
4770548450,กวาวเครือแดง กวาวเครือแดงอัดเม็ด กวาวเครือแดงแคปซูล,Well Being Gifts & Value Sets,220.0,฿100–299,13.0,False,True,3.0,2860.0,Bangkok,Greater Bangkok
4770590603,งาดำสกัด งาดำ งาดำแคปซูล   เซซามิน SESAMI-S   | สารสกัดงาดำ เซซามิ เซซามิน,Well Being Gifts & Value Sets,518.4,฿500–999,17.0,False,True,1.0,8812.8,Bangkok,Greater Bangkok
4770666393,Pharma Nord Bio-Pycnogenol 90 เม็ด สารสกัดจากเปลือกสน ดูแลผิว  กระ  ฝ้า  สินค้าใหม่ ส่งด่วน รับประกัน ของแท้,Beauty Supplements Value Sets,2219.0,"฿1,000+",,False,False,,,Bangkok,Greater Bangkok
4770715213,มะรุม มะรุมผสมวิตตามินซี   มะรุมสกัด มะรุมแคปซูล มะรุมซรชี  Marum-C,Well Being Gifts & Value Sets,206.0,฿100–299,,False,False,,,Bangkok,Greater Bangkok
4770721152,เถาวัลย์เปรียงแคปซูล เถาวัลย์เปรียง  เถาวัลย์เปรียงสกัด  เถาวัลเปรียง,Well Being Gifts & Value Sets,235.0,฿100–299,,False,False,2.0,,Bangkok,Greater Bangkok
4770723120,อาร์กเอนออร์น  อาหารเสริมสำหรับผู้ชาย  ARG-N-ORN E อาหารเสริมผู้ชาย,Men's Health,435.0,฿300–499,14.0,False,True,3.0,6090.0,Bangkok,Greater Bangkok
4770732029,น้ำมันปลา  Fish Oil  ( 4 ขนาด ) น้ำมันตับปลา,Well Being Gifts & Value Sets,144.0,฿100–299,,False,False,1.0,,Bangkok,Greater Bangkok
4770965854,ใหม่ well u RID-ZII เวล ยู ริด-ซี่ [1 กล่อง] ดูแลเรื่องริดสีดวง สร้างสมดุลระบบขับถ่ายทั้งระบบ,Immunity,549.0,฿500–999,,False,False,1.0,,Pathum Thani,Greater Bangkok
4771040911,ใหม่ vitanature+ D-NAX9 ดี – แนกซ์9 [5 กระปุก] สารสกัดจากเปลือกองุ่น ดูแลร่างกาย สำหรับชะลอวัย,Well Being Gifts & Value Sets,1890.0,"฿1,000+",,False,False,,,Pathum Thani,Greater Bangkok
4771081211,ใหม่ well u RID-ZII เวล ยู ริด-ซี่ [3 กล่อง] ดูแลเรื่องริดสีดวง สร้างสมดุลระบบขับถ่ายทั้งระบบ,Immunity,1269.0,"฿1,000+",6.0,False,True,5.0,7614.0,Pathum Thani,Greater Bangkok
4771119992,อารหารเสริมสำหรับผู้ชาย อาหารเสริมคุณผู้ชาย  MEN SET ถั่งเช่า / อาร์กเอนออร์น /ซิงก์,Well Being Gifts & Value Sets,382.0,฿300–499,7.0,False,True,1.0,2674.0,Bangkok,Greater Bangkok
4771162481,โกโก้ลดน้ำหนัก โกโก้ เอสโกโก้ S-Cocoa  โกโก้ ไม่มีน้ำตาลให้พลังงานต่ำ เครื่องดื่มลดน้ำหนัก,Well Being Gifts & Value Sets,115.2,฿100–299,,False,False,1.0,,Bangkok,Greater Bangkok
4771175711,💚ไม่แท้ คืนเงิน💚 ราคาต่อกระปุก NAREEYA ผลิตภัณฑ์เสริมอาหาร นารีญา 60 แคปซูล,Breast Enlargement,239.0,฿100–299,,False,False,,,Rayong,Other provinces
4771176339,New Nucera Plus (นูเซร่า พลัส) แถมฟรี Nucera Drink ปรับสูตรใหม่ พรี่เมี่ยมและเข้มข้นกว่าเดิม 1 กระปุก 30 แคปซูล,Acne Care,3790.0,"฿1,000+",6.0,False,True,1.0,22740.0,Chonburi,Other provinces
4771361717,ผลิตภัณฑ์เพื่อท่านชาย  พลังเม็ดแดง,Men's Health,195.0,฿100–299,,False,False,,,Chonburi,Other provinces
4771452977,Bestural X DHC โปรโมชั่นถึงสิ้นเดือน 4 แถม 1 กัมมี่คอลลาเจน วิตามินซี วิตามินบี12 ไบโอติน รสสตรอเบอร์รี่ 40 ชิ้น,Skin Nourishment,999.0,฿500–999,31.0,False,True,4.0,30969.0,Bangkok,Greater Bangkok
4771478870,"Doctor's Best, Nattokinase 2,000 FU contains 90 vegetable capsules.(No.199)",Well Being Gifts & Value Sets,949.0,฿500–999,,False,False,,,Nonthaburi,Greater Bangkok
4771506407,พี โปรตีน ไอโซเลท (รสธรรมชาติ)  Pea Protein Isolate  โปรตีนถั่วลันเตา Non Whey เวย์ ลดน้ำหนัก โปรตีนพืช Plantbased  อาหารเสริมพีไอโซเลท,Mass Gainer,464.0,฿300–499,,False,False,,,Udon Thani,Other provinces
4771509723,พร้อมส่ง!!นูเซร่าสูตรใหม่💜 Nucera Plus สูตรพิเศษ Ricera bossom (30 แคปซูล) พร้อมส่ง ของแท้ 100%มีของแถมทุกออเดอร์,Acne Care,800.0,฿500–999,7.0,False,True,2.0,5600.0,Chonburi,Other provinces
4771515977,สารสกัดมะระขี้นกผสมผงมะระขี้นก IMMOR (ชุด 2 กระปุก),Well Being Gifts & Value Sets,600.0,฿500–999,,False,False,1.0,,Pathum Thani,Greater Bangkok
4771516358,"Doctor's Best, Lutein with Lutemax 2020, 20 mg, 60 Softgels (No.413)",Well Being Gifts & Value Sets,420.0,฿300–499,,False,False,,,Nonthaburi,Greater Bangkok
4771562635,💜🤍New Nucera plus นูเซร่า พลัส สูตรใหม่เข้มข้นกว่าเดิม มาพร้อมเซราไมด์บริสุทธิ์ 100% ที่ทำให้วิตามินอยู่ร่ายกายได้นานขึ้น🤍💜,Acne Care,800.0,฿500–999,,False,False,,,Chonburi,Other provinces
4771708193,🔥อันดับ1🔥Soy Protein ซอยโปรตีน ฟิตต์ เฟิร์ม  ลดไขมัน เพิ่มกล้ามเนื้อ ผสม คอลาเจน เมล็ดองุ่น มะเขือเทศ 60 แคปซูล,Pre-Workout,776.0,฿500–999,,False,False,,,Samut Prakan,Greater Bangkok
4771714383,อาหารเสริมครีเอทีน โมโนไฮเดรต Sports Creatine Monohydrate 750 mg 120 Veg Capsules - Now Foods,Mass Gainer,1275.0,"฿1,000+",,False,False,,,Chiang Mai,Other provinces
4771737242,Demosana Zinc + C 20 ดีโมซานา ซิงค์ วิตามินเม็ดฟู่ วิตามินซี เม็ดฟู่ละลายน้ำ,Acne Care,130.0,฿100–299,,False,False,,,Bangkok,Greater Bangkok
4771800537,บำรุงผิว ดูแลกระดูกให้แข็งแรง เดอเอ้คอลลาเจน พลัส 50000ml.,Bone & Joint Support,149.0,฿100–299,,False,False,,,Chiang Mai,Other provinces
4771820910,Mass Whey Protein Gainer เวย์โปรตีน Mass Gainer 2lbs.เพิ่มน้ำหนัก เวย์ โปรตีน ไม่มีถั่วเหลือง Non Soy สำหรับผู้ที่อยากเพิ่มน้ำหนักและเพิ่มกล้ามเนื้อ,Mass Gainer,590.0,฿500–999,,False,False,,,Bangkok,Greater Bangkok
4771827122,ส่งด่วน นาฮิ na hee บำรุงน้องชาย เสริมสุขภาพชาย อาหารเสริมบำรุงน้องชาย นาฮี ลุงโทนี่การันตี สมุนไพรบำรุงคุณผู้ชาย 1 กล่อง 6 แคปซูล ของแท้,Men's Health,590.0,฿500–999,19.0,False,True,4.0,11210.0,Nonthaburi,Greater Bangkok
4771864274,1แถม1 yong von ยองวอน เสริมสุขภาพผิว ปัญหาสิว ผิวอมชมพู ยองวอนกลูต้า ยองวอนซอฟเจล กลูต้าไธโอน คลอลาเจนผิว gluta collagen 30 เม็ด ต่อ 1 กระปุก ของแท้,Beauty Supplements Value Sets,290.0,฿100–299,16.0,False,True,4.0,4640.0,Nonthaburi,Greater Bangkok
4771947269,Pearlis (30 capsules) อาหารเสริม เพื่อผิวกระจ่างใส ปลอดภัยขายในรพ.ชั้นนำ (1 ซอง 30 เม็ด) มีอย. บำรุง ความงาม ผม ผิว เล็บ ไวท์เทนนิ่ง ริ้วรอย,Skin Nourishment,849.0,฿500–999,6.0,False,True,,5094.0,Bangkok,Greater Bangkok
4772169529,ของแท้⚡️ส่งฟรี1แถม1🚫 KINGDOM คิงดอม  อาหารเสริมผู้ชาย บำรุงร่างกาย เพิ่มขนาด เพิ่มน้ำ เพิ่มรอบ อึด ถึก ทน อยู่นาน อัพไซส์ เร่งโต,Men's Health,170.0,฿100–299,16.0,False,True,7.0,2720.0,Sakon Nakhon,Other provinces
4772283157,ของแท้⚡️ส่งฟรี1แถม1🚫 KINGDOM คิงดอม อาหารเสริมผู้ชาย บำรุงร่างกาย เพิ่มขนาด เพิ่มน้ำ เพิ่มรอบ อึด ถึก ทน อยู่นาน อัพไซส์,Sexual Health Vitamins,350.0,฿300–499,,False,False,,,Sakon Nakhon,Other provinces
4772406149,อารยาคอลลาเจน 1 แถม 2 390฿,Beauty Supplements Value Sets,350.0,฿300–499,,False,False,,,Trang,Other provinces
4772478443,อาวียอง  คอลลาเจน โกลด์ เอ็มพลัส931 (บรรจุ 1 กล่อง มี 15 ซอง),Beauty Supplements Value Sets,1400.0,"฿1,000+",,False,False,,,Bangkok,Greater Bangkok
4772505189,อาหารเสริมยูเน่เอสและเอ็นโซเอส 1แถม1,Sexual Health Vitamins,350.0,฿300–499,,False,False,,,Kalasin,Other provinces
4772528327,ส่งฟรี โปรพิเศษ BetaLiv (เบต้าลีฟ) ผลิตภัณฑ์เสริมอาหาร ของแท้ 100% พร้อมส่ง 1 กล่อง บรรจุ 10 เม็ด #betaliv #เบต้าลิฟ พร้อมส่ง V-WAY SHOP,Detoxification,640.0,฿500–999,,False,False,,,Chanthaburi,Other provinces
4772570559,แท้💯Dr.PONG Astaxanthin 6mg Astareal สารสกัดแอสต้าแซนธิน ชะลอวัย,Skin Nourishment,379.0,฿300–499,,False,False,,,Roi Et,Other provinces
4772573289,บียอนด์ เอ็ม-เอ็กซ์ เอ็มพลัส931 (บรรจุ 1 กล่อง มี 15 ซอง),Pre-Workout,1800.0,"฿1,000+",,False,False,,,Bangkok,Greater Bangkok
4772591290,เม็ดเคี้ยวไฟเบอร์ jessina ขับเซลลูไลท์ ลดบวม ลดโซเดียม ปรับระบบขับถ่าย ดีท็อกลำไส้ แขน ขา เล็กลง คุมหิว,Weight Management Value Sets,230.0,฿100–299,,False,False,,,Bangkok,Greater Bangkok
4772596086,D-KOK(ดี-ค๊อก)สลายไขมันล้างสารพิษ,Detoxification,195.0,฿100–299,,False,False,,,Bangkok,Greater Bangkok
4772679259,M Max เอ็มแมก อาหารเสริมสำหรับผู้ชาย 1 กล่องบรรจุ 24 แคปซูล M-MAX,Men's Health,475.0,฿300–499,,False,False,,,Bangkok,Greater Bangkok
4773108851,(14 ซอง) nosh meal replacement ช็อกโกแลต 7 มิกซ์เบอร์รี่ 7,Meal Replacement,1694.0,"฿1,000+",,False,False,,,Nonthaburi,Greater Bangkok
4773158028,กิฟฟารีน ดีท๊อค คลอโรฟิลล์ พลัส,Detoxification,600.0,฿500–999,,False,False,,,Bangkok,Greater Bangkok
4773528651,แท้💯% Malinest L-Gluta  มาลิเนส คอลลาเจน แอลกลูต้า กลูต้ามะลิเนสท์,Skin Nourishment,59.0,<฿100,,False,False,,,Pathum Thani,Greater Bangkok
4773557535,แท้💯% Malinest L-Gluta  มาลิเนส คอลลาเจน แอลกลูต้า กลูต้ามะลิเนสท์,Skin Nourishment,59.0,<฿100,10.0,False,True,,590.0,Pathum Thani,Greater Bangkok
4773863989,"Muscletech CellTech CREATOR, Creatine HCI + Free-Acid Creatine, Fruit Punch Extreme, 120 servings (269 g)",Mass Gainer,1190.0,"฿1,000+",,False,False,,,Chonburi,Other provinces
4773887719,สำหรับผู้ชาย สุภาพบุรุษ เหมาะสำหรับท่านชาย เสริมชาย อาหารเสริมชาย,Men's Health,300.0,฿300–499,,False,False,,,Samut Prakan,Greater Bangkok
4774384858,ผงผัก VEGET POWDER ผงผักชายนิ่ง (วีเก็ตพาวเดอร์) Shining Fiber ชายนิ่ง ไฟเบอร์ ดีท๊อกซ์ มี 5 ซอง,Detoxification,189.0,฿100–299,,False,False,,,Samut Prakan,Greater Bangkok
4774387223,วิตซี+ไฟเบอร์ 1 แถม 1,Detoxification,260.0,฿100–299,,False,False,1.0,,Lampang,Other provinces
4774686451,[Pack3] Magicus Bond อาหารเสริม เหมาะสำหรับผู้สูงอายุที่มีอาการปวดเข่า ปวดข้อ,Bone & Joint Support,2070.0,"฿1,000+",,False,False,,,Phra Nakhon Si Ayutthaya,Other provinces
4774747980,แกรนด์เดอร์ แกรนด์เดอร์ คอลลาเจน องุ่น ไลโคพีน สนหางม้า เล็บแข็งแรง ผิวใส ผมร่วง เล็บฉีก ภูมิต้านทาน 60แคปซูล,Beauty Supplements Value Sets,1008.0,"฿1,000+",,False,False,,,Bangkok,Greater Bangkok
4774777574,แก้ผมร่วง  ไบโอติน biotin อาหารเสริมผม ผมร่วง บำรุงผม,Well Being Gifts & Value Sets,374.4,฿300–499,5.0,False,True,1.0,1872.0,Bangkok,Greater Bangkok
4774791571,กระชาย กระชายพลัส กระชายขาวสกัด  ชนิดแคปซูล  กระชาย พลัส KRACHAI-PLUS,Well Being Gifts & Value Sets,216.0,฿100–299,,False,False,,,Bangkok,Greater Bangkok
4774822061,เซตเตรียมตั้งครรภ์ผู้หญิง เตรียมตั้งท้อง  โฟลิค ไบโอ แฟลกซ์ ถั่งเช่า Folic / Bio Flax / Chong Cao - W เตรียมพร้อมมีบุตร บำรุงมดลูก,Pregnancy Care,1143.0,"฿1,000+",,False,False,1.0,,Bangkok,Greater Bangkok
4774903215,น้ำแตงโม น้ำชงแตงโม น้ำแตงโมรียา,Well Being Gifts & Value Sets,290.0,฿100–299,,False,False,,,Bangkok,Greater Bangkok
4774907406,🔥Ovisure Gold โอวิชัวร์ โกลด์.นมธัญพืชสำหรับบำรุงกระดูกและข้อ แท้💯 #มีสินค้าพร้อมส่ง,Bone & Joint Support,999.0,฿500–999,93.0,False,True,12.0,92907.0,Chiang Mai,Other provinces
4774910941,ริด้าโคโค่พลัส (ของแท้100%) Rida coco plus ริด้า น้ำมันมะพร้าวสกัดเย็นผสมคอลลาเจนจากญี่ปุ่นและวิตามิน,Beauty Supplements Value Sets,990.0,฿500–999,,False,False,,,Pathum Thani,Greater Bangkok
4774950497,VISTRA Zinc 15mg,Acne Care,199.0,฿100–299,,False,False,,,Bangkok,Greater Bangkok
4774977320,VISTRA Gotu Kola Extract PLUS Zinc,Acne Care,585.0,฿500–999,,False,False,,,Bangkok,Greater Bangkok
4775195100,New แท้💯ส่งฟรี คอลลี่ เวจจี้ คอลลาเจนผัก ยูมิโกะ เกรดพรีเมี่ยม นำเข้าจากญี่ปุ่น Yumiko Colly Veggie Collagen 200 g,Skin Nourishment,390.0,฿300–499,,False,False,,,Nonthaburi,Greater Bangkok
4775292133,วิตามินบี6 vitamin B6 วิตามินบี 6,Multivitamins,315.0,฿300–499,,False,False,1.0,,Nakhon Si Thammarat,Other provinces
4775297080,วิตามินบี12 vitamin B12 ชามือ ชาเท้า วิตามินบี 12 มือชา เท้าชา ชาปลายมือ ปลายเท้า,Multivitamins,320.0,฿300–499,,False,False,2.0,,Nakhon Si Thammarat,Other provinces
4775336199,Swisse Beauty Collagen + Hyaluronic Acid Booster 80 Tablets exp 8/2024,Acne Care,690.0,฿500–999,,False,False,,,Pathum Thani,Greater Bangkok
4775410415,1 กล่อง(บรรจุ 20 ซอง) Beauti Powder Collagen Stix - บิวติ พาวเดอร์ คอลลาเจน สติกซ์ กลิ่นสตรอเบอร์รี่,Skin Nourishment,199.0,฿100–299,,False,False,,,Bangkok,Greater Bangkok
4775648948,Ozy โอซี่แท้✅ 2 แถม 6💕Ozy โอซี่ Ozyหนิง Ozyส่งฟรี โอซีคุณหนิง โอซีพี่หนิง โอซีของแท้ Ozyอาหารเสริม พร้อมส่ง โอซีหนิง โอซี่,Fat Blockers & Burners,1290.0,"฿1,000+",,False,False,2.0,,Khon Kaen,Other provinces
4775709094,ALGYCON 200 MG 12 TABLETS ชนิดแผง อัลไกคอน 200 มก . (1 แผง 12 เม็ด ) กรดไหลย้อน เม็ดเคี้ยว,Multivitamins,172.0,฿100–299,18.0,False,True,,3096.0,Bangkok,Greater Bangkok
4775795319,วิตามินซีพีุ่จน ตัวดังจากเกาหลียูฮาน 1000mg Yuhan Vitamin Cของแท้เกาหลี,Skin Nourishment,159.0,฿100–299,,False,False,,,Chiang Mai,Other provinces
4775836566,Puritan’s pride 3mg.120 tablets exp2025,Multivitamins,480.0,฿300–499,38.0,False,True,4.0,18240.0,Bangkok,Greater Bangkok
4775857166,🎌 DHC Astaxanthin แอสต้าแซนติน ต้านอนุมูลอิสระ ลดริ้วรอย ของแท้จากญี่ปุ่น アスタキサンチン,Acne Care,342.71,฿300–499,,False,False,,,Bangkok,Greater Bangkok
4775917106,เรือนแก้ว K-ONE อาหารเสริม ผู้ชาย ผลิตภัณฑ์เสริมอาหารบำรุงสำหรับคุณผู้ชาย 1กล่อง 10 แคปซูล เควัน K One,Men's Health,450.0,฿300–499,,False,False,,,Saraburi,Other provinces
4776153899,CF Plus ผงชงดื่มคอลลาเจนไฟเบอร์ รสมัทฉะเลม่อน Doctor Buddy 1 กล่อง,Skin Nourishment,590.0,฿500–999,,False,False,2.0,,Bangkok,Greater Bangkok
4776161936,Beta Liv #เบต้าลิฟ #betaliv (จัดโปรพิเศษ) ผลิตภัณฑ์เสริมอาหาร เบต้าลีฟ พลัส ยาบำรุงตับไตแท้ ล้างสารพิษ 3 กล่อง บรรจุ 30 เม็ด ของแท้ พร้อมส่ง ส่งฟรีทั่วไทย เก็บปลายทาง ส่งตรงจากบริษัท (พิเศษโปร2แถม1) Me Plus,Detoxification,1390.0,"฿1,000+",,False,False,,,Bangkok,Greater Bangkok
4776178773,BAAM CREATINE 5000  (300 g.) เพิ่มพละกำลังกล้ามเนื้อ,Mass Gainer,459.0,฿300–499,5.0,False,True,2.0,2295.0,Roi Et,Other provinces
4776296820,"DW collagen plus, ASTAXANTHIN คอลลาเจนพลัส คอลพีช, 1 กล่อง- 5 ซอง",Acne Care,199.0,฿100–299,,False,False,1.0,,Pathum Thani,Greater Bangkok
4776592709,อาหารเสริมเพิ่มน้ำนมเเม่เจสซี่มัม#JessieMum​,Pregnancy Care,1080.0,"฿1,000+",,False,False,,,Trang,Other provinces
4776717055,✅พร้อมส่งของแท้Gluta Collagen Manami Maemi Puiinun เม็ดเคี้ยวปุยนุ่น มานามิ มาเอมิ กลู้ต้า คอลลาเจน ปุยนุ่น ลดสิว ผิวขาว,Beauty Supplements Value Sets,290.0,฿100–299,,False,False,,,Maha Sarakham,Other provinces
4776811860,well u collagen Dipeptide & Tripeptide [2 กล่อง] ดูดซึมไว คอลลาเจนเพื่อ ผิว ผม เล็บ,Skin Nourishment,659.0,฿500–999,,False,False,1.0,,Pathum Thani,Greater Bangkok
4776879982,Une S ยูเน่เอส มาดามกล่องแดง โฉมใหม่ อาหารเสริม [10 แคปซูล/กล่อง] [1 กล่อง],Fat Blockers & Burners,175.0,฿100–299,,False,False,,,Pathum Thani,Greater Bangkok
4776912361,Well u S-balance Advance [ 2 กล่อง ]ผลิตภัณฑ์เสริมอาหาร กระตุ้นการเผาผลาญ ควบคุมน้ำหนัก ด้วยสารสกัดจากมะระขี้นก,Fat Blockers & Burners,1169.0,"฿1,000+",,False,False,,,Pathum Thani,Greater Bangkok
4776943847,VISTRA Zinc 15mg วิสทร้า ซิงค์ 15 มิลลิกรัม 45 เม็ด,Acne Care,149.0,฿100–299,,False,False,2.0,,Bangkok,Greater Bangkok
4776953764,🚛ส่งฟรี สั่งเลย🔥 VITAMORES Triphala Plus Lingzhi 30 แคปซูล ไวต้ามอร์ส ตรีผลา พลัส เห็ดหลินจือ คุมน้ำหนักพร้อมกับการดูแลผิวสวย,Detoxification,189.0,฿100–299,,False,False,,,Bangkok,Greater Bangkok
4777004450,[ ส่งฟรี ] [ มีโปร ] อาหารเสริมสำหรับผู้ชาย ARG-N-ORN อาร์ก เอน ออร์น  [ ของแท้ ],Sexual Health Vitamins,390.0,฿300–499,,False,False,,,Phayao,Other provinces
4777154433,🚛ส่งฟรี สั่งเลย🔥 VITAMORES Triphala Plus Lingzhi 30 แคปซูล อาหารเสริมตรีผลา พลัส เห็ดหลินจือ คุมน้ำหนักพร้อมกับการดูแลผิวสวย,Detoxification,189.0,฿100–299,,False,False,,,Bangkok,Greater Bangkok
4777187786,Amway Bodykey by Nutrilite  (14ซอง) นิวทริไลท์,Meal Replacement,1099.0,"฿1,000+",41.0,False,True,11.0,45059.0,Songkhla,Other provinces
4777344536,Trivit-B วิตามินหลอด,Multivitamins,350.0,฿300–499,,False,False,,,Songkhla,Other provinces
4777352922,(ส่งฟรี) ชุดคู่หู ยูมิโกะ คอลลาเจนผัก + คอลลาเจนเพียว พลัสแคลเซียม กระปุก 200 กรัม,Beauty Supplements Value Sets,590.0,฿500–999,,False,False,,,Chiang Mai,Other provinces
4777368722,2 แถม 1 nigo นิโก อาหารเสริมนิโกร อาหารเสริมnigo ส่งด่วน ไม่ระบุชื่อสินค้าหน้ากล่อง  (10แคปซูล/กล่อง),Sexual Health Vitamins,290.0,฿100–299,,False,False,,,Nakhon Sawan,Other provinces
4777432345,เพิ่มแรง เพิ่มกล้ามเนื้อ ครีเอทีน 100% CREATINE 5000 (ซอง) 300g c5000 กินกับ เวย์ โปรตีน ดีมาก whey protein,Mass Gainer,520.0,฿500–999,,False,False,,,Bangkok,Greater Bangkok
4777467743,1 แถม 1 (2กระปุก) วีทกราส คลอโรฟิลล์ 50 กรัม แบรนด์ยูมิโกะ Wheatgrass Chlorophyll Powder,Well Being Gifts & Value Sets,350.0,฿300–499,,False,False,,,Chiang Mai,Other provinces
4777494585,DHC Vitamin B mix ดีเอชซี วิตามินบีรวม ละลายช้า Persistent Time release ชนิดเม็ด ビタミンBミックス サプリメント,Multivitamins,158.0,฿100–299,14.0,False,True,3.0,2212.0,Bangkok,Greater Bangkok
4777546846,"โปรคู่  (ครีมกันต์จิ  2 หลอด + วิตามินผิว 1 กระปุก) : Kunji Na กันต์จิ เบรสครีม สำหรับสาวอกไข่ดาว หรือ ย้วย ยานไม่เป็นทรง , วิตามินผิว",Breast Enlargement,950.0,฿500–999,,False,False,,,Chonburi,Other provinces
4777609110,🎈ของแท้💯%🎈ชุดฟื้นฟูหมอนรองกระดูกทับเส้นประสาท ข้อเข่าเสื่อม แพคคู่ UNI-OIL/ U-PROFEX มี 30 แคปซูล ทานก่อนนอน 1 เม็ด,Bone & Joint Support,2334.22,"฿1,000+",12.0,False,True,5.0,28010.64,Samut Prakan,Greater Bangkok
4777706984,Tongkat Ali 1100mg ต่อการให้บริการ - เพิ่มพลังงาน & ความแข็งแกร่งสำหรับผู้ชายเพื่อปรับปรุงสุขภาพ,Men's Health,189.0,฿100–299,,False,False,,,Bangkok,Greater Bangkok
4777748860,Vistra Gotu Kola Extract Plus Zinc วิสทร้า โกตู โคลา เอ็กแทรค พลัส ซิงค์,Acne Care,229.0,฿100–299,,False,False,,,Nonthaburi,Greater Bangkok
4777871972,((ส่งฟรี)) HULK ฮัค ผลิตภัณฑ์เสริมอาหาร อาหารเสริม ชาย ของแท้100% อึด ทน มี อย. Hulk hulk,Men's Health,350.0,฿300–499,,False,False,,,Bangkok,Greater Bangkok
4777893251,"ลดพิเศษ !!! Donutt โดนัทคอลลาเจน คอลลาเจนเปปไทด์ 10,000 มก. 10 ซอง",Beauty Supplements Value Sets,299.0,฿100–299,,False,False,,,Nonthaburi,Greater Bangkok
4777937461,แพคเกจใหม่ ยูเน่เอส Une S มาดามกล่องแดง มาดามดับเบิ้ลเอส,Fat Blockers & Burners,145.0,฿100–299,11.0,False,True,1.0,1595.0,Bangkok,Greater Bangkok
4777954933,ของแท้100% [240Cap] สุภาพโอสถ BLACK SESAME OIL + RICE BRAN OIL BSRB น้ำมันงาดำรำข้าวสกัดเย็น ดูแลกระดูก และข้อเข่า by TV Direct,Well Being Gifts & Value Sets,1250.0,"฿1,000+",9.0,False,True,1.0,11250.0,Samut Prakan,Greater Bangkok
4777967113,Ensure เอนชัวร์ ธัญพืช 850g(หมดอายุ 16/01/2025) 1 กระป๋อง Ensure Wheat 850g x1 อาหารเสริมสูตรครบถ้วน,Well Being Gifts & Value Sets,769.0,฿500–999,10.0,False,True,2.0,7690.0,Ratchaburi,Other provinces
4777999703,"""2 กล่อง"" CC Calcium & Collagen Plus Type ll ซีซี แคลเซียม และ คอลลาเจน พลัส",Bone & Joint Support,687.4,฿500–999,,False,False,2.0,,Samut Prakan,Greater Bangkok
4778010046,( ของแท้จากบริษัท ) อาโมนิซิงค์ Armoni Zinc วิตามิน ซิงค์ ชายนิ่ง วิตามินลดสิว ลดผมร่วง,Acne Care,250.0,฿100–299,,False,False,,,Kanchanaburi,Other provinces
4778030821,B-GRN+(ล้างลำใส้ ลดพุงช่วยต้านพยาธิลดปัญหาขับถ่ายผิดปกติ,Detoxification,1195.0,"฿1,000+",,False,False,,,Nakhon Sawan,Other provinces
4778048891,Pananchita LinLife ลินไลฟ์ เจลลี่ โปรตีน ปนันชิตา โปรตีนเจลลี่ กลิ่นลิ้นจี่ [10 ซอง/กล่อง] [1 กล่อง],Meal Replacement,389.0,฿300–499,,False,False,,,Pathum Thani,Greater Bangkok
4778054567,[1ขวด=100 เม็ด] TYLENOL 500 mg.ไทลินอล 500 พาราเซตามอล(ยาสามัญประจำบ้าน)100 เม็ด 1 กระปุก,Immunity,145.0,฿100–299,23.0,False,True,11.0,3335.0,Bangkok,Greater Bangkok
4778062836,- ดีท๊อค คลอโรฟิลล์ พลัส D-Toc Chlorophyll Plus,Immunity,600.0,฿500–999,,False,False,,,Sukhothai,Other provinces
4778067290,คอลลาเจนพิงค์ มาเจนต้า Korich  เคโอริช ผลิตภัณฑ์ดูแลเส้นผมและเล็บ,Acne Care,199.0,฿100–299,,False,False,,,Phetchaburi,Other provinces
4778080973,Mix 2 : BB Plus และ CF Plus (คละได้) Doctor Buddy รวม 2 กล่อง,Skin Nourishment,1100.0,"฿1,000+",,False,False,,,Bangkok,Greater Bangkok
4778123697,[2 กล่อง] Pananchita LinLife ลินไลฟ์ เจลลี่ โปรตีน ปนันชิตา โปรตีนเจลลี่ กลิ่นลิ้นจี่ [10 ซอง/กล่อง],Meal Replacement,778.0,฿500–999,,False,False,,,Pathum Thani,Greater Bangkok
4778155595,[3 กล่อง] Pananchita LinLife ลินไลฟ์ เจลลี่ โปรตีน ปนันชิตา โปรตีนเจลลี่ กลิ่นลิ้นจี่ [10 ซอง/กล่อง],Meal Replacement,1165.0,"฿1,000+",,False,False,,,Pathum Thani,Greater Bangkok
4778158434,[10 แผง (แผงละ 10 เม็ด)] Tylenol 500 mg ไทลินอล พาราเซตามอล 500 มก. 10 เม็ด,Heart & Blood Pressure,159.0,฿100–299,,False,False,1.0,,Bangkok,Greater Bangkok
4778163445,ของแท้100% [500cap] สุภาพโอสถ BLACK SESAME OIL + RICE BRAN OIL BSRB  น้ำมันงาดำรำข้าวสกัดเย็น ดูแลกระดูกและข้อเข่า by TV Direct,Well Being Gifts & Value Sets,1990.0,"฿1,000+",5.0,False,True,1.0,9950.0,Samut Prakan,Greater Bangkok
4778219167,[ยกกล่อง = 20 แผง]Tylenol 500 mg ไทลินอล 500 มิลลิกรัม ขายยกกล่อง 20 แผง (แผงละ 10 เม็ด),Immunity,265.0,฿100–299,20.0,False,True,1.0,5300.0,Bangkok,Greater Bangkok
4778225220,🌈Fusion-x (ฟิวชั่น-เอ็กซ์) ควบคุมแคลอรี่ ทดแทนมื้ออาหาร เสริมสร้างกล้ามเนื้อ สารอาหารครบ 5 หมู่,Meal Replacement,3080.0,"฿1,000+",,False,False,,,Bangkok,Greater Bangkok
4778250192,💖E-M (อี-เอ็ม) ของแท้💯% สำหรับผู้ชาย,Men's Health,3080.0,"฿1,000+",,False,False,,,Bangkok,Greater Bangkok
4778285004,Mix 3 แถมแก้ว : BB Plus และ CF Plus (คละได้) Doctor Buddy รวม 3 กล่อง,Skin Nourishment,1650.0,"฿1,000+",,False,False,,,Bangkok,Greater Bangkok
4778369197,🌈Fusion-x (ฟิวชั่น-เอ็กซ์) ควบคุมแคลอรี่ ทดแทนมื้ออาหาร เสริมสร้างกล้ามเนื้อ สารอาหารครบ 5 หมู่,Meal Replacement,3080.0,"฿1,000+",,False,False,,,Bangkok,Greater Bangkok
4778812040,ชุดฟื้นฟูหมอนรองกระดูกทับเส้นประสาท ข้อเข่าเสื่อม แพคคู่ UNI-OIL/ U-PROFEX มี 30 แคปซูล ทานก่อนนอน 1 เม็ด,Bone & Joint Support,2429.0,"฿1,000+",,False,False,,,Samut Prakan,Greater Bangkok
4778836074,RIFOLD Fish Oil Omega-3 - 30 Capsules น้ำมันปลารีโฟล์ 30 เม็ด บำรุงสมอง,Brain & Memory,69.0,<฿100,17.0,False,True,6.0,1173.0,Bangkok,Greater Bangkok
4778904872,3 ฟรี 1  Bestural x DHC Collagen Gummy คอลลาเจนแบบเคี้ยว (120g 40 Gummies x 3 Free 1),Skin Nourishment,894.0,฿500–999,6.0,False,True,,5364.0,Nonthaburi,Greater Bangkok
4778969098,วิตามินผิวใส วิตามินเผาผลาญ วิตามินลดสิว แบรนด์ วันเวลา อาหารผิวหน้า เผาผลาญ ลดสิว ผิวใส สินค้าไม่ตรงปกยินดีเปลี่ยนฟรี Charissa store,Acne Care,327.0,฿300–499,,False,False,,,Samut Prakan,Greater Bangkok
4779401958,Amway NUTRILITE โปรตีน รสช็อกโกแลต 500g,Meal Replacement,880.0,฿500–999,,False,False,1.0,,Bangkok,Greater Bangkok
4779404684,พร้อมส่ง✅️🔥ลดพิเศษ🔥Amway bodykey Nutrite ใหม่!! Amway Bodykey by Nutrilite (14ซอง) นิวทริไลท์,Meal Replacement,969.0,฿500–999,,False,False,,,Samut Sakhon,Greater Bangkok
4779411528,สำหรับผู้ชาย สุภาพบุรุษ เหมาะสำหรับท่านชาย เสริมชาย อาหารเสริมชาย,Men's Health,300.0,฿300–499,6.0,False,True,2.0,1800.0,Nakhon Sawan,Other provinces
4779469234,สำหรับผู้ชาย สุภาพบุรุษ เหมาะสำหรับท่านชาย เสริมชาย อาหารเสริมชาย,Men's Health,300.0,฿300–499,,False,False,2.0,,Nakhon Sawan,Other provinces
4779498982,[ 40 ซอง แถม 10 ซอง ] บริ๊งค์ เชค เชค กลูต้า คอลลาเจน เครื่องดื่มผงรสพีช,Skin Nourishment,680.0,฿500–999,,False,False,1.0,,Bangkok,Greater Bangkok
4779665490,Yanhee Callyn Plus [ 1 กล่อง 10 เม็ด ] คอลลิน พลัส ผลิตภัณฑ์จากยันฮี  คุมหิว อิ่มนาน บล็อกแป้ง บล๊อกไขมัน,Fat Blockers & Burners,390.0,฿300–499,,False,False,1.0,,Pathum Thani,Greater Bangkok
4779786443,Clover Plus BSL 30 capsules แพ็คคู่ โคลเวอร์ พลัส บีเอสเอล 30 แคปซูล (2 ขวด),Well Being Gifts & Value Sets,355.0,฿300–499,,False,False,,,Bangkok,Greater Bangkok
4779803981,CHU ผลิตภัณฑ์เสริมอาหาร ชูว์ อาหารเสริมบำรุงสุขภาพท่านชาย ขนาด 10 แคปซูล,Men's Health,135.0,฿100–299,,False,False,,,Bangkok,Greater Bangkok
4779804923,BUMINMAX💪🏻🧠🔥 สร้างกล้ามเนื้อ บำรุงสมอง เผาผลาญไขมัน ต้านอนุมูลอิสระ (1 กระปุก),Brain & Memory,549.0,฿500–999,,False,False,,,Bangkok,Greater Bangkok
4779807944,TOPAZ 🍅 ผลิตภัณฑ์เสริมอาหาร สำหรับระบบปัสสาวะและต่อมลูกหมาก,Men's Health,690.0,฿500–999,,False,False,,,Bangkok,Greater Bangkok
4779812929,HEPA-1 💚บำรุงตับ ล้างพิษในตับ ลดค่าตับสูง ลดไขมันพอกตับ ดีท็อกซ์ตับ,Detoxification,790.0,฿500–999,,False,False,,,Bangkok,Greater Bangkok
4779816241,Clover Plus BSL + Chitosan 500 mg.แพ็คคู่  (30 แคปซูล/กระปุก),Fat Blockers & Burners,355.0,฿300–499,,False,False,1.0,,Bangkok,Greater Bangkok
4779821883,แพ็คคู่ 2 กระปุก Dary Vit Co Q 10 Plus ดารี่ วิต อาหารเสริม สารสกัด จาก โคคิวเท็น ขนาด 30 แคปซูล,Heart & Blood Pressure,159.0,฿100–299,,False,False,1.0,,Bangkok,Greater Bangkok
4779829148,ตัวเทสอาหารเสริมจากแบรน,Meal Replacement,59.0,<฿100,10.0,False,True,,590.0,Ratchaburi,Other provinces
4779833959,5 แพ็ค X6 Plus ส่งฟรี Hard Iron อาหารเสริมท่านชาย เอ็กซ์ 6 พลัสฮาร์ดไอรอน ผลิตภัณฑ์อาหารเสริม สำหรับท่านชาย,Sexual Health Vitamins,895.0,฿500–999,,False,False,,,Surat Thani,Other provinces
4779844346,kenki KIRORI คิโรริ อาหารเสริมสารสกัดเห็ดแชมปิญอง ดักไขมัน กระปุกละ 30 แคปซูล,Fat Blockers & Burners,1490.0,"฿1,000+",12.0,False,True,4.0,17880.0,Bangkok,Greater Bangkok
4779851415,VISTRA Salmon Fish Oil Oderless Capsules,Brain & Memory,190.0,฿100–299,,False,False,,,Pathum Thani,Greater Bangkok
4779905470,2 แพ็ค X6 Plus ส่งฟรี Hard Iron อาหารเสริมท่านชาย เอ็กซ์ 6 พลัสฮาร์ดไอรอน ผลิตภัณฑ์อาหารเสริม สำหรับท่านชาย,Sexual Health Vitamins,389.0,฿300–499,,False,False,,,Surat Thani,Other provinces
4779931617,แพ็คคู่ 2 กระปุก Dary Vit Astaxanthin ดารี่ วิต อาหารเสริม สารสกัดจากสาหร่ายฮีมาโตค็อกคัส พลูวิเอลิส ขนาด 30 แคปซูล,Skin Nourishment,169.0,฿100–299,7.0,False,True,2.0,1183.0,Bangkok,Greater Bangkok
4779932378,BUMINMAX💪🏻🧠🔥 สร้างกล้ามเนื้อ บำรุงสมอง เผาผลาญไขมัน ต้านอนุมูลอิสระ (1 กระปุก),Brain & Memory,549.0,฿500–999,6.0,False,True,,3294.0,Bangkok,Greater Bangkok
4779933343,แพ็คคู่ Dary Vit Gingko Plus ดารี่ วิต อาหารเสริม สารสกัด จาก ใบแปะก๊วย โสม ขนาด 30 แคปซูล 2 กระปุก,Brain & Memory,149.0,฿100–299,7.0,False,True,1.0,1043.0,Bangkok,Greater Bangkok
4779960180,VISTRA SALMON FISH OIL 1000MG 20 capsules,Brain & Memory,99.0,<฿100,,False,False,,,Pathum Thani,Greater Bangkok
4779962907,วิตามินลดบวม ลดโซเดียม หุ่นเฟิร์ม แพค 30 เม็ด,Weight Management Value Sets,59.0,<฿100,147.0,False,True,18.0,8673.0,Bangkok,Greater Bangkok
4780039735,Clover Plus Meal Whey Protein ISOLATE มีล เวย์ โปรตีน รสชอคโกแลต 30 ซอง (30 กรัม) ฟรีแก้ว Clover Plus 1 ใบ,Mass Gainer,1470.0,"฿1,000+",,False,False,,,Bangkok,Greater Bangkok
4780062390,ชะ​ลอการ​หลั่ง PEINEILI ยาวนานถึง60นาที ของแท้100%,Sexual Health Vitamins,260.0,฿100–299,,False,False,,,Bangkok,Greater Bangkok
4780102283,วิตามินคุณนาย 15 วัน เวย์โปรตีนเพิ่มน้ำหนัก,Mass Gainer,88.0,<฿100,13.0,False,True,2.0,1144.0,Bangkok,Greater Bangkok
4780113095,Une S ยูเน่ เอส ผลิตภัณฑ์เสริมอาหารเพื่อลดน้ำหนัก 10 แคปซูล (1 กล่อง),Fat Blockers & Burners,199.0,฿100–299,,False,False,,,Pathum Thani,Greater Bangkok
4780133951,"Evlutionnutrition Agmatine750, 100serving",Pre-Workout,880.0,฿500–999,,False,False,,,Bangkok,Greater Bangkok
4780139290,[ โปร 3แถม3 ] สุดคุ้มได้ 6 กระปุก วีทกราส คลอโรฟิลล์ ไฟเบอร์ ดีท็อกลำไส้ ถ่ายง่ายไม่ปวดบิด ช่วยระบบขับถ่ายดี ขนาดใหญ่ 200 กรัม,Detoxification,1390.0,"฿1,000+",,False,False,,,Rayong,Other provinces
4780161363,DHC Multi Vitamin วิตามินรวม 60 วัน ช่วยบำรุงสุขภาพ ผิวพรรณให้สดใส Supplement マルチビタミン サプリメント,Multivitamins,178.0,฿100–299,7.0,False,True,3.0,1246.0,Bangkok,Greater Bangkok
4780163639,วิตามินเพิ่มน้ำหนักคลีนิค เวย์โปรตีนเพิ่มน้ำหนัก โปรตีนสูง80%,Mass Gainer,65.0,<฿100,134.0,False,True,14.0,8710.0,Unknown,Unknown
4780171624,"Ronnie Coleman Signature Series Pre XS (Green Apple) (30 Servings) RC Pre Workout Powder for Women and Men for Extreme Energy and Focus Supplement with Beta-Alanine, preworkout",Pre-Workout,1150.0,"฿1,000+",,False,False,,,Chumphon,Other provinces
4780193358,วิตามินเพิ่มน้ำหนักคุณนาย 15 วัน เวย์โปรตีนเพิ่มน้ำหนัก โปรตีนสูง80%,Mass Gainer,89.0,<฿100,8.0,False,True,,712.0,Unknown,Unknown
4780256612,บูม คอลลาเจนพลัส,Beauty Supplements Value Sets,890.0,฿500–999,,False,False,,,Bangkok,Greater Bangkok
4780327456,เวย์ whey protein Baam  เพิ่มกล้าม แท้100%,Mass Gainer,1790.0,"฿1,000+",,False,False,,,Lamphun,Other provinces
4780329961,WINK WHITE FIBBER VITC JELLY วิงค์ไวท์เจลลี่ไฟเบอร์ เจลลี่วิตซี เจลลี่คอลลาเจน collagen jelly ❤️💜🧡 แท้100%,Beauty Supplements Value Sets,149.0,฿100–299,,False,False,,,Ubon Ratchathani,Other provinces
4780370730,(พร้อมส่ง) CHALIEW YIZA triphala ผลิตภัณฑ์เสริมอาหารชนิดเม็ด 1 ซอง บรรจุ 3 เม็ด By AllGooddd,Fat Blockers & Burners,44.8,<฿100,,False,False,,,Khon Kaen,Other provinces
4780402742,🔥ส่งฟรี🔥 แคลเซียม  CAL-D-MAG 400 mg เพิ่มความสูง บำรุงข้อเข่า เสริมสร้างกระดูกให้แข็งแรง  บรรจุ 60 เม็ด 🔥สินค้าแท้ 100%🔥,Bone & Joint Support,186.0,฿100–299,,False,False,1.0,,Lamphun,Other provinces
4780405736,🔥ส่งฟรี🔥 แคลเซียม( 600 มิลลิกรัม ) กระดูกแข็งแรง ปวดข้อ ปวดเข่า ปวดกระดูก บรรจุ 60 เม็ด 🔥สินค้าแท้ 100%🔥,Bone & Joint Support,279.0,฿100–299,,False,False,2.0,,Lamphun,Other provinces
4780408520,🔥ส่งฟรี🔥 โคซานอล มัลติ แพลนท์ โอเมก้า 3 ออยล์ น้ำมันงาขี้ม่อน น้ำมันเมล็ดแฟลกซ์ วิตามินอี 🔥สินค้าแท้100%🔥,Well Being Gifts & Value Sets,165.0,฿100–299,,False,False,2.0,,Lamphun,Other provinces
4780415731,🔥ส่งฟรี🔥 Lecithin 30 แคปซูล ผสมแคโรทีนอยด์ Vitamin E บำรุงตับ ตับแข็ง ไขมันตับ ดื่มแอลกอฮอล์ บำรุงสมอง อ่อนเพลีย 🔥สินค้าแท้ 100%🔥,Well Being Gifts & Value Sets,279.0,฿100–299,,False,False,1.0,,Lamphun,Other provinces
4780418645,🔥ส่งฟรี🔥 คลอโรฟิลล์ ขับของเสีย ล้างสารพิษ CHLOROPHYLL ขับไขมัน ชนิดชงดื่ม 1 ซอง ผสมน้ำ 1.5 ลิตร 🔥สินค้าแท้ 100%🔥,Detoxification,120.0,฿100–299,,False,False,,,Lamphun,Other provinces
4780419588,🔥ส่งฟรี🔥 น้ำมันปลา Fish oil 100mg บำรุงสมองและระบบประสาท สมาธิ ไขมันดี ทานได้ทุกวัย 90 แคปซูล 🔥สินค้าแท้ 100%🔥,Brain & Memory,387.0,฿300–499,,False,False,1.0,,Lamphun,Other provinces
4780424401,(พร้อมส่ง) Sex it up 1 กล่อง 10 แคปซูล By AllGooddd,Fat Blockers & Burners,278.4,฿100–299,,False,False,,,Khon Kaen,Other provinces
4780440547,🔥ส่งฟรี🔥 Choline B วิตามินบีรวม ชามือ ชาเท้า นิ้วล็อค ปลายประสาท เหน็บชา สมอง ความจำเสื่อม โลหิตจาง ไขมันตับ อัลไซเมอร 🔥สินค้าแท้ 100%🔥,Brain & Memory,175.0,฿100–299,5.0,False,True,4.0,875.0,Lamphun,Other provinces
4780441468,🔥ส่งฟรี🔥 กระเทียมสกัด 400 มก บรรจุ 100 แคปซูล ลดคอเรสเตอรอล ไขมัน ความดัน น้ำตาลในเลือด ภูมิต้านทาน 🔥สินค้าแท้ 100%🔥,Heart & Blood Pressure,249.0,฿100–299,6.0,False,True,3.0,1494.0,Lamphun,Other provinces
4780446458,🔥ส่งฟรี🔥 น้ำมันปลา Fish oil 500mg บำรุงสมองและระบบประสาท สมาธิ ไขมันดี ทานได้ทุกวัย 50 แคปซูล 🔥สินค้าแท้ 100%🔥,Brain & Memory,139.0,฿100–299,,False,False,2.0,,Lamphun,Other provinces
4780448619,ELLY Coffee with Collagen เอลลี่ กาแฟ ผสม คอลลาเจน คุมหิว ผิวปิ๊ง หุ่นเป๊ะ,Fat Blockers & Burners,290.0,฿100–299,,False,False,,,Samut Prakan,Greater Bangkok
4780455430,🔥ส่งฟรี🔥 น้ำมันปลา Fish oil 500mg บำรุงสมองและระบบประสาท สมาธิ ไขมันดี ทานได้ทุกวัย 90 แคปซูล 🔥สินค้าแท้ 100%🔥,Brain & Memory,240.0,฿100–299,,False,False,1.0,,Lamphun,Other provinces
4780464371,🔥ส่งฟรี🔥 งาดำ สารสกัดเซซามิน เกรดพรีเมี่ยม เข้มข้นบรรจุ 60 แคปซูล พกพาสะดวก ทานง่าย ปวดข้อ ปวดเข่า 🔥สินค้าแท้ 100%🔥,Bone & Joint Support,540.0,฿500–999,,False,False,2.0,,Lamphun,Other provinces
4780516145,Kenki Curucumin Gummy เก็นคิ คุรุคุมิน กระปุกละ 60 เม็ด,Detoxification,2640.0,"฿1,000+",18.0,False,True,3.0,47520.0,Bangkok,Greater Bangkok
4780533103,คอลลาเจน ชงขาวมะเขือเทศ โทเมทอล Tomatal มะเขือเทศ3สี ผงชงขาว 🍅,Whitening,86.0,<฿100,,False,False,,,Ubon Ratchathani,Other provinces
4780549055,Kenki Curucumin Gummy เก็นคิ คุรุคุมิน 2 กระปุก กระปุกละ 60 เม็ด,Detoxification,1750.0,"฿1,000+",,False,False,,,Bangkok,Greater Bangkok
4780558083,ELLY Coffee with Collagen เอลลี่ กาแฟ ผสม คอลลาเจน คุมหิว ผิวปิ๊ง หุ่นเป๊ะ,Fat Blockers & Burners,715.0,฿500–999,,False,False,1.0,,Samut Prakan,Greater Bangkok
4780566813,EXP.2025🇯🇵DHC Daisu Isofura Bon (20/30Days) สารสกัดจากถั่วเหลือง ปรับสมดุลฮอร์โมนในร่างกาย ป้องกันสิว ลดรอยแดงสิว,Acne Care,258.0,฿100–299,,False,False,,,Bangkok,Greater Bangkok
4780579587,1 แถม 1 ยูเน่เอส มาดามดับเบิ้ลเอสพลัส 1 กล่อง มี 10 แคปซูล มีเก็บเงินปลายทาง,Fat Blockers & Burners,1250.0,"฿1,000+",,False,False,,,Phra Nakhon Si Ayutthaya,Other provinces
4780596266,(แพคคู่) Ensure เอนชัวร์ วานิลลา แบบถุงเติม ขนาด 800 กรัม (ถุงละ 400 กรัม จำนวน 2 ถุง),Immunity,750.0,฿500–999,,False,False,,,Songkhla,Other provinces
4780669829,โปรคุ้ม 4 แถม 1 Protriva Black Seeds โปรทิว่า แบล็คซีดส์ น้ำมันงาดำสกัดเย็นแท้ 100,Bone & Joint Support,1290.0,"฿1,000+",,False,False,,,Bangkok,Greater Bangkok
4780719158,Kirkland Signature Aid 96 Tablets * 2 bottle,Multivitamins,699.0,฿500–999,6.0,False,True,1.0,4194.0,Yala,Other provinces
4780774498,Vitamin B-Mix Persistent Type DHC ดีเอชซี วิตามินบีรวม (( 60 วัน)),Multivitamins,195.0,฿100–299,,False,False,,,Pathum Thani,Greater Bangkok
4780806879,Deproud ดีพราว Bio Multi C Lychee Blueberry Apple ไบโอมัลติซี,Beauty Supplements Value Sets,140.0,฿100–299,,False,False,,,Bangkok,Greater Bangkok
4780890732,แพ็คคู่ 2 กระปุก Dary vit Gluta One ดารี่ วิต กลูต้า วัน อาหารเสริมบำรุงผิวพรรณ สารสกัด แอล กลูตาไธโอน 30 แคปซูล/กระปุก,Whitening,169.0,฿100–299,,False,False,,,Bangkok,Greater Bangkok
4781074927,Devil Dark,Men's Health,1290.0,"฿1,000+",,False,False,,,Chachoengsao,Other provinces
4781095054,แพ็คคู่ 2 กระปุก Dary VIt Biotin Plus ดารี่ วิต ไบโอติน อาหารเสริม บำรุงเส้นผมและเล็บ 30 แคปซูล,Skin Nourishment,149.0,฿100–299,,False,False,1.0,,Bangkok,Greater Bangkok
4781118595,"Super Discount Nitric Oxide, L-Arginine รองรับพลังงาน - ปรับปรุงความทนทาน ประสิทธิภาพ ประสิทธิภาพ และมวลกล้ามเนื้อ",Mass Gainer,310.7,฿300–499,,False,False,,,Pathum Thani,Greater Bangkok
4781121912,Herbalifeโปรตีนรสช็อกโกแลต(ฉลากอังกฤษแท้100%),Meal Replacement,1350.0,"฿1,000+",,False,False,,,Bangkok,Greater Bangkok
4781128379,Calcium -D Mega We Care 20 Capsules Exp11/24,Bone & Joint Support,120.0,฿100–299,,False,False,,,Nonthaburi,Greater Bangkok
4781143160,Anlene เซตกระเป๋ามัมมี่ ช้อปปิ้ง แอนลีน แอคติฟิต สูตรเเคลเซียมเข้มข้น รสจืดไขมัน 0% (แพ็ค 4) 16x125 มล.,Immunity,229.0,฿100–299,7.0,False,True,1.0,1603.0,Chachoengsao,Other provinces
4781175622,Yoo Glow Shot Vitamin,Whitening,20.0,<฿100,,False,False,,,Bangkok,Greater Bangkok
4781189652,Yoo Glow Shot Vitamin,Whitening,20.0,<฿100,,False,False,,,Bangkok,Greater Bangkok
4781257371,Yoo Glow Shot Vitamin,Whitening,20.0,<฿100,,False,False,,,Bangkok,Greater Bangkok
4781268263,แพ็คคู่ 2 กระปุก Dary vit Gluta One + Dary Vit Vitamin C Complex อาหารเสริม สารสกัดจากแอล กลูตาไธโอนและวิตามินซี 30 แคปซูล/กระปุก,Whitening,159.0,฿100–299,,False,False,1.0,,Bangkok,Greater Bangkok
4781355596,[ส่งฟรี] MENA Collagen มีนา คอลลาเจน 1 ซอง มี 30 แคปซูล โปร 1 แถม 1,Skin Nourishment,200.0,฿100–299,38.0,False,True,1.0,7600.0,Samut Prakan,Greater Bangkok
4781427347,นาย่าคลอโรฟิลล์ชนิดน้ำเข้มข้น 100%,Detoxification,1900.0,"฿1,000+",,False,False,,,Nakhon Sawan,Other provinces
4781462416,N So S เอ็น โซ เอส 1กล่อง10 แคปซูล,Fat Blockers & Burners,120.0,฿100–299,24.0,False,True,,2880.0,Bangkok,Greater Bangkok
4781553613,โปรโมชั่น 5 กล่อง S Sure coffee กาแฟเป้ย กาแฟแม่เป้ย เอสชัวร์คอฟฟี่ เอสชัวร์โกโก้ จำนวน 5 กล่อง,Slimming Beverages,1345.0,"฿1,000+",,False,False,1.0,,Bangkok,Greater Bangkok
4781601248,S Sure coffee กาแฟเป้ย กาแฟแม่เป้ย เอสชัวร์คอฟฟี่ เอสชัวร์โกโก้,Slimming Beverages,269.0,฿100–299,,False,False,1.0,,Bangkok,Greater Bangkok
4781602328,วิตามินผิวใส  วิตามินลดสิว วิตามินเผาผลาญ แบรนด์ VANVELA  ผิวเนียน เผาผลาญ ลดสิว ผิวใส รับประกันของแท้  Lady Closet Store,Acne Care,339.0,฿300–499,,False,False,1.0,,Samut Prakan,Greater Bangkok
4781611221,BodyKey by NUTRILITE Amway Cafe Au Lait Flavour (โฉมใหม่) ขนาด714 G. รสกาแฟ สินค้าใหม่ การันตีของแท้,Meal Replacement,1020.0,"฿1,000+",,False,False,,,Chachoengsao,Other provinces
4781619881,House Wellness Nerunoda มีส่วนผสมgaba100mg ช่วยการผักผ่อน 10 days,Multivitamins,199.0,฿100–299,,False,False,,,Nonthaburi,Greater Bangkok
4781669125,วิตามินลดสิว วิตามินเผาผลาญ อาหารเสริม อาหารเสริมลดน้ำหนัก ลดสิว ผิวขาว วันเวลา Vanvela 1 แถม 1 ขนาด 10 แคปซูล 1 กล่อง สินค้าไม่ตรงปกเปลี่ยนฟรี Be-Us.Shop,Acne Care,390.0,฿300–499,,False,False,1.0,,Samut Prakan,Greater Bangkok
4781819444,Zenji C Plus วิตามินซี 1000 มก. จากสารสกัดธรรมชาติ 6 ชนิด (Vitamin C 1000 mg.),Immunity,289.0,฿100–299,9.0,False,True,0.0,2601.0,Bangkok,Greater Bangkok
4781841814,(1แถม2) NIKO Gluta นิโกะ กลูต้า คลอลาเจน ลดสิว ฝ้ากระ ผิวกระจ่างใส ปริมาณ 30 แคปซูล,Whitening,265.0,฿100–299,,False,False,,,Bangkok,Greater Bangkok
4781869618,SET ลดไว S3 SYN2 NATACHA ผลิตภัณฑ์อาหารเสริม,Fat Blockers & Burners,1788.0,"฿1,000+",,False,False,,,Nakhon Si Thammarat,Other provinces
4782046455,Gluta Collagen Acerola Cherry 30caps วิตามินซีสูง ผิวสว่าง กระจ่างใส,Whitening,299.0,฿100–299,,False,False,,,Nonthaburi,Greater Bangkok
4782097963,NEW- // แบ่งขาย // เวย์โปรตีน สูตรเพิ่มน้ำหนัก เพิ่มกล้ามเนื้อ (Mega Mass) - เวย์แบ่งขาย,Mass Gainer,609.0,฿500–999,,False,False,,,Bangkok,Greater Bangkok
4782101127,AGLAM ZINC อะแกลม ซินซี วิตามินสำหรับคนเป็นสิว,Acne Care,290.0,฿100–299,,False,False,,,Pathum Thani,Greater Bangkok
4782154816,NEW- VITAXTRONG MEGA MASS GAINER PRO WHEY PROTEIN 3 LBS เวย์โปรตีนสูตรเพิ่มน้ำหนัก/สร้างกล้ามเนื้อ FITWHEY,Mass Gainer,2614.0,"฿1,000+",,False,False,,,Bangkok,Greater Bangkok
4782185795,Aishitoto NMN GOLD 4500mg  ไอชิโตโต เอ็นเอ็มเอ็น โกลด์ เอ็นเอดีพลัส 30 เม็ด,Beauty Supplements Value Sets,4590.0,"฿1,000+",,False,False,,,Bangkok,Greater Bangkok
4782196675,Colla Zinc Plus C  คอลลา ซิง พลัส ซี คลอลาเจน,Acne Care,59.0,<฿100,,False,False,,,Khon Kaen,Other provinces
4782240165,YOUR Immu Omega ยัวร์ อิมมู โอเมก้า ผลิตภัณฑ์เสริมอาหารไซรัปสำหรับเด็ก 120 mL,Brain & Memory,350.0,฿300–499,,False,False,,,Si Sa Ket,Other provinces
4782270874,(ของแท้/พร้อมส่ง) DHC Vitamin C ขนาด 60 วัน / 120 เม็ด หมดอายุ : 01/2026,Skin Nourishment,109.0,฿100–299,5.0,False,True,,545.0,Bangkok,Greater Bangkok
4782322952,Life Extension Cognitex® Basics / 30 Softgels,Brain & Memory,770.0,฿500–999,,False,False,,,Nakhon Pathom,Greater Bangkok
4782326985,Life Extension PQQ (Pyrroloquinoline Quinone) 20 mg / 30 Vegetarian Capsules,Heart & Blood Pressure,790.0,฿500–999,,False,False,,,Nakhon Pathom,Greater Bangkok
4782338699,คอลลาเจน sensomeres plus,Beauty Supplements Value Sets,590.0,฿500–999,,False,False,,,Samut Sakhon,Greater Bangkok
4782350839,"Life Extension  Super Omega-3 EPA/DHA Fish Oil, Sesame Lignans & Olive Extract  / 120 Enteric-Coated Softgels",Brain & Memory,945.0,฿500–999,,False,False,1.0,,Nakhon Pathom,Greater Bangkok
4782371816,Life Extension Waistline Control™ / 60 Vegetarian Capsules,Heart & Blood Pressure,790.0,฿500–999,,False,False,1.0,,Nakhon Pathom,Greater Bangkok
4782411106,(ของแท้/พร้อมส่ง) DHC Vitamin C ขนาด 60 วัน / 120 เม็ด หมดอายุ : 02/2026,Skin Nourishment,109.0,฿100–299,69.0,False,True,,7521.0,Bangkok,Greater Bangkok
4782444394,LinLife ลีนไลฟ์ โปรตีนเจลลี่ [ลิ้นจี่] [10 ซอง] [1 กล่อง] Protein jelly โปรตีนซอง โปรตีนลดน้ำหนัก,Meal Replacement,349.0,฿300–499,,False,False,,,Samut Sakhon,Greater Bangkok
4782445538,"Bio-Quinone Q10 30 mg, Bio-Quinone Q10 100 mg",Heart & Blood Pressure,1570.0,"฿1,000+",,False,False,,,Samut Prakan,Greater Bangkok
4782452346,Life Extension  Liver Efficiency Formula / 30 Vegetarian Capsules,Detoxification,490.0,฿300–499,,False,False,,,Nakhon Pathom,Greater Bangkok
4782465270,Life Extension Super CLA Blend with Sesame Lignans / 120 Softgels,Fat Blockers & Burners,995.0,฿500–999,,False,False,,,Nakhon Pathom,Greater Bangkok
4782481692,ส่งฟรี มีโปร 2 แถม 1 Balance F - BLF บีแอลเอฟ ดีท็อกซ์ล้างลำไส้ ไฟเบอร์ แก้อาการท้องผูก อาหารเสริมที่มีกากใยอาหาร,Detoxification,590.0,฿500–999,,False,False,,,Bangkok,Greater Bangkok
4782524737,อากาเนะ ไลโค บริ้ง Akane Lyco Brink เสกผิวใส ลดสิว ผิวขาวภายใน 7 วัน,Whitening,350.0,฿300–499,,False,False,,,Bangkok,Greater Bangkok
4782556698,เวย์โปรตีนเพิ่มน้ำหนัก MEGA MASS 12Ib เพิ่มกล้าม เพิ่มน้ำหนัก,Mass Gainer,1499.0,"฿1,000+",,False,False,,,Roi Et,Other provinces
4782565398,ส่งฟรี มีโปร 2 แถม 1 Balance F - BLF บีแอลเอฟ ดีท็อกซ์ล้างลำไส้ ไฟเบอร์ แก้อาการท้องผูก อาหารเสริมที่มีกากใยอาหาร,Detoxification,590.0,฿500–999,,False,False,,,Bangkok,Greater Bangkok
4782620027,ผลิตภัณฑ์อาหารเสริมToma+Garcinia กู้ร่างพัง,Fat Blockers & Burners,1300.0,"฿1,000+",,False,False,,,Pathum Thani,Greater Bangkok
4782649057,Vitamin Supplements - บรรเทาอาการเครียด ปรับคลื่นสมอง ผ่อนคลาย เสริมสร้างภูมิคุ้มกัน,Multivitamins,219.0,฿100–299,31.0,False,True,9.0,6789.0,Bangkok,Greater Bangkok
4782715855,[ล๊อตใหม่] Garlic oil น้ำมันกระเทียมสกัดเข้มข้น 1500 mg 100 Softgel  EXP 02/26 NOWFOOD,Heart & Blood Pressure,299.0,฿100–299,,False,False,,,Nonthaburi,Greater Bangkok
4782729213,1แถม1 นิโกะเอส Niko S ผงบุกนิโกะ เอส รสลิ้นจี่ ขับถ่ายง่าย ไม่ปวดบิด บรรจุ 5 ซอง 200.-บาท,Digestive Care,250.0,฿100–299,121.0,False,True,1.0,30250.0,Bangkok,Greater Bangkok
4782758612,(ของแท้ถูกที่สุด) หมดอายุ 14/12/2024 Ensure เอนชัวร์ วานิลลา แบบถุงเติม ขนาด 1200 กรัม (ถุงละ 400 กรัม จำนวน 3 ถุง),Immunity,1099.0,"฿1,000+",5.0,False,True,2.0,5495.0,Songkhla,Other provinces
4782767623,[ส่งไว] Tongkat Ali 400 mg  ตงกัตอาลี รากปลาไหลเผือก 60 Capsules SOLARAY EXP10/26,Well Being Gifts & Value Sets,499.0,฿300–499,,False,False,,,Nonthaburi,Greater Bangkok
4782818254,Maxxlife Siluet Peptide 30 capsules ควบคุมน้ำหนัก บล็อกไขมัน,Fat Blockers & Burners,359.0,฿300–499,,False,False,,,Nonthaburi,Greater Bangkok
4782938032,Maxxlife V.A.M.P 300 (10 capsules),Men's Health,1120.0,"฿1,000+",,False,False,,,Nonthaburi,Greater Bangkok
4782941002,JP Whey โปรตีนพืช ลดไขมัน รสช้อคโกแลต ไอโซเลทโปรตีน ออร์แกนิก,Slimming Beverages,820.0,฿500–999,,False,False,1.0,,Phra Nakhon Si Ayutthaya,Other provinces
4783153929,Schiff Move Free Advanced Plus MSM with Glucosamine + Chondroitin Joint Supplements 120 Coated Tablets,Bone & Joint Support,799.0,฿500–999,,False,False,,,Bangkok,Greater Bangkok
4783196463,"OLLY Goodbye Stress Gummy, GABA, L-Theanine, Lemon Balm, Berry, 42 Ct วิตามินสำหรับคนวัยทำงานหนัก ล้า ต้องมี ทานได้ 42 วัน",Brain & Memory,1690.0,"฿1,000+",,False,False,,,Bangkok,Greater Bangkok
4783212954,กระเทียม บรรจุ 100 แคปซูล ตราบัวคำ,Heart & Blood Pressure,120.0,฿100–299,,False,False,,,Chonburi,Other provinces
4783299301,โปร 1แถม1 !!! DDC ACTIV H&N MAX GUMMY กัมมี่ บำรุงผมและเล็บ,Multivitamins,1690.0,"฿1,000+",9.0,False,True,2.0,15210.0,Lamphun,Other provinces
4783355469,โปร 5 แถม 5 ทานได้ทั้งครอบครัว  Yumiko collagen Puls ลุกก็โอย นั่งก็โอย ปวดข้อ ปวดเข่า ปวดหลัง ฝ้า ชะลอวัย,Bone & Joint Support,2190.0,"฿1,000+",,False,False,,,Nonthaburi,Greater Bangkok
4783372631,คอลลาเจนผัก  Yumiko Colly Veggie Collagen  คอลลาเจนไตรเปปไทด์  20000mg.1 กระปุก ลดปวด ผิวสวย,Bone & Joint Support,390.0,฿300–499,,False,False,,,Nonthaburi,Greater Bangkok
4783436826,เดลล่า เอส พลัส Della S Plus เดลล่าดีท็อกซ์ แบรนด์ซ้อฝัน ยาลดซ้อฝัน ลดน้ำหนัก 1 กล่อง 10 แคปซูล,Fat Blockers & Burners,117.0,฿100–299,,False,False,,,Bangkok,Greater Bangkok
4783521014,Mega We Care Lecithin 1200 mg. (100 แคปซูล) พัฒนาสมองและความจำ บำรุงตับ ลดไขมันโคเลสเตอรอล,Brain & Memory,249.0,฿100–299,,False,False,,,Samut Prakan,Greater Bangkok
4783561850,ชุดสวย ใส อ่อนวัย : 2-Collagen + 4-Vit C + 2-(4Greens) + 2-Redbeet แถมหวี SHER,Acne Care,5590.0,"฿1,000+",,False,False,2.0,,Chiang Mai,Other provinces
4783564882,[🌷ส่งฟรี] นิโกะกลูต้า กลูต้า นิโกะ ✨1 แถม1 NIKO Gluta กลูต้าผิวขาว,Whitening,290.0,฿100–299,,False,False,,,Nonthaburi,Greater Bangkok
4783681642,ผลิตภัณฑ์เสริมอาหาร คลอโรฟิลล ผสมวิตามินซี คลอโรฟิลล์ ซี-โอ ผสมวิตามินซี โอลิโกฟรุคโตส และสารสกัดจากแอปเปิ้ล,Detoxification,136.0,฿100–299,,False,False,1.0,,Bangkok,Greater Bangkok
4783721236,อากาเนะ ไลโคบริ้ง,Whitening,390.0,฿300–499,,False,False,,,Phetchaburi,Other provinces
4783782112,Omega3 Triple Strength Fish Oil โอเมก้า3 DHA EPA 60เม็ด,Heart & Blood Pressure,269.0,฿100–299,,False,False,,,Chonburi,Other provinces
4783798299,โรคไต uำ้เnลืo,Detoxification,120.0,฿100–299,,False,False,,,Lopburi,Other provinces
4783875681,ผลิตภัณฑ์เสริมอาหาร กระเทียมผงสกัดชนิดแคปซูล กระเทียมผงสกัด 400 มก. ชนิดแคปซูล 100 แคปซูล,Heart & Blood Pressure,300.0,฿300–499,5.0,False,True,2.0,1500.0,Bangkok,Greater Bangkok
4783920024,[โฉมใหม่][พร้อมส่ง] Blackmores(แบล็คมอร์) Biotin H+ 60 เม็ด [EXP.23/05/2024],Immunity,479.0,฿300–499,5.0,False,True,,2395.0,Chiang Mai,Other provinces
4783973241,Life  Extension  Zinc,Acne Care,345.0,฿300–499,,False,False,,,Nakhon Pathom,Greater Bangkok
4783973818,[3 ซอง] HandyHerb G Nite Gummy แฮนดี้เฮิร์บ จี ไนท์ กัมมี่ [4 ชิ้น] กลิ่นองุ่นเคียวโฮ เจลลี่นอนหลับ เยลลี่หลับสบาย,"Stress, Sleep, and Anxiety",93.0,<฿100,7.0,False,True,2.0,651.0,Pathum Thani,Greater Bangkok
4783985554,กระชายดำสกัด กิฟฟารีน กระชายดำ แมกซ์ พลัส+ Giffarine Krachai Dum Maxx Plus+,Men's Health,322.5,฿300–499,23.0,False,True,7.0,7417.5,Bangkok,Greater Bangkok
4783992346,HandyHerb G Nite Gummy แฮนดี้เฮิร์บ จี ไนท์ กัมมี่ [4 ชิ้น] กลิ่นองุ่นเคียวโฮ เจลลี่นอนหลับ เยลลี่หลับสบาย,"Stress, Sleep, and Anxiety",32.0,<฿100,13.0,False,True,4.0,416.0,Pathum Thani,Greater Bangkok
4784013352,ผลิตภัณฑ์ทดแทนมื้ออาหาร ลดน้ำหนัก ฟิตต์ มีล กิฟฟารีน  Fitt Meal by GIFFARINE,Meal Replacement,956.25,฿500–999,20.0,False,True,6.0,19125.0,Bangkok,Greater Bangkok
4784022638,"Creatine, EVLution Nutrition, Unflavored, 10.58 oz (300 g), Creatine Monohydrate",Pre-Workout,849.0,฿500–999,,False,False,,,Chonburi,Other provinces
4784049284,INNERA,Brain & Memory,790.0,฿500–999,,False,False,,,Pathum Thani,Greater Bangkok
4784110385,มีนา คอลลาเจน (1แถม1)❤️แน็กชาลี MENA COLLAGEN ผิวขาว ใส ลดสิว รอยดำแดง ริ้วรอย,Skin Nourishment,350.0,฿300–499,34.0,False,True,2.0,11900.0,Samut Prakan,Greater Bangkok
4784181316,SET เปิดใจ S2 SYN1 NATACHA ผลิตภัณฑ์อาหารเสริม,Fat Blockers & Burners,1188.0,"฿1,000+",,False,False,1.0,,Nakhon Si Thammarat,Other provinces
4784181430,SET ลดไว S3 SYN2 NATACHA ผลิตภัณฑ์อาหารเสริม,Fat Blockers & Burners,1788.0,"฿1,000+",,False,False,,,Nakhon Si Thammarat,Other provinces
4784209348,เอสชัวร์โกโก้ - SSURE COCOA เบิร์นไขมัน ลดพุงหมาน้อย,Slimming Beverages,330.0,฿300–499,,False,False,,,Ratchaburi,Other provinces
4784222376,Blackmores Marine Collagen Absolute แบลคมอร์ส มารีน คอลลาเจน แอปโซลูท (ผลิตภัณฑ์เสริมอาหาร) คอลลาเจน (14 แคปซูล/60แคปซูล) 1ขวด,Beauty Supplements Value Sets,137.0,฿100–299,,False,False,,,Bangkok,Greater Bangkok
4784241645,[ X6 ขวด  ] พิ้งค์ กลูต้า คอลลาเจน (ขนาด 100 มล.),Whitening,120.0,฿100–299,,False,False,,,Bangkok,Greater Bangkok
4784293924,*พร้อมส่ง* ชาYerba Mate เซ็ตละ10ซอง ชาลดไขมัน หรือดื่มก่อนออกกำลังกายช่วยเผาผลาญมากขึ้น,Slimming Beverages,80.0,<฿100,,False,False,2.0,,Uttaradit,Other provinces
4784309981,(1ขวด) ของแท้!! มะระขี้นก พลัส ใบมะรุม ตรา รักษ์เฮิร์บ ลดเบาหวาน ความดัน ไขมันสูง มีอย. บรรจุขวดละ 80 เม็ด เข้มข้น,Heart & Blood Pressure,200.0,฿100–299,,False,False,,,Nakhon Pathom,Greater Bangkok
4784314635,Scivation XTEND BCAA - 90 Servings,Mass Gainer,2150.0,"฿1,000+",7.0,False,True,2.0,15050.0,Nakhon Si Thammarat,Other provinces
4784328680,เจลลี่นอนหลับ HandyHerb G Nite Gummy แฮนดี้เฮิร์บ จี ไนท์ กัมมี่ [4 ชิ้น] กลิ่นองุ่นเคียวโฮ เยลลี่หลับสบาย,"Stress, Sleep, and Anxiety",32.0,<฿100,,False,False,,,Pathum Thani,Greater Bangkok
4784464335,AGLAM COLLCERA อะแกลม คอลเซร่า วิตามินสำหรับคนผิวคล้ำเสีย,Skin Nourishment,290.0,฿100–299,,False,False,,,Pathum Thani,Greater Bangkok
4784478530,เจลลี่นอนหลับ HandyHerb G Nite Gummy แฮนดี้เฮิร์บ จี ไนท์ กัมมี่ [2 ซอง] กลิ่นองุ่นเคียวโฮ เยลลี่หลับสบาย,"Stress, Sleep, and Anxiety",62.0,<฿100,,False,False,1.0,,Pathum Thani,Greater Bangkok
4784515027,DHC​ Natto นัตโตะ (30 วัน) รูปแบบแคปซูล รับประทานง่าย ไม่มีกลิ่น,Multivitamins,395.0,฿300–499,,False,False,,,Pathum Thani,Greater Bangkok
4784518851,(ราคาต่อซอง) โซเอ้ แอปเปิ้ลไซเดอร์ เวนิก้า ZOE FIBER APPLE CIDER VINEGAR 50g.,Digestive Care,119.0,฿100–299,,False,False,,,Bangkok,Greater Bangkok
4784565259,เจลลี่นอนหลับ HandyHerb G Nite Gummy แฮนดี้เฮิร์บ จี ไนท์ กัมมี่ [4 ซอง] กลิ่นองุ่นเคียวโฮ เยลลี่หลับสบาย,"Stress, Sleep, and Anxiety",120.0,฿100–299,,False,False,,,Pathum Thani,Greater Bangkok
4784573157,Vicks ZzzQuil Nighttime Sleep-aid 24 LiquiCaps,Brain & Memory,750.0,฿500–999,,False,False,1.0,,Bangkok,Greater Bangkok
4784604056,Niko S Fiber นิโกะ เอส ไฟเบอร์1 ห่อ มี 5ซอง (1แถม1),Slimming Beverages,200.0,฿100–299,,False,False,,,Nakhon Sawan,Other provinces
4784604846,Primeval Labs Creatine 300g,Mass Gainer,790.0,฿500–999,,False,False,,,Nakhon Si Thammarat,Other provinces
4784617490,Reejunna รีจูนน่า กลูต้าเม็ดเคี้ยว รีจูน่าปรับผิวขาว กระจ่างใส ลดสิว ผิวชุ่มชื่น อาหารเสริม ลดรอยดำ ผิวขาว,Whitening,69.0,<฿100,,False,False,,,Pathum Thani,Greater Bangkok
4784661030,ดีท็อกซ์ ของแท้ พร้อมส่ง,Digestive Care,69.0,<฿100,,False,False,,,Phuket,Other provinces
4784695120,Suphab Osod Fish Oil สุภาพโอสถ น้ำมันปลา จำนวน 2 กระปุก (บรรจุ 200 แคปซูล / กระปุก) By TrueShopping,Brain & Memory,990.0,฿500–999,,False,False,,,Samut Prakan,Greater Bangkok
4784714753,สมุนไพรจินดามณี(ซองเหลือง),Herbs & Traditional Medicine,42.0,<฿100,59.0,False,True,7.0,2478.0,Loei,Other provinces
4784724496,โซนิ เอ็นคิว  (ของแท้),Fat Blockers & Burners,290.0,฿100–299,,False,False,,,Ratchaburi,Other provinces
4784741362,(ส่งฟรี) คอลลาเจนเพียว พลัส ยูมิโกะ 200 กรัม ไม่มีรสชาติ ไม่มีกลิ่นคาว ไม่แต่งสี,Well Being Gifts & Value Sets,590.0,฿500–999,,False,False,,,Chiang Mai,Other provinces
4784743860,Balance Y - BLY จัดส่งฟรี มีโปร 2 แถม 1 ผลิตภัณฑ์เสริมอาหารสำหรับผู้หญิง ลดอาการปวดประจำเดือน ชนิดแคปซูล 10/กล่อง,Sexual Health Vitamins,690.0,฿500–999,,False,False,,,Bangkok,Greater Bangkok
4784751608,สมุนไพรจินดามณี(ซองขาว),Herbs & Traditional Medicine,42.0,<฿100,25.0,False,True,,1050.0,Loei,Other provinces
4784760673,สมุนไพรสูตรโบราณจินดามณี(ซองขาว),Herbs & Traditional Medicine,42.0,<฿100,83.0,False,True,7.0,3486.0,Loei,Other provinces
4784778381,สมุนไพรจินดามณี(ซองเหลือง),Herbs & Traditional Medicine,42.0,<฿100,18.0,False,True,,756.0,Loei,Other provinces
4784802175,สมุนไพรสูตรโบราณจินดามณี(ซองเหลือง),Herbs & Traditional Medicine,42.0,<฿100,5.0,False,True,,210.0,Loei,Other provinces
4784811172,สมุนไพนสูตรโบราณจินดามณี(ซองขาว),Herbs & Traditional Medicine,42.0,<฿100,15.0,False,True,,630.0,Loei,Other provinces
4784814261,สมุนไพรจินดามณี(ซองขาว),Herbs & Traditional Medicine,42.0,<฿100,75.0,False,True,5.0,3150.0,Loei,Other provinces
4784824594,Nature Tea unicity เนเจอร์ที ยูนิซิตี้,Slimming Beverages,775.0,฿500–999,5.0,False,True,2.0,3875.0,Chiang Rai,Other provinces
4784831642,Nature Tea เนเจอร์ที,Slimming Beverages,775.0,฿500–999,,False,False,,,Chiang Rai,Other provinces
4784863374,โซ นิ เอ็นคิว SO NI NQ วิตามินลดบวม,Weight Management Value Sets,150.0,฿100–299,,False,False,,,Phuket,Other provinces
4784912020,ROOM COFFEE 2 ห่อ / 1ห่อ 10 ซอง ( รูม คอฟฟี่ ) กาแฟ เพื่อคนรักสุขภาพ กาแฟ เพื่อคนรักสุขภาพ คอเลสเตอรอล 0% กาแฟสุขภาพ กาแฟลดหุ่น กาแฟหุ่นสวย,Fat Blockers & Burners,299.0,฿100–299,,False,False,,,Phetchaburi,Other provinces
4784915838,Pharma Nord Bio Quinone Q10 ฟาร์มานอร์ด ไบโอ ควิโนน คิวเท็น 30 มิลลิกรัม 60 แคปซูล,Heart & Blood Pressure,976.0,฿500–999,,False,False,,,Bangkok,Greater Bangkok
4784922443,สมุนไพรพื้นบ้านจินดามณี (ซองสีเหลือง),Herbs & Traditional Medicine,43.0,<฿100,59.0,False,True,1.0,2537.0,Loei,Other provinces
4784924796,Nature Dream Live Lactobacillus 19 โพรไบโอติกส์,Digestive Care,165.0,฿100–299,,False,False,,,Bangkok,Greater Bangkok
4784948106,กลูต้า PER GLUTA PLUS,Whitening,1290.0,"฿1,000+",,False,False,,,Ratchaburi,Other provinces
4784970957,Aiko Calcium ไอโกะ วิตามินแคลเซียมเพิ่มความสูง บำรุงกระดูก จากประเทศญี่ปุ่น ขนาด50แคปซูล (ของแท้100เปอร์เซ็น),Bone & Joint Support,235.0,฿100–299,,False,False,1.0,,Chiang Mai,Other provinces
4784975960,Aiko Calcium ไอโกะ วิตามินแคลเซียมเพิ่มความสูง บำรุงกระดูก จากประเทศญี่ปุ่น ขนาด50แคปซูล (ของแท้100เปอร์เซ็น),Bone & Joint Support,235.0,฿100–299,,False,False,,,Chiang Mai,Other provinces
4784979346,จิ่วเจิ้งปู่เซินเจียวหนัง 6 Capsules ยาสามัญประจำบ้าน,Herbs & Traditional Medicine,249.0,฿100–299,,False,False,,,Khon Kaen,Other provinces
4784981116,PAN PLUS,Beauty Supplements Value Sets,290.0,฿100–299,,False,False,,,Roi Et,Other provinces
4785016451,คอลลาเจนพลัส+ผัก โปรคู่ขายดี,Beauty Supplements Value Sets,590.0,฿500–999,,False,False,,,Chiang Rai,Other provinces
4785034579,ส่งฟรี โปรพิเศษ 2 แถม 1 ของแท้ 100% BetaLiv (เบต้าลีฟ) ผลิตภัณฑ์เสริม อาหาร พร้อมส่ง 1 กล่อง บรรจุ 10 เม็ด #betaliv #เบต้าลิฟ My Hart Healthy,Detoxification,1390.0,"฿1,000+",,False,False,,,Bangkok,Greater Bangkok
4785049659,วิตามินเพิ่มน้ำหนักคลินิค,Multivitamins,50.0,<฿100,,False,False,,,Bangkok,Greater Bangkok
4785063672,Glucerna SR Triple care (400g.) กลูเซอนา เอสอาร์ ทริปเปิ้ลแคร์ ถุงเติม,Nutritional Foods & Drinks,449.0,฿300–499,9.0,False,True,1.0,4041.0,Samut Prakan,Greater Bangkok
4785084345,นิภา คอลลาเจน,Bone & Joint Support,249.0,฿100–299,,False,False,,,Nakhon Ratchasima,Other provinces
4785119453,สมุนไพรพื้นบ้าน จินดามณี (ซองสีขาว),Herbs & Traditional Medicine,43.0,<฿100,35.0,False,True,4.0,1505.0,Loei,Other provinces
4785127511,ของแท้ พร้อมส่ง เซตทดลอง  MMC วิตามินบรรเทาริดสีดวง  (30 แคปซูล/กระปุก) ใช้บรรเทาริดสีดวง ออร์แกนิก ผู้ใหญ,Digestive Care,97.0,<฿100,,False,False,,,Nonthaburi,Greater Bangkok
4785143423,อากาเนะ ไลโค บริ้ง Akane Lyco Brink เสกผิวใส ลดสิว ผิวขาวภายใน 7 วัน,Whitening,350.0,฿300–499,,False,False,,,Bangkok,Greater Bangkok
4785187230,Vaiva Pichbe by Pichlook วิตามินสูตรเกาหลี ไวว่า พิชลุค พิชบี Vaiva วิตามินผิว วิตามินคุมหิว,Whitening,595.0,฿500–999,20.0,False,True,1.0,11900.0,Samut Prakan,Greater Bangkok
4785189007,Detox ญี่ปุ่น Health Dietary เม็ดชมพู 1กล่อง400เม็ด,Digestive Care,450.0,฿300–499,6.0,False,True,,2700.0,Phuket,Other provinces
4785196645,กาแฟแจ่มใส 1 แถม 1 สมุนไพรมากถึง 22 ชนิด คุมหิว อิ่มนาน ไม่มีน้ำตาล ลดทานจุกจิก ท้าให้ลอง !!,Slimming Beverages,199.0,฿100–299,13.0,False,True,6.0,2587.0,Nan,Other provinces
4785201313,ของแท้💯น้ำมันมะพร้าวสกัดเย็น แบรนด์เนเจอร์(60 แคปซูล )มะพร้าวของแท้,Well Being Gifts & Value Sets,115.0,฿100–299,,False,False,,,Nonthaburi,Greater Bangkok
4785248109,สมุนไพรพื้นบ้านจินดามณี (ซองสีขาว),Herbs & Traditional Medicine,40.0,<฿100,10.0,False,True,1.0,400.0,Loei,Other provinces
4785253476,"[เข้มข้น] TRIBULUS 1,000 mg  โคกกระสุน 60 เม็ด California Gold Nutrition  EXP 07/25",Mass Gainer,499.0,฿300–499,,False,False,,,Nonthaburi,Greater Bangkok
4785307996,SET 4 ซอง พริ้วอาร์เอ็ม สูตรใหม่พิเศษจาก MAYA RM ของแท้ 100% ทานได้ 2 เดือน,Fat Blockers & Burners,1100.0,"฿1,000+",,False,False,,,Pathum Thani,Greater Bangkok
4785312530,DW FitPro Protein โปรตีนกู้ร่าง Mixberry ลีนไขมัน บำรุงผิว ลดน้ำหนัก 1 กล่อง 7 ซอง,Meal Replacement,645.0,฿500–999,,False,False,,,Pathum Thani,Greater Bangkok
4785324680,Balance P - BLP อาหารเสริมช่วยบำรุงสุขภาพ ช่วยเบาหวาน ความดัน หัวใจ บำรุงปลายประสาท ระบบหมุนเวียนเลือดในร่างกาย,Heart & Blood Pressure,990.0,฿500–999,,False,False,,,Samut Prakan,Greater Bangkok
4785345256,Detox ญี้ปุ่น Health Dietary  Japan Quality,Digestive Care,450.0,฿300–499,,False,False,1.0,,Phuket,Other provinces
4785356770,ลาเซีย ซีโร่ DW LACEA ZIRO ผลิตภัณฑ์ เสริมอาหาร 1 กล่อง มี 10 แคปซูล,Fat Blockers & Burners,1200.0,"฿1,000+",,False,False,,,Pathum Thani,Greater Bangkok
4785372094,✨New✨ส่งฟรี Amino Plus อะมิโน พลัส  สูตรเพิ่มกล้ามเนื้อ สูตรใหม่,Mass Gainer,890.0,฿500–999,,False,False,,,Chonburi,Other provinces
4785471230,Per Peach Fiber (7 ซอง),Slimming Beverages,275.0,฿100–299,,False,False,,,Buri Ram,Other provinces
4785624709,Swisse Beauty Collagen + Hyaluronic Acid Booster 80 Tablets,Skin Nourishment,750.0,฿500–999,,False,False,,,Phatthalung,Other provinces
4785729406,เบื่ออาหาร วิตามินเพิ่มน้ำหนัก ช่วยได้,Multivitamins,79.0,<฿100,,False,False,,,Maha Sarakham,Other provinces
4785864260,[ยกแพ็ค 6 ขวด] ยาธาตุน้ำแดง ยาธาตุ 4 ตรากิเลน 180 มล. [ยาสามัญประจำบ้าน],Herbs & Traditional Medicine,210.0,฿100–299,,False,False,,,Chumphon,Other provinces
4785884939,โปรตีน Fitt Meal by Giffarine✨ ผลิตภัณฑ์ทดแทนมื้ออาหาร อาหารควบคุมหรือลดน้ำหนัก,Meal Replacement,1680.0,"฿1,000+",,False,False,,,Samut Prakan,Greater Bangkok
4785912087,AGLAM ASTRA Q10 อะแกลม แอสตร้าคิวเท็น วิตามินสำหรับคนเป็นฝ้า กระ,Skin Nourishment,290.0,฿100–299,7.0,False,True,1.0,2030.0,Pathum Thani,Greater Bangkok
4785948725,กลูต้าวีวี่ วีวี่ โซล กลูต้าผิวขาว VEVY ZOL GLUTA MAX,Whitening,189.0,฿100–299,,False,False,,,Bangkok,Greater Bangkok
4786006243,[6 ซอง] HandyHerb Fiber Flow แฮนดี้เฮิร์บ ไฟเบอร์ โฟลว์ [4 ชิ้น] กลิ่นแอปเปิ้ลเขียว เยลลี่ไฟเบอร์,Digestive Care,168.0,฿100–299,42.0,False,True,1.0,7056.0,Pathum Thani,Greater Bangkok
4786006707,กลูเซอร์น่า เอสอาร์ 400 กรัม สำหรับผู้ป่วยเบาหวาน โปรตีนผู้ป่วยเบาหวาน นมผู้ป่วยเบาหวานอาหารทางการแพทย์,Nutritional Foods & Drinks,523.0,฿500–999,,False,False,,,Phitsanulok,Other provinces
4786014098,HandyHerb Fiber Flow แฮนดี้เฮิร์บ ไฟเบอร์ โฟลว์ [4 ชิ้น] กลิ่นแอปเปิ้ลเขียว เยลลี่ไฟเบอร์,Digestive Care,30.0,<฿100,6.0,False,True,2.0,180.0,Pathum Thani,Greater Bangkok
4786029999,seres  Cal-type2บำรุงกระดูกและข้อ รักษาข้อเสื่อม Seres Cal-type2 เซเรส แคล-ไทป์2 (Calcium L threonate+ UC II ) ของแท้100,Bone & Joint Support,195.0,฿100–299,,False,False,2.0,,Bueng Kan,Other provinces
4786048097,[3 ซอง] HandyHerb Fiber Flow แฮนดี้เฮิร์บ ไฟเบอร์ โฟลว์ [4 ชิ้น] กลิ่นแอปเปิ้ลเขียว เยลลี่ไฟเบอร์,Digestive Care,87.0,<฿100,,False,False,,,Pathum Thani,Greater Bangkok
4786100544,กัมมี่ไฟเบอร์ HandyHerb Fiber Flow แฮนดี้เฮิร์บ ไฟเบอร์ โฟลว์ [4 ชิ้น] กลิ่นแอปเปิ้ลเขียว เยลลี่ไฟเบอร์,Digestive Care,29.0,<฿100,,False,False,,,Pathum Thani,Greater Bangkok
4786154909,จินดามณี 10ซอง 409บาท,Herbs & Traditional Medicine,409.0,฿300–499,,False,False,1.0,,Loei,Other provinces
4786168947,"Doctor's Best, High Absorption CoQ10 , 100 Mg, 120 softgel,Coq10,q10,coenzzymeq10,co,enzyme.โคเอนเซม์คิวเท็น,โคคิวเท็น,ดอกเตอร์เบส,Doctor Best,doctor,best,เอนไซม์,enzyme,โคคิวเทน,",Heart & Blood Pressure,825.0,฿500–999,,False,False,,,Nakhon Sawan,Other provinces
4786173990,[✅พร้อมส่งจ้า] ดีท็อกซ์ ลูกปัด Lukpad Detox by clean herb (1ซอง 20เม็ด),Fat Blockers & Burners,19.0,<฿100,,False,False,,,Bangkok,Greater Bangkok
4786175081,Sharisma Travelpack (ชาริชมา) 1 กล่อง + SharisRelax (ชาริชรีแลกซ์) 1 ซองซิป,"Stress, Sleep, and Anxiety",1075.0,"฿1,000+",,False,False,,,Bangkok,Greater Bangkok
4786199064,กัมมี่ไฟเบอร์ HandyHerb Fiber Flow แฮนดี้เฮิร์บ ไฟเบอร์ โฟลว์ [2 ซอง] กลิ่นแอปเปิ้ลเขียว เยลลี่ไฟเบอร์,Digestive Care,56.0,<฿100,,False,False,,,Pathum Thani,Greater Bangkok
4786273825,ลาเซีย ซีโร่ DW LACEA ZIRO ผลิตภัณฑ์ เสริมอาหาร 1 กล่อง มี 10 แคปซูล,Fat Blockers & Burners,1200.0,"฿1,000+",,False,False,,,Pathum Thani,Greater Bangkok
4786363017,แท้100%  เจนนิต้า จากบริษัท วิตามิน ดูแล ผู้หญิง 1 กระปุก 30 แคปซูล,Women's Health,500.0,฿500–999,,False,False,,,Bangkok,Greater Bangkok
4786393566,Blackmores Folate 50 mcg 90 Tablet คุณแม่ตั้งครรภ์หรือเตรียมพร้อมตั้งครรภ์,Women's Health,275.0,฿100–299,,False,False,,,Nonthaburi,Greater Bangkok
4786461730,DW Collarose Cherry Collagen คอลลาโรส คอลลาเจน ดีดับบลิว 1 กระปุกมี 60 แคปซูล ของแท้100%,Whitening,790.0,฿500–999,,False,False,,,Pathum Thani,Greater Bangkok
4786580579,นครินทร์ AS Jel เจลให้ความชุ่มชื้นในช่องปาก 60 กรัม เยลลี่กลิ่นน้ำผึ้งเลมอน ผู้สูงวัย ปากแห้ง น้ำลายน้อย น้ำลายเทียม ลดอาการแสบร้อนในปาก,Nutritional Foods & Drinks,75.0,<฿100,,False,False,2.0,,Bangkok,Greater Bangkok
4786600934,🍧 พร้อมส่ง 🍧Lacto Fit Prebiotic Probiotic Detox แลคโตฟิต ปรับสมดุลลำไส้,Digestive Care,429.0,฿300–499,,False,False,,,Samut Prakan,Greater Bangkok
4786647505,[PRE-SALE] Glucerna SR กลูเซอนา เอสอาร์ วานิลลา 850 กรัม 3 กระป๋อง FREE Anitech เตาปิ้งย่างและสุกี้+กล่อง Superlock 900 มล.,Immunity,4068.0,"฿1,000+",,False,False,1.0,,Samut Prakan,Greater Bangkok
4786649565,[PRE-SALE] Glucerna SR กลูเซอนา เอสอาร์ วานิลลา 850 กรัม 3 กระป๋อง FREE เครื่องปั่นอเนกประสงค์ + ปิ่นโต 3 ชั้น,Immunity,4068.0,"฿1,000+",,False,False,1.0,,Samut Prakan,Greater Bangkok
4786777699,🎌 DHC Collagen คอลลาเจน บำรุงผิว เล็บ รากผม ของแท้จากญี่ปุ่น コラーゲン,Whitening,399.0,฿300–499,,False,False,,,Bangkok,Greater Bangkok
4786858244,Six Star Explosion Ripped Pre Workout​ Watermelon(30serving​s)​,Pre-Workout,1359.0,"฿1,000+",,False,False,,,Bangkok,Greater Bangkok
4786883639,BetaLiv (เบต้าลีฟ) 1 กล่อง  อาหารเสริมบำรุงตับ ตับอักเสบ ตับแข็ง ไขมันพอกตับ บรรจุ 10 เม็ด,Detoxification,480.0,฿300–499,,False,False,1.0,,Chiang Mai,Other provinces
4786893340,🎌 DHC Diet Power ลดน้ำหนัก เผาผลาญ สลายไขมัน คาร์โบไฮเดรต ของแท้จากญี่ปุ่น ダイエットパワー,Fat Blockers & Burners,449.0,฿300–499,,False,False,1.0,,Bangkok,Greater Bangkok
4786932058,(ใหม่/ส่งฟรี)มานา โปรลีน Mana Prolean แอลคาร์นิทีน รสช็อกโกแลต 3 กล่อง (1กล่อง มี 10 ซอง) มานาโปรลีน โปรตีนจากพืช เวย์โปรตีน โปรตีนเชค (VA/MA/BA),Weight Management Value Sets,1650.0,"฿1,000+",,False,False,,,Pathum Thani,Greater Bangkok
4786953001,(ใหม่/ส่งฟรี)มานา โปรลีน Mana Prolean แอลคาร์นิทีน รสช็อกโกแลต 3 กล่อง (1กล่อง มี 10 ซอง) มานาโปรลีน โปรตีนจากพืช เวย์โปรตีน โปรตีนเชค (CO/ST/BA),Weight Management Value Sets,1650.0,"฿1,000+",,False,False,,,Pathum Thani,Greater Bangkok
4786981345,🎌 DHC Daisu isofura bon ลดสิวฮอร์โมน ปรับสมดุลฮอร์โมนเพศหญิง ลดรอยแดงจากสิว ของแท้จากญี่ปุ่น 大豆イソフラボン 吸収型,Women's Health,259.0,฿100–299,,False,False,,,Bangkok,Greater Bangkok
4786984050,🎌 DHC Forslean โฟสลีน เผาผลาญไขมันสะสม ช่วยระบบขับถ่าย ของแท้จากญี่ปุ่น フォースコリー,Digestive Care,899.0,฿500–999,,False,False,,,Bangkok,Greater Bangkok
4787008247,Posh Medica Fiber พอช ไฟเบอร์ ซี เสาวรส 6 ซอง [1 กล่อง] สีม่วง,Digestive Care,178.0,฿100–299,,False,False,,,Bangkok,Greater Bangkok
4787034521,🎌 DHC Vitamin B-MIX วิตามินบีรวม ป้องกันสิว ลดสิว บำรุงระบบประสาท ของแท้จากญี่ปุ่น ビタミンBミックス 徳用,Acne Care,135.0,฿100–299,,False,False,,,Bangkok,Greater Bangkok
4787035231,🎌 DHC Mixed Vegetable Premium ผักรวม 32ชนิด สำหรับผู้ที่ไม่ชอบทานผัก ของแท้จากญี่ปุ่น 野菜 プレミアム,Nutritional Foods & Drinks,249.0,฿100–299,,False,False,1.0,,Bangkok,Greater Bangkok
4787039314,🎌 DHC Platinum Nano บำรุงผิวข่วกระจ่างใส ป้องกันUV ของแท้จากญี่ปุ่น 白金ナノコロイド,Whitening,299.0,฿100–299,,False,False,1.0,,Bangkok,Greater Bangkok
4787098939,โกโก้คุมหิว,Slimming Beverages,330.0,฿300–499,,False,False,,,Chiang Rai,Other provinces
4787122452,เพอร์ไบโอติคไฟเบอร์ปนันชิตา,Detoxification,490.0,฿300–499,,False,False,,,Bangkok,Greater Bangkok
4787125031,แอนลีน โททอล 10 กลิ่นวานิลลา Anlene Total 10 800g,Bone & Joint Support,675.0,฿500–999,,False,False,1.0,,Chonburi,Other provinces
4787161067,🎌 DHC Vitamin B-Mix Persistent วิตามินบีรวม แบบละลายช้า ดูดซึมได้ดีขึ้น ลดสิว บำรุงประสาท ของแท้จากญี่ปุ่น 持続型ビタミンBミックス,Acne Care,149.0,฿100–299,,False,False,,,Bangkok,Greater Bangkok
4787200646,มาลิเนส แอลกลูต้าคอลลาเจน Malinest L-Gluta 1 ซอง 15 แคปซูล,Skin Nourishment,65.0,<฿100,,False,False,,,Bangkok,Greater Bangkok
4787241271,MY COCO PLUS ผงมะพร้าว MCT ช็อคโกแลต PEER BCAA Oil Powder,Meal Replacement,299.0,฿100–299,,False,False,,,Bangkok,Greater Bangkok
4787269927,📣🇰🇷(พร้อมส่งแบบซอง)กาแฟ Nutri D-Day ลดหุ่นคุมหิวเผาพลาญไขมันส่วนเกิน,Slimming Beverages,13.0,<฿100,60.0,False,True,11.0,780.0,Pathum Thani,Greater Bangkok
4787298119,แถมช้อนสกู๊ปฟรี!! Mass gainer ขนาด 1Ib (1ปอนด์ 1 ถุง) เพิ่มน้ำหนัก และเพิ่มกล้ามเนื้อ,Mass Gainer,99.0,<฿100,6.0,False,True,2.0,594.0,Roi Et,Other provinces
4787335176,เอสชัวร์กาแฟ กาแฟคุมหิว,Slimming Beverages,330.0,฿300–499,,False,False,0.0,,Chiang Rai,Other provinces
4787350710,อารี-โอรี่ สมุนไพรสำหรับผู้หญิง อารี โอรี่ 30 แคปซูล,Women's Health,389.0,฿300–499,,False,False,,,Sa Kaeo,Other provinces
4787400694,"JNX THE CURSE! NON-STIM PUMPS , CAFFEINE FREE  Pre-Workout 20 Servings เพิ่มแรง เพิ่มพลัง ก่อนออกกำลังกาย ปราศจากคาเฟอีน",Pre-Workout,1299.0,"฿1,000+",,False,False,,,Chiang Rai,Other provinces
4787506613,กลูต้าไธโอน Glutathione กลูต้า บำรุงผิว ผิวขาว สูตรเข้มข้น2000mg 1ขวด 60แคปซูล,Whitening,560.0,฿500–999,,False,False,,,Samut Prakan,Greater Bangkok
4787518367,(ของแท้ถูกที่สุด) หมดอายุ 14/12/2024 Ensure เอนชัวร์ วานิลลา ถุงเติม 400 กรัม 1 ถุง,Immunity,370.0,฿300–499,,False,False,,,Songkhla,Other provinces
4787560154,Colosure โคลอชัวร์ ผลิตภัณฑ์เสริมอาหารครบ 5 หมู่ มีโคลอสตรุ้ม ไขมันต่ำ ไม่เติมน้ำตาลทราย กลิ่นวานิลลา,Well Being Gifts & Value Sets,1090.0,"฿1,000+",,False,False,,,Samut Prakan,Greater Bangkok
4787582300,(แพคคู่) Ensure เอนชัวร์ วานิลลา แบบถุงเติม ขนาด 800 กรัม (ถุงละ 400 กรัม จำนวน 2 ถุง),Immunity,750.0,฿500–999,,False,False,2.0,,Songkhla,Other provinces
4787625184,"MAX GLUTA-L (แม็กซ์ กลูต้า-แอล) 1,000 mg สูตรเข้มข้น กลูต้า เร่งผิวสว่างใสขึ้น 2 เท่า บำรุงสุขภาพดีขึ้น ปริมาณ 30 แคปซูล/กระปุก",Whitening,550.0,฿500–999,,False,False,,,Samut Prakan,Greater Bangkok
4787642099,(ของแท้ถูกที่สุด) หมดอายุ 14/12/2024 Ensure เอนชัวร์ วานิลลา แบบถุงเติม ขนาด 1200 กรัม (ถุงละ 400 กรัม จำนวน 3 ถุง),Immunity,1099.0,"฿1,000+",,False,False,,,Songkhla,Other provinces
4787648253,Montalin มอนตาลิน สมุนไพร (ของแท้💯%) แดงล้วน นำเข้าเองขายเอง ไม่แท้ยินดีคืนเงิน,Herbs & Traditional Medicine,195.0,฿100–299,,False,False,1.0,,Bangkok,Greater Bangkok
4787656302,Montalin มอนตาลิน สมุนไพร (ของแท้💯%) แดงล้วน นำเข้าเองขายเอง ไม่แท้ยินดีคืนเงิน,Herbs & Traditional Medicine,199.0,฿100–299,12.0,False,True,,2388.0,Bangkok,Greater Bangkok
4787691783,Protein Nutrition Bar Tropical Fruits🍍🥝🥭🥑,Meal Replacement,90.0,<฿100,,False,False,,,Bangkok,Greater Bangkok
4787742307,PROTEIN PLANT สูตร 4 โปรตีนแพลนท์ (รสชาเขียว มัชฉะ) ขนาด 2 ปอนด์ 2LBS 900 กรัม/กระปุก โปรตีนจากพืช 5 ชนิด ออแกรนิก ปลอด GMO มีโพรไบโอติกส์ 6 สายพันธุ์,Protein,590.0,฿500–999,,False,False,,,Bangkok,Greater Bangkok
4787769418,PROTEIN PLANT สูตร 4 โปรตีนแพลนท์ (รสวานิลลา) ขนาด 2 ปอนด์ 2LBS 900 กรัม/กระปุก โปรตีนจากพืช 5 ชนิด ออแกรนิก ปลอด GMO มีโพรไบโอติกส์ 6 สายพันธุ์,Protein,590.0,฿500–999,,False,False,,,Bangkok,Greater Bangkok
4787798721,Protein Bar Chocolate Banana🍫🍌,Protein,115.0,฿100–299,,False,False,,,Bangkok,Greater Bangkok
4787814020,PROTEIN PLANT สูตร 4 โปรตีนแพลนท์ (รสลิ้นจี่ ซากุระ) ขนาด 2 ปอนด์ 2LBS 900 กรัม/กระปุก โปรตีนจากพืช 5 ชนิด ออแกรนิก ปลอด GMO มีโพรไบโอติกส์ 6 สายพันธุ์,Protein,590.0,฿500–999,,False,False,1.0,,Bangkok,Greater Bangkok
4787822795,[ของแท้💯%]ชุดฟื้นฟูหมอนรองกระดูกทับเส้นประสาท ข้อเข่าเสื่อม แพคคู่ UNI-OIL/ U-PROFEX มี 30 แคปซูล ทานก่อนนอน 1 เม็ด,Bone & Joint Support,2499.0,"฿1,000+",,False,False,1.0,,Samut Prakan,Greater Bangkok
4787925435,🚛พร้อมส่ง 🧠DHC Plasmalogen สมองเหนื่อยล้า นอนไม่หลับ สินค้านำเข้าจากญี่ปุ่น🇯🇵ของแท้💯,Brain & Memory,1010.0,"฿1,000+",,False,False,,,Khon Kaen,Other provinces
4787932268,🚛พร้อมส่ง 🌸DHC Vitmamin B Mix สินค้านำเข้าจากญี่ปุ่น🇯🇵ของแท้💯,Brain & Memory,105.0,฿100–299,,False,False,,,Khon Kaen,Other provinces
4788312533,เลซิติน ของแท้ 1200 มก. เลซิติน 60 แคปซูล ทางออกของ เบาหวานความดัน หัวใจ ไขมัน อ้วน มะเร็ง ไขมันพอกตับ ตับเแข็ง มะเร็งตับ (พร้อมส่ง ของใหม่),Heart & Blood Pressure,465.0,฿300–499,,False,False,1.0,,Chonburi,Other provinces
4788491358,โปรโมชั่น2แถม1PERLEENโปรตีนเพิ่มกล้ามเนื้อ,Meal Replacement,2990.0,"฿1,000+",,False,False,,,Chiang Rai,Other provinces
4788500612,อาหารเสริม อึด ทน นาน บำรุงกำลังท่านชาย อาหารเสริมสำหรับท่านชาย ชนิดเเคปซูล ชูกำลัง ผสมถังเช่า สารสกัดจากเเป๊ะก๊วย สารสกัดจากเห็ดหลินจือ เก๋ากี้ ยาชูกำลังของท่านชาย ผลิตภัณฑ์เสริมอาหารเพื่อความสุขทางเพศ Ginko Biloba Plus Cordyceps ตราฟันฟรี Funfree coffee,Men's Health,90.0,<฿100,,False,False,1.0,,Yasothon,Other provinces
4788531485,วิตามินเพิ่มน้ำหนัก สำหรับคนผอม อยากอ้วนหุ่นปัง ผิวใส,Multivitamins,100.0,฿100–299,,False,False,2.0,,Maha Sarakham,Other provinces
4788621228,เลซิติน 1200มก. ของแท้ 60 แคปซูล บำรุงตับ สมอง เบาหวาน ความดัน คอเลสเตอรอล ของใหม่ ส่งไว พร้อมส่ง,Heart & Blood Pressure,478.0,฿300–499,,False,False,1.0,,Chonburi,Other provinces
4788691127,กาแฟแจ่มใส กาแฟถั่งเช่าทอง ลดสัดส่วน คุมหิว เผาผลาญ ขับถ่ายคล่อง ทานนาน 2 เดือน แถมฟรี ชาไทย,Appetite Suppressant,700.0,฿500–999,,False,False,,,Phitsanulok,Other provinces
4788714438,Nestle Boost Optimum บูสท์ ออปติมัม อาหารสูตรครบถ้วน กลิ่นวานิลลา 800 กรัม [Exp.07/09/2024],Nutritional Foods & Drinks,890.0,฿500–999,,False,False,,,Lamphun,Other provinces
4788733452,อากาเนะ ไลโค บริ้ง ของเแท้100% (1 ห่อ 30 ซอง),Digestive Care,390.0,฿300–499,,False,False,,,Chachoengsao,Other provinces
4788776377,Nestle Boost Fiber บูสท์ ไฟเบอร์ ผสม 5 ใยอาหาร อาหารทางการแพทย์ กลิ่นวานิลลา มีใยอาหารสูง 800 กรัม [Exp.30/10/2024],Nutritional Foods & Drinks,890.0,฿500–999,,False,False,2.0,,Lamphun,Other provinces
4788809138,Nestle Boost Care บูสท์ แคร์ ดัชนีน้ำตาล = 28 กลิ่นวานิลลา 800 กรัม [Exp.26/01/2025],Nutritional Foods & Drinks,899.0,฿500–999,11.0,False,True,7.0,9889.0,Lamphun,Other provinces
4788825852,Dr.Ss รส บวมน้ำ ขับน้ำ,Digestive Care,85.0,<฿100,,False,False,,,Bangkok,Greater Bangkok
4788846682,ทับทิมเม็ด แท้ ขายดี 30 เม็ด บำรุงหัวใจ ลดไขมันในเลือด ช่วยป้องกันเส้นเลือดอุดตัน และมะเร็งเต้านม ของใหม่ พร้อมส่ง ส่งไว,Heart & Blood Pressure,209.0,฿100–299,,False,False,1.0,,Chonburi,Other provinces
4788850823,S Fiber เอส ไฟเบอร์ (ดีท็อกผัก สารสกัดพรีเมียม ช่วยปรับระบบขับถ่าย),Digestive Care,95.0,<฿100,,False,False,,,Sukhothai,Other provinces
4788919843,จินดา Jindar Coffee Jindar Darkcocoa กาแฟจินดา โกโก้จินดา จินดาคอฟฟี่ จินดาดาร์กโกโก้ คุมหิว ลดการกินจุกจิก อิ่มนาน บล็อกแป้ง น้ำตาล 1 แถม 1,Slimming Beverages,390.0,฿300–499,,False,False,,,Bangkok,Greater Bangkok
4788930387,ผลิตภัณฑเสริมอาหารน้ำมันปลา 500 มก น้ำมันปลา 50 แคปซูล น้ำมันปลา น้ำมันตับปลา น้ำมันปลากิฟฟารน,Brain & Memory,150.0,฿100–299,,False,False,0.0,,Bangkok,Greater Bangkok
4788966312,EGG ALBUMIN 60 TAB อัลบูมิน โปรตีนไข่ขาวสกัด ชนิดเม็ด สกัดจากไข่ขาวซึ่งมีโปรตีนสูง👍🌟,Well Being Gifts & Value Sets,290.0,฿100–299,,False,False,,,Bangkok,Greater Bangkok
4788999365,Bestural X DHC Collagen Gummy คอลลาเจนแบบเคี้ยว (40 กัมมี่),Skin Nourishment,229.0,฿100–299,,False,False,,,Bangkok,Greater Bangkok
4789017796,อาหารเสริม Skinny Pill สกินนีเพียว สูตร1  แขนขาเรียวพุงยุบ ขายดีตลอดกาล,Appetite Suppressant,99.0,<฿100,,False,False,3.0,,Bangkok,Greater Bangkok
4789156511,นารีญา สมุนไพร Nareeya Plus ส่งฟรี!! คอลลาเจน กลูต้าไธโอน อาหารเสริมผู้หญิง นารียา Nareeya ดูแลคุณผู้หญิงทุกวัย,Women's Health,340.0,฿300–499,,False,False,,,Chachoengsao,Other provinces
4789156626,สูตรใหม่ พลัสยิ่งกว่า!! นารีญา สูตรใหม่ !! ผู้หญิงต้องมีติดบ้าน NAREEYA นารีญา กลิ่นอับ ตกขาว สามีรัก  อาหารเสริมนารียา,Women's Health,340.0,฿300–499,,False,False,1.0,,Chachoengsao,Other provinces
4789157230,พริ้วอาร์เอ็ม Priw สูตร 2 มายาอาร์เอ็ม สำหรับสายดื้อ 1ซอง15เม็ด,Appetite Suppressant,250.0,฿100–299,,False,False,,,Chachoengsao,Other provinces
4789169047,จินดา Jindar Coffee Jindar Darkcocoa กาแฟจินดา โกโก้จินดา จินดาคอฟฟี่ จินดาดาร์กโกโก้ คุมหิว ลดการกินจุกจิก อิ่มนาน บล็อกแป้ง น้ำตาล 3 แถม 3,Slimming Beverages,1000.0,"฿1,000+",,False,False,,,Bangkok,Greater Bangkok
4789176139,อาหารเสริม Skinny Pill สกินนีเพียว สูตร1 แขนขาเรียว พุงยุบ ยอดขายดีต่อเนื่อง,Appetite Suppressant,99.0,<฿100,,False,False,,,Bangkok,Greater Bangkok
4789202673,biovitt AG+ Honey Americano Coffee Flavor ผลิตภัณฑ์เสริมอาหาร (รสอเมริกาโน่) ทานง่าย หอมอร่อย เข้มข้นถึงกาแฟดำ  แคลเซียมสูง  0% fat,Slimming Beverages,299.0,฿100–299,,False,False,,,Bangkok,Greater Bangkok
4789216989,สูตรใหม! Lishou Fiber Plusไฟเบอร์ แอปเปิ้ล🍏 อาหารเสริม คุมน้ำหนัก ขับถ่ายง่าย บรรจุ10ซอง✨,Digestive Care,98.0,<฿100,,False,False,,,Nakhon Phanom,Other provinces
4789217915,BAAM My Whey Protein 1 LB/3LBเวย์โปรตีนสำหรับคนสร้างกล้ามเนื้อ ลีนใขมัน,Protein,410.0,฿300–499,,False,False,,,Bangkok,Greater Bangkok
4789308305,ผงมะพร้าว วิงค์ไวท์ MCT WINKWHITE,Fat Blockers & Burners,60.0,<฿100,,False,False,1.0,,Samut Prakan,Greater Bangkok
4789351389,FANCL Calorie Limit Special Adult 30 Days,Fat Blockers & Burners,1100.0,"฿1,000+",,False,False,,,Kalasin,Other provinces
4789412741,ฟิตต์ มีล อาหารเสริมทดแทนมื้ออาหาร เปลี่ยนหุ่นพัง ให้ปังกว่าเดิม(1กล่องx14ซอง),Meal Replacement,1700.0,"฿1,000+",,False,False,,,Surat Thani,Other provinces
4789419637,Nutri Diabet Gold นมเบาหวาน นมลดเบาหวาน นมสำหรับผู้ป่วยเบาหวาน นมสำหรับคนเป็นเบาหวาน คุมเบาหวาน ลดเบาหวาน คุมน้ำตาล ลดน้ำตาล 400g 1 กระป๋อง,Nutritional Foods & Drinks,920.0,฿500–999,,False,False,,,Bangkok,Greater Bangkok
4789459602,Nutri Diabet Gold นมเบาหวาน นมลดเบาหวาน นมสำหรับผู้ป่วยเบาหวาน นมสำหรับคนเป็นเบาหวาน คุมเบาหวาน ลดเบาหวาน คุมน้ำตาล ลดน้ำตาล 400g 2 กระป๋อง,Nutritional Foods & Drinks,1600.0,"฿1,000+",5.0,False,True,,8000.0,Bangkok,Greater Bangkok
4789519554,(1 แถม 1) NIKO S ผลิตภัณฑ์เสริมอาหาร นิโกะเอส นิโกะเอสของแท้ ผงบุกชงดื่ม รสลิ้นจี่ คุมหิว อิ่มนาน (1 ห่อมี 5 ซอง),Slimming Beverages,200.0,฿100–299,20.0,False,True,1.0,4000.0,Songkhla,Other provinces
4789551997,วิตามินลดฝ้า จุดด่างดำ ลดฝ้าหน้าใส M4 แบรนด์ My Pharma [1 แถม 4] จัดส่งฟรี,Whitening,1690.0,"฿1,000+",,False,False,,,Chonburi,Other provinces
4789558774,WATERHERB TONE GARLIC & GINGER EXTRACT เครื่องดื่มน้ำกระเทียมโทน ผสมขิงสกัด สูตรเข้มข้น แบบซอง 25 ซอง 1 กล่อง,Heart & Blood Pressure,550.0,฿500–999,,False,False,,,Bangkok,Greater Bangkok
4789590086,Nutri Diabet Gold นมเบาหวาน นมลดเบาหวาน นมสำหรับผู้ป่วยเบาหวาน นมสำหรับคนเป็นเบาหวาน คุมเบาหวาน ลดเบาหวาน คุมน้ำตาล ลดน้ำตาล 400g 4 แถม 2 กระป๋อง,Nutritional Foods & Drinks,3490.0,"฿1,000+",,False,False,1.0,,Bangkok,Greater Bangkok
4789597279,1แถม1 Niko S น้ำชงนิโกะ เอส รสลิ้นจี่ ห่อบรรจุ5ซอง,Slimming Beverages,200.0,฿100–299,,False,False,,,Songkhla,Other provinces
4789598053,Nutri Diabet Gold นมเบาหวาน นมลดเบาหวาน นมสำหรับผู้ป่วยเบาหวาน นมสำหรับคนเป็นเบาหวาน คุมเบาหวาน ลดเบาหวาน คุมน้ำตาล ลดน้ำตาล 400g 3 แถม 1 กระป๋อง,Nutritional Foods & Drinks,2590.0,"฿1,000+",,False,False,,,Bangkok,Greater Bangkok
4789605345,"พอช เมดิกา คอลลาเจน ลิ้นจี่หิมะ คอลลาเจน 10,000 มก.",Beauty Supplements Value Sets,49.0,<฿100,,False,False,,,Bangkok,Greater Bangkok
4789625390,เซท 3 กล่อง ปรับระบบขับถ่าย ด้วย สูตรใหม่ PER BIOTIC เพอไบโอติก ลดกรด ช่วยย่อย ปรับสมดุลลำไส้,Digestive Care,1459.0,"฿1,000+",,False,False,,,Phayao,Other provinces
4789657003,KENZY คุมหิว เผาผลาญx2 ต้องลอง,Weight Management Value Sets,340.0,฿300–499,,False,False,,,Phra Nakhon Si Ayutthaya,Other provinces
4789666649,WATERHERB TONE GARLIC & GINGER EXTRACT เครื่องดื่มน้ำกระเทียมโทน ผสมขิงสกัด สูตรเข้มข้น แบบซอง 25 ซอง 2 กล่อง,Heart & Blood Pressure,1000.0,"฿1,000+",,False,False,,,Bangkok,Greater Bangkok
4789718386,เอนชัวร์โกลด์ Ensure Gold สูตร HMB กลิ่นธัญพืช ชนิดกระป๋อง ขนาด 850 กรัม,Nutritional Foods & Drinks,779.0,฿500–999,,False,False,,,Nakhon Pathom,Greater Bangkok
4789789769,Real Elixir Alfa Chlorophyll Plus    คลอโรฟิลล์   1 กล่อง 6 ซอง/5กรัม   เรียล คลอโรฟิลล์    อัลฟ่า คลอโรฟิลล์     Real Chlorophyll Plus,Detoxification,125.0,฿100–299,,False,False,,,Bangkok,Greater Bangkok
4789856696,4 Mix Oil  สุภาพโอสถ  1 กระปุก 250 เม็ด  อาหารเสริมน้ำมันสกัดเย็น4สหาย   4 mix oil สุภาพโอสถ   โฟร์มิกซ์ออยล์     4mixoil  JSP,Well Being Gifts & Value Sets,599.0,฿500–999,,False,False,,,Bangkok,Greater Bangkok
4789868505,calcopa แคลโคป้าวิตามินเด็ก อาหารเสริมเด็ก สมาธิ ความจำ สูง สายตา ภูมิคุ้มกัน ของแท้ส่งฟรี,Brain & Memory,980.0,฿500–999,,False,False,,,Nonthaburi,Greater Bangkok
4789869102,ของแท้ ✅ Seres แอลคาร์นิทีน กลูต้าไธโอน สารสกัดพริก พริกไทยดำ  ส้มแขก เพิ่มการเผาผลาญไขมัน และแป้ง 30 แคปซูล,Weight Management Value Sets,96.0,<฿100,,False,False,3.0,,Bueng Kan,Other provinces
4789870709,แพ็ค x2 กระปุก ( ปุกละ 250 เม็ด)  4 Mix Oil  สุภาพโอสถ  อาหารเสริมน้ำมันสกัดเย็นสี่สหาย โฟร์มิกซ์ออยล์ น้ำมัน4สหาย แท้  4mixoil  สุภาพโอสถ   4mix 4oil,Well Being Gifts & Value Sets,1150.0,"฿1,000+",,False,False,,,Bangkok,Greater Bangkok
4789870836,Balance P - BLP อาหารเสริมช่วยบำรุงสุขภาพ เบาหวาน ความดัน ลดคอลเลสเตอรอลและน้ำตาลในเลือด,Heart & Blood Pressure,990.0,฿500–999,,False,False,,,Rayong,Other provinces
4789890171,(New) นาคโอสถ NakOsot อีกปัญหาเรื่องไตอย่ามองข้าม ขับล้างสารพิษของเสียสะสมออก,Detoxification,1500.0,"฿1,000+",,False,False,,,Bangkok,Greater Bangkok
4789896713,"**แท้100%**Vita Plus Collagen Peptide & Vit C 13,050 mg วีต้าพลัส ผิวใส ไร้สิว(ตัวดังพิมรี่พาย) รูขุมขนเล็กลงอย่างเห็นได้ชัด ผิวเนียนนุ่มสุขภาพดีรีวิวเยอะมาก",Whitening,199.0,฿100–299,,False,False,,,Bangkok,Greater Bangkok
4789940606,1แถม1 กลูต้าวิตมี กลูต้าส้มเลือด Gluta With Me ช่วยให้ผิวกระจ่างใส ลดสิว,Acne Care,290.0,฿100–299,,False,False,,,Udon Thani,Other provinces
4789954801,💟พอลลิเทน Polliten🔥ขุมพลังงานเซลล ์หัวใจ ไต ตับ สมอง เส้นเลือดสมองตีบ ระบบเลือด หลอดเลือด ความดัน โรคหัวใจ ไมเกรน พอ​ลลิ​ติน​ Pollitin พอ​ลลิ​ติน​ของแท้​ อาหารเสริม อาหารเสริมพอลลิติน โพลิติน,Heart & Blood Pressure,1178.0,"฿1,000+",,False,False,,,Chiang Rai,Other provinces
4789967183,MIDNIGHT Mission มิดไนท์มิชชั่น อาหารเสริมช่วยนอนหลับ อาหารเสริมนอนหลับ อาหารเสริมทำให้หลับ วิตามินนอนหลับ วิตามินช่วยนอนหลับ 6 แคปซูล 2กล่อง,"Stress, Sleep, and Anxiety",350.0,฿300–499,,False,False,,,Bangkok,Greater Bangkok
4789996028,BIOTIN ZINC คณะเภสัชจุฬาฯ ไบโอทินซิงก์ 90เม็ด ไบโอตินซิงค์ บำรุงผมและเล็บ ✅แท้ส่งตรงจากบริษัท💯,Hair & Nail,309.0,฿300–499,,False,False,,,Phitsanulok,Other provinces
4790030829,ของแท้ พร้อมส่ง เซตทดลอง  MMC วิตามินบรรเทาริดสีดวง  (30 แคปซูล/กระปุก) ใช้บรรเทาริดสีดวง ออร์แกนิก ผู้ใหญ,Herbs & Traditional Medicine,97.0,<฿100,,False,False,1.0,,Nonthaburi,Greater Bangkok
4790045207,วิตามินเพิ่มน้ำหนักคลินิก,Multivitamins,249.0,฿100–299,,False,False,,,Buri Ram,Other provinces
4790158105,วิตามินบี12 สำหรับ มึน ชา ตามปลายมือ ปลายเท้า เบา หวานทานได้ 30 เม็ด/กล่อง Methycobal 500 MCG Tablet is a man-made form of Vitamin B12,Multivitamins,149.0,฿100–299,,False,False,,,Nakhon Phanom,Other provinces
4790199988,น้ำมันมะพร้าว MCT Bruce MCT OIL น้ำมันมะพร้าว ออร์แกนิค ธรรมชาติ100% ขนาด 250 ml,Well Being Gifts & Value Sets,590.0,฿500–999,,False,False,,,Bangkok,Greater Bangkok
4790205939,ของแท้ พร้อมส่ง เซตทดลอง  MMC วิตามินบรรเทาริดสีดวง  (30 แคปซูล/กระปุก)  ออร์แกนิก ผู้ใหญ,Herbs & Traditional Medicine,97.0,<฿100,,False,False,,,Nonthaburi,Greater Bangkok
4790206793,Posh Medica คอลลาเจน ทับทิมหิมะ แพ็ก 6 ซอง,Beauty Supplements Value Sets,169.0,฿100–299,,False,False,,,Yala,Other provinces
4790210372,Detox ญี่ปุ่น Health Dietary Japan Quality [ แบบกล่อง ],Digestive Care,359.0,฿300–499,,False,False,,,Phatthalung,Other provinces
4790225362,❗️1แถม1 NIKO S ❗️นิโกะเอส ผงบุกชง - อร่อย ทานง่ายไม่มีน้ำตาล - หมายเลขใบอนุญาต/อย. 7312615850345 #นิโกะเอส #NIKOS #NIKO,Slimming Beverages,200.0,฿100–299,,False,False,,,Chachoengsao,Other provinces
4790239508,Creatine ขนาด 300g. เพิ่มพละกำลัง เพิ่มแรง สร้างกล้ามเนื้อ ของแท้100%,Mass Gainer,459.0,฿300–499,,False,False,,,Roi Et,Other provinces
4790242641,Blackmores  แบลคมอร์ส Bio Zinc A Chelate (90 Tabs) หมดอายุ 11-01-2024 ไบโอ ซิงค์ เอ คี เลต ผลิตภัณฑ์เสริมอาหาร 90 เม็ด,Acne Care,224.0,฿100–299,,False,False,,,Surin,Other provinces
4790247667,🎌 DHC Meriroto ขาเรียว ลดกระชับ ต้นขา น่อง สะโพก ของแท้จากญี่ปุ่น メリロート,Weight Management Value Sets,239.0,฿100–299,,False,False,,,Bangkok,Greater Bangkok
4790263341,โปร 1 แถม 1 Araya gluta กลูต้าอารยา น้องม่วงสดใส บำรุงผิว ผิวโกวล์ใส ผิวสวย ออร่า,Beauty Supplements Value Sets,265.0,฿100–299,,False,False,,,Nonthaburi,Greater Bangkok
4790285514,Detox ญี่ปุ่น Health Dietary Japan Quality [ แบบกล่อง ],Digestive Care,359.0,฿300–499,29.0,False,True,4.0,10411.0,Phatthalung,Other provinces
4790362643,Winona Probio MSMCTA (สูตร2) + Winona Probio TA (สูตร 3) (คละสูตร),Digestive Care,2598.0,"฿1,000+",,False,False,,,Nonthaburi,Greater Bangkok
4790368523,Winona Probio TA (สูตร 3) สายพันธุ์ไทย เสริมภูมิคุ้มกัน ปรับสมดุลลำไส้ ชะลอวัย ลดไขมัน 30 แคปซูล,Digestive Care,1599.0,"฿1,000+",9.0,False,True,2.0,14391.0,Nonthaburi,Greater Bangkok
4790368684,Winona Probio MSMCTA (สูตร2) 1 กระปุก + Winona Probio TA (สูตร3) 2 กระปุก  (คละสูตร),Digestive Care,3839.0,"฿1,000+",,False,False,,,Nonthaburi,Greater Bangkok
4790370578,Winona Probio MSMC 1 กระปุก + Winona Probio MSMCTA 1 กระปุก + Winona Probio TA 1 กระปุก (คละสูตร),Digestive Care,3839.0,"฿1,000+",,False,False,,,Nonthaburi,Greater Bangkok
4790378093,ShanaS ชาน่าเอสสูตรใหม่ พร้อมส่ง มีบัตรตัวแทน,Appetite Suppressant,490.0,฿300–499,,False,False,,,Nakhon Sawan,Other provinces
4790380611,Winona Probio MSMCTA  (สูตร2) 2 กระปุก + Winona Probio TA (สูตร3) 1 กระปุก (คละสูตร),Digestive Care,3839.0,"฿1,000+",,False,False,1.0,,Nonthaburi,Greater Bangkok
4790385461,Winona Probio MSMC (สูตร1) + Winona Probio TA (สูตร 3) (คละสูตร),Digestive Care,2598.0,"฿1,000+",,False,False,,,Nonthaburi,Greater Bangkok
4790389303,Winona Probio MSMC 1 กระปุก + Winona Probio TA 2 กระปุก (คละสูตร),Digestive Care,3839.0,"฿1,000+",,False,False,,,Nonthaburi,Greater Bangkok
4790421157,(แพ็คเกจใหม่‼️)💖Une'S ยูเน่เอส💖 โปร 1 แถม 1 กล่อง : ของแท้/พร้อมส่ง [มาดามกล่องแดงโฉมใหม่] ✅️จัดส่งฟรี,Appetite Suppressant,350.0,฿300–499,,False,False,1.0,,Udon Thani,Other provinces
4790436287,Winona Probio MSMC  (สูตร1) 2 กระปุก + Winona Probio TA (สูตร3) 1 กระปุก (คละสูตร),Digestive Care,3839.0,"฿1,000+",,False,False,,,Nonthaburi,Greater Bangkok
4790469421,ไซโกโนะ คอลลาเจน Saikono collagen ดูแลสุขภาพผิว,Skin Nourishment,158.0,฿100–299,8.0,False,True,,1264.0,Surat Thani,Other provinces
4790489262,Akane lyco Brink อากาเนะ ไลโคบริ้ง ของแท้100% ส่งไว😍30ซองผงชงกลูต้ามะเขือเทศรสสตอเบอรี่ตัวดัง,Whitening,385.0,฿300–499,,False,False,,,Pathum Thani,Greater Bangkok
4790517489,คลอโรฟิลล์ทมซี THOM C อัลฟัลฟา 30 ml,Detoxification,95.0,<฿100,,False,False,,,Bangkok,Greater Bangkok
4790562587,[Veeyah] วียา ฟรุ๊ตตี้ วิตซี คอลลาเจน ไฟเบอร์ 1 กล่อง 290.- ส่งฟรี,Beauty Supplements Value Sets,290.0,฿100–299,,False,False,,,Phitsanulok,Other provinces
4790665748,New Cetene Plus ตัวทานเสริมช่วยลดน้ำหนัก คุมหิว แขน ขา เล็กลง ลดตัวบวมจากการทานเยอะ,Appetite Suppressant,450.0,฿300–499,,False,False,1.0,,Phrae,Other provinces
4790814116,เครื่องดื่มไข่ขาวผงกลิ่นวานิลลา ฮีโมมิน เบลนด์ ขนาด 400 กรัม อาหารเสริมสำหรับผู้ใหญ่ อาหารเสริมสำหรับมื้ออาหาร,Nutritional Foods & Drinks,410.0,฿300–499,6.0,False,True,,2460.0,Pathum Thani,Greater Bangkok
4790837837,CW brand ผิวขาว พี่ฝน ฝนดอกไม้,Whitening,360.0,฿300–499,,False,False,,,Bangkok,Greater Bangkok
4790845882,เวย์โปรตีนรสริสช็อคโกแลต,Protein,1799.0,"฿1,000+",,False,False,,,Bangkok,Greater Bangkok
4790901438,COMEX L- GIutathione Plus Gluta plus  กลูต้า พลัส แอล-กลูตาไธโอน กลูต้าผิวขาว ผิวใส แอล-ซิสเทอีน ไกลซีน 30 Capsules.,Whitening,99.0,<฿100,,False,False,,,Chaiyaphum,Other provinces
4790914456,สูตรเดิม Ensure เอนชัวร์ วนิลา ธัญพืช ช๊อคโกแลต 850 กรัม Ensure Vanilla Wheat Chocolate 850g อาหารเสริมสูตรครบถ้วน,Well Being Gifts & Value Sets,779.0,฿500–999,,False,False,1.0,,Bangkok,Greater Bangkok
4790944274,เวย์โปรตีนรสดาร์กช็อคโกแลต,Protein,1799.0,"฿1,000+",,False,False,1.0,,Bangkok,Greater Bangkok
4790978608,DELLA S เดลล่าเอส เดลล่า เอส ยาลดซ้อฝัน 1 กล่องบรรจุ 10 แคปซูล อาหารเสริมลดความอยากอาหาร,Fat Blockers & Burners,79.0,<฿100,,False,False,,,Pathum Thani,Greater Bangkok
4790987360,จินดามณี 10ซอง 419บาท,Herbs & Traditional Medicine,409.0,฿300–499,,False,False,,,Loei,Other provinces
4790997089,เวย์โปรตีนรสชาเขียว,Protein,1799.0,"฿1,000+",,False,False,,,Bangkok,Greater Bangkok
4791067780,โพรไบโอติก ไบโอติก มีจุลินทรีย์โพรไบโอติกถึง 10 สายพันธุ์ ขับถ่าย,Digestive Care,592.5,฿500–999,13.0,False,True,3.0,7702.5,Bangkok,Greater Bangkok
4791071908,กระชายดำ กระชายดำ กระชาย  กระชายดำ แมกซ์ พลัส+ Krachai Dum Maxx Plus+,Men's Health,322.5,฿300–499,21.0,False,True,3.0,6772.5,Bangkok,Greater Bangkok
4791086558,เลซิติน  Lecithin ผสมแคโรทีนอยด์ และวิตามินอี Lecithin,Well Being Gifts & Value Sets,165.0,฿100–299,25.0,False,True,3.0,4125.0,Bangkok,Greater Bangkok
4791095498,กระเทียม กระเทียมแคปซูล กระเทียม  กระเทียมสกัด  GARLIC,Heart & Blood Pressure,300.0,฿300–499,26.0,False,True,3.0,7800.0,Bangkok,Greater Bangkok
4791107697,มะระสกัดเย็น เพื่อเบาหวาน ตราไร่ไทย มะระขี้นกอัดเม็ด ออร์แกนิก,Heart & Blood Pressure,159.0,฿100–299,,False,False,,,Samut Prakan,Greater Bangkok
4791111215,โคซานอล โคซานอล มัลติ แพลนท์ โอเมก้า 3 ออยล์ น้ำมันงาขี้ม่อน น้ำมันเมล็ดแฟลกซ์ และน้ำมันงา ผสมวิตามินอี,Well Being Gifts & Value Sets,165.0,฿100–299,22.0,False,True,1.0,3630.0,Bangkok,Greater Bangkok
4791120718,โปรตีน ฟิตมิล  Fitt Meal by  ฟิตต์ มีล บาย  ผลิตภัณฑ์ทดแทนมื้ออาหาร โปรตีน,Meal Replacement,1275.0,"฿1,000+",21.0,False,True,2.0,26775.0,Bangkok,Greater Bangkok
4791127060,เวาะกานิง สมุนไพร กระชับ ขับคาวปลาออก ภายในผู้หญิง (50เม็ด),Herbs & Traditional Medicine,200.0,฿100–299,,False,False,,,Pattani,Other provinces
4791151107,โฟลิคโฟลิก โฟลิก โฟลิค เสริมธาตุเหล็ก NUTRI FOLIC,Multivitamins,135.0,฿100–299,26.0,False,True,3.0,3510.0,Bangkok,Greater Bangkok
4791171332,LEVFITME ผลิตภัณฑ์เสริมอาหาร เลฟฟิตมี LEVFITME Dietary Supplement Product รักตัวเอง,Weight Management Value Sets,288.0,฿100–299,,False,False,,,Pathum Thani,Greater Bangkok
4791173659,MEGA MASS PRO WHEY PROTEIN เวย์โปรตีน ผลิตภัณฑ์เสริมอาหาร เพิ่มพลังงาน เพิ่มน้ำหนัก เพิ่มกล้ามเนื้อ ขนาด 12 ปอนด์ (ประมาณ 5.44 กิโลกรัม),Mass Gainer,2990.0,"฿1,000+",,False,False,,,Samut Prakan,Greater Bangkok
4791181221,วีแกน มัลติ แพลนท์ โปรตีน   โปรตีน มนถั่วเหลือง ถั่วเหลือง โปรตีนสกัดจากถั่วเหลือง และโปรตีนสกัดจากถั่วลันเตาสีทอง,Protein,262.5,฿100–299,22.0,False,True,2.0,5775.0,Bangkok,Greater Bangkok
4791232799,VENAX5 วีน่าX5 (1 กล่อง 10 แคปซูล),Multivitamins,169.0,฿100–299,,False,False,1.0,,Khon Kaen,Other provinces
4791262754,ยาอุทัยทิพย์หมอมี สูตร 2 (ปริมาณ60มล.),Herbs & Traditional Medicine,39.0,<฿100,39.0,False,True,4.0,1521.0,Pathum Thani,Greater Bangkok
4791281136,5 กระปุกสุดคุ้ม มะระสกัดเย็น เพื่อเบาหวาน ตราไร่ไทย มะระขี้นกอัดเม็ด ออร์แกนิก,Heart & Blood Pressure,795.0,฿500–999,,False,False,,,Samut Prakan,Greater Bangkok
4791332890,เพรียว อาร์เอ็ม กล่องส้ม มายาอาร์เอ็ม คุมหิว,Appetite Suppressant,999.0,฿500–999,,False,False,,,Pathum Thani,Greater Bangkok
4791359852,Ensure GOLD 1200g VANILLA / WHEAT เสริม เอช เอ็ม บี พร้อมวิตามิน แร่ธาตุ และใยอาหาร เอนชัวร์ โกลด์ 1200 กรัม,Well Being Gifts & Value Sets,1129.0,"฿1,000+",,False,False,,,Bangkok,Greater Bangkok
4791363860,เพรียว อาร์เอ็ม Pure RM กล่องส้มคุมหิว เซต 10 กล่อง,Appetite Suppressant,2000.0,"฿1,000+",,False,False,,,Pathum Thani,Greater Bangkok
4791368966,ALEENA COFFEE อะลีน่า คอฟฟี่ กาแฟอะลีน่า กาแฟบำรุงสายตา กาแฟบำรุงกระดูก กาแฟบำรุงข้อ กาแฟแก้ปวดเมื่อย เสริมภูมิคุ้มกัน 1 แถม 1 กระปุก,Nutritional Foods & Drinks,590.0,฿500–999,,False,False,,,Bangkok,Greater Bangkok
4791371454,Fusion-x(ฟิวชั่น-เอ็กซ์) 3 ซอง,Meal Replacement,890.0,฿500–999,,False,False,,,Nakhon Sawan,Other provinces
4791382586,แคลเซียม แคนเซียม    ( 400 มิลลิกรัม ) CAL-D-MAG 400 mg clacium  ทานได้ทุกวัย,Bone & Joint Support,186.0,฿100–299,11.0,False,True,1.0,2046.0,Bangkok,Greater Bangkok
4791400190,10 ซอง บ้านแก้วใส เฮิร์บ แพ็คแกจใหม่ ผลิตภัณฑ์เสริมอาหารผู้หญิง ว่านเสน่ห์บ้านแก้วใสเฮิร์บ บรรจุ 10 แคปซูล,Women's Health,190.0,฿100–299,,False,False,,,Bangkok,Greater Bangkok
4791422284,โซมี Some 3 แถม 1 (แถมดีท๊อก) ผลิตภัณฑ์อาหารเสริมลดน้ำหนัก เจ้าของแบรนด์ขายเองแท้ 100✅,Weight Management Value Sets,349.0,฿300–499,,False,False,,,Bangkok,Greater Bangkok
4791442611,น้ำมันรำข้าว น้ำมันข้าว รำข้าว น้ำมันจมูกข้าวแคปซูล  โอรีซาอี ORYZA-E  ผสมน้ำมันจมูกข้าวสาลี และวิตามินอี,Heart & Blood Pressure,420.0,฿300–499,,False,False,,,Bangkok,Greater Bangkok
4791452706,โปรตีนแพลนท์ PROTEIN PLANT สูตร 4 (รสมิกซ์ เบอร์รี่) ขนาด 2 ปอนด์ 2LBS 900 กรัม/กระปุก โปรตีนจากพืช 5 ชนิด ออแกรนิก ปลอด GMO มีโพรไบโอติกส์ 6 สายพันธุ์,Protein,590.0,฿500–999,,False,False,,,Bangkok,Greater Bangkok
4791454035,[ปิดชื่อสินค้า]เอสเซนส์ รีแพร์น้องสาว kunjina ขาวอมชมพู น้ำตบน้องสาว ลดตกขาว ลดกลิ่นอับ ฟิตกระชับ บำรุงน้องสาว,Women's Health,290.0,฿100–299,,False,False,,,Nonthaburi,Greater Bangkok
4791459539,ทับทิม  ทับทิมชนิดเม็ด ทับทิมสกัด ทับทิมเม็ด GRANADA,Heart & Blood Pressure,225.0,฿100–299,20.0,False,True,1.0,4500.0,Bangkok,Greater Bangkok
4791461428,คลอโรฟิลล์ คลอโรฟิล คลอโรฟีน คลอโรฟิว CHLOROPHYLL,Detoxification,360.0,฿300–499,26.0,False,True,4.0,9360.0,Bangkok,Greater Bangkok
4791467628,โปรตีนแพลนท์ PROTEIN PLANT สูตร 4 (รสชานมไต้หวัน) ขนาด 5 ปอนด์ ปริมาณ 2.27kg./กระปุก โปรตีนพืช 5 ชนิด ออแกรนิก ปลอด GMO มีโพรไบโอติกส์ 6 สายพันธุ์,Protein,1490.0,"฿1,000+",,False,False,,,Bangkok,Greater Bangkok
4791485799,"✅พร้อมส่ง ถูกที่สุด ของแท้จากญี่ปุ่น ERATH Otsuka C Jelly 77,500 mg. 31 ซอง เยลลี่คอลลาเจน บำรุงผิวเนียนนุ่ม ผิวชุ่มชื้น",Skin Nourishment,479.0,฿300–499,,False,False,,,Bangkok,Greater Bangkok
4791485993,PROTEIN PLANT โปรตีนแพลนท์ สูตร 4 (รสโกโก้ ช็อกโกแลต) ขนาด 5 ปอนด์ ปริมาณ 2.27kg./กระปุก โปรตีนพืช 5 ชนิด ออแกรนิก ปลอด GMO มีโพรไบโอติกส์ 6 สายพันธุ์,Protein,1490.0,"฿1,000+",,False,False,,,Bangkok,Greater Bangkok
4791491151,โคลีนบี  วิตามินบีรวม วิตามินบี  Choline - B GIFFARINE สมอง ความจำ ปลายประสาท,Brain & Memory,210.0,฿100–299,28.0,False,True,9.0,5880.0,Bangkok,Greater Bangkok
4791494467,Nestlt Boost Care ขนาด 800 กรัม,Nutritional Foods & Drinks,860.0,฿500–999,,False,False,,,Lamphun,Other provinces
4791514921,อาร์กเอนออร์น  อาหารเสริมสำหรับผู้ชาย  ARG-N-ORN E อาหารเสริมผู้ชาย,Sexual Health Vitamins,435.0,฿300–499,10.0,False,True,,4350.0,Bangkok,Greater Bangkok
4791522348,KENKI KiRORi เก็นคิ คิโรริ สารสกัดจากเห็ดแชมปิญอง เผาผลาญ ลดความอยาก ขับถ่ายดี พุงยุบ บรรจุ 30 แคปซูล,Weight Management Value Sets,1459.0,"฿1,000+",,False,False,,,Bangkok,Greater Bangkok
4791527711,PROTEIN PLANT โปรตีนแพลนท์ สูตร 4 (รสองุ่น) ขนาด 2 ปอนด์ 2LBS 900 กรัม/กระปุก โปรตีนจากพืช 5 ชนิด ออแกรนิก ปลอด GMO มีโพรไบโอติกส์ 6 สายพันธุ์,Protein,590.0,฿500–999,,False,False,,,Bangkok,Greater Bangkok
4791535404,โปรตีนแพลนท์ PROTEIN PLANT สูตร 4 (รสวานิลลา) ขนาด 2 ปอนด์ 2LBS 900 กรัม/กระปุก โปรตีนจากพืช 5 ชนิด ออแกรนิก ปลอด GMO มีโพรไบโอติกส์ 6 สายพันธุ์,Protein,590.0,฿500–999,,False,False,,,Bangkok,Greater Bangkok
4791536309,Nestle Boost Fiber ขนาด 800 กรัม,Nutritional Foods & Drinks,860.0,฿500–999,,False,False,,,Lamphun,Other provinces
4791548459,H24 ฟอร์มูล่า วัน ดริ้งค์ มิกซ์ กลิ่นวานิลลา 780 g โปรตีนนมผสมวิตามิน l Nutrition Herbalife H24 formula 1 drink mix vanilla flavor l 1 ประปุก l,Meal Replacement,2989.0,"฿1,000+",,False,False,,,Chonburi,Other provinces
4791573960,LACTOFIT GOLD PROBIOTIC แบบ BOX SET 70 ซอง,Digestive Care,399.0,฿300–499,,False,False,,,Bangkok,Greater Bangkok
4791576107,✅พร้อมส่ง ของแท้ ถูกที่สุด DHC New Slim วิตามินญี่ปุ่น ลดแป้ง เผาผลาญ,Fat Blockers & Burners,409.0,฿300–499,,False,False,,,Bangkok,Greater Bangkok
4791581714,HIKARI WHEAT GRASS POWDER ฮิคาริ วีทกราส พาวเดอร์ ดีท็อก ดีท็อกซ์ Detox ลำไส้ ช่วยขับถ่าย แก้ท้องผูก ล้างสารพิษลำไส้ พุงยุบ 1 แถม 1 กระปุก,Digestive Care,350.0,฿300–499,,False,False,,,Bangkok,Greater Bangkok
4791592380,แถมฟรีแก้วเชค + ช้อนสกู๊ป Mass whey protein เวย์โปรตีนเพิ่มน้ำหนัก เพิ่มกล้ามเนื้อ,Mass Gainer,209.0,฿100–299,,False,False,,,Roi Et,Other provinces
4791602406,อารหารเสริมสำหรับผู้ชาย อาหารเสริมคุณผู้ชาย  MEN SET ถั่งเช่า / อาร์กเอนออร์น /ซิงก์,Men's Health,390.0,฿300–499,,False,False,,,Bangkok,Greater Bangkok
4791612881,เม็ดม่วงทรงพลังชาย,Sexual Health Vitamins,390.0,฿300–499,,False,False,,,Samut Prakan,Greater Bangkok
4791628728,พร้อมส่ง [เปิดตัวสินค้าใหม่] MANA Prolean Fiber มานา โปรลีน ไฟเบอร์ ลีนไขมัน พุงยุบ ดีท๊อกซ์ลำไส้ ลดสะสมไขมัน เพิ่มการดูดซึมอาหาร มี 3 รส Enchant Beauty,Digestive Care,350.0,฿300–499,53.0,False,True,,18550.0,Bangkok,Greater Bangkok
4791635081,โปรตีนแพลนท์ PROTEIN PLANT สูตร 4 (รสคุกกี้ครัมบ์) ขนาด 5 ปอนด์ ปริมาณ 2.27kg./กระปุก โปรตีนพืช 5 ชนิด ออแกรนิก ปลอด GMO มีโพรไบโอติกส์ 6 สายพันธุ์,Protein,1490.0,"฿1,000+",,False,False,,,Bangkok,Greater Bangkok
4791644157,ใหม่! Super You - ซูเปอร์ เคลียร์ โปรตีน (น้ำแดง) โปรตีนใส - Suuper Clear Protein,Protein,599.0,฿500–999,,False,False,,,Bangkok,Greater Bangkok
4791649307,[1 แถม 1] โปรตีนเพอลีนชงดื่มทดแทนมื้ออาหาร รสชาไทย (20 ซอง),Meal Replacement,1190.0,"฿1,000+",,False,False,,,Kanchanaburi,Other provinces
4791668474,Protein Plant โปรตีนแพลนท์ สูตร 4 (รสคุกกี้ครัมบ์) ขนาด 5 ปอนด์ ปริมาณ 2.27kg./กระปุก โปรตีนพืช 5 ชนิด ออแกรนิก ปลอด GMO มีโพรไบโอติกส์ 6 สายพันธุ์,Protein,1490.0,"฿1,000+",,False,False,,,Bangkok,Greater Bangkok
4791709193,Protein Plant โปรตีนแพลนท์ สูตร 4 (รสโกโก้ ช็อกโกแลต) ขนาด 2 ปอนด์ 2LBS 900 กรัม/กระปุก โปรตีนจากพืช 5 ชนิด ออแกรนิก ปลอดGMO มีโพรไบโอติกส์ 6 สายพันธุ์,Protein,590.0,฿500–999,,False,False,,,Bangkok,Greater Bangkok
4791720374,โคคิวเทน แมกซ์ กิฟฟารีน Co Q10 Maxx GIFFARINE ผลิตภัณฑ์เสริมอาหาร โคเอนไซม์คิวเทน ผสมแอลคาร์นิทีน และซิตรัส ไบโอฟลาโวนอยด์ชนิดแคปซูล Giffarine,Heart & Blood Pressure,495.0,฿300–499,,False,False,,,Pathum Thani,Greater Bangkok
4791722128,Protein Plant โปรตีนแพลนท์ สูตร 4 (รสคุกกี้ครัมบ์) ขนาด 2 ปอนด์ 2LBS 900 กรัม/กระปุก โปรตีนจากพืช 5 ชนิด ออแกรนิก ปลอด GMO มีโพรไบโอติกส์ 6 สายพันธุ์,Protein,590.0,฿500–999,,False,False,,,Bangkok,Greater Bangkok
4791749682,น้ำทับทิม กิฟฟารีน ( 4 ขวด ) กรานาดา น้ำทับทิมแท้ 100% ไม่เติมน้ำตาล ซื้อ 3 แถม 1  Giffarine,Heart & Blood Pressure,450.0,฿300–499,,False,False,,,Pathum Thani,Greater Bangkok
4792182793,(1 กล่อง/ 20 ซอง) วูม่า บาลานซ์ Woma' Balance พรีไบโอติก โพรไบโอติก ปรับสมดุลจุดซ่อนเร้นน้องสาว สำหรับผู้หญิง,Women's Health,360.0,฿300–499,21.0,False,True,3.0,7560.0,Bangkok,Greater Bangkok
4792186390,พร้อมส่งโพลFLO สัปรด-มะนาว บรรจุ 1 กล่อง 10 ซอง,Digestive Care,970.0,฿500–999,,False,False,,,Phuket,Other provinces
4792208891,[เซตสุดลีน]Yanhee Callyn Plus/Ultimate L-Carnitine/Veggy Mix Plus คอลลิน พลัส อัลติเมท แอล คานิทีน เวจจี้ มิกซ์ พลัส 10เม็ด/60แคปซูล,Fat Blockers & Burners,5380.0,"฿1,000+",,False,False,,,Pathum Thani,Greater Bangkok
4792237947,กลูโคแมนแนน  GLUCOMANAN   บุก สารสกัดบุก ใยอาหารธรรมชาติจากผงบุก อาหารเสริม อิ่มนาน,Weight Management Value Sets,306.0,฿300–499,,False,False,,,Bangkok,Greater Bangkok
4792264839,ผลิตภัณฑ์เสริมอาหาร บล็อค โฟร์ สลิม   สารสกัดจากถั่วขาว ชนิด แคปซูล Giffarine Block 4 slimm ขนาด 60 แคปซูล,Fat Blockers & Burners,585.0,฿500–999,,False,False,,,Bangkok,Greater Bangkok
4792298458,"[PAYDAY] Bloss Jeli Booster แพ็คคู่ กล่องใหญ่+กล่องเล็ก ราคาเพียง 1,289 บาท เท่านั้น!!",Whitening,2340.0,"฿1,000+",,False,False,,,Bangkok,Greater Bangkok
4792363668,ผลิตภัณฑ์เสริมอาหาร กลูต้า กลูต้าแมกซ์ กลูตาอโมนิ L Gluta  ขาวใส อย่างเป็น ธรรมชาติ,Whitening,825.0,฿500–999,,False,False,,,Bangkok,Greater Bangkok
4792371583,สารสกัดจากผลส้มแขก วิตามินลดน้ำหนัก ซิตริแม็กซ์ Citrimax  ผสมโครเมียม ขนาด 30 แคปซูล,Appetite Suppressant,435.0,฿300–499,,False,False,,,Bangkok,Greater Bangkok
4792387462,เซตเตรียมตั้งครรภ์ผู้หญิง เตรียมตั้งท้อง  โฟลิค ไบโอ แฟลกซ์ ถั่งเช่า Folic / Bio Flax / Chong Cao - W เตรียมพร้อมมีบุตร บำรุงมดลูก,Women's Health,1143.0,"฿1,000+",,False,False,,,Bangkok,Greater Bangkok
4792420389,ต้นข้าวอ่อน ต้นออ่อนข้าวสาลี วีทกราส  เลือดจางทาลัสซีเมีย  บำรุงเลือดจาง  บำรุงเลือด วีทกราสไฟเบอร์ วีทกราส ขนาด10 ซอง,Detoxification,255.0,฿100–299,,False,False,,,Bangkok,Greater Bangkok
4792438363,สลิมม์-ฟิตต์ ส้มแขกแคปซูล  สารสกัดจากผล ส้มแขก เผาผลาญไขมัน ผสม แอล-คาร์นิทีน และโครเมียม ชนิดผง  15ซอง/กล่อง,Appetite Suppressant,345.0,฿300–499,,False,False,,,Bangkok,Greater Bangkok
4792438798,มายา อาร์เอ็ม Maya RM เพียวอาร์เอ็ม 1กล่อง 15แคปซูล,Appetite Suppressant,210.0,฿100–299,,False,False,,,Suphan Buri,Other provinces
4792536762,เอนชัวร์โกลด์ 3 กระป๋อง ราคาประหยัด กลิ่นวานิลลา ธัญพืช กาแฟ ขนาด400 กรัม แถมฟรีกระบอกเช็คมูลค่า 120 บาท,Nutritional Foods & Drinks,1250.0,"฿1,000+",,False,False,,,Nakhon Ratchasima,Other provinces
4792550519,BodyKey By Nutrilife ผลิตภัณฑ์ทดแทนมื้ออาหาร exp:02/2025,Meal Replacement,958.0,฿500–999,,False,False,,,Khon Kaen,Other provinces
4792589455,ส่งฟรี | 1แถม1 มาดามโฉมใหม่ ยูเน่เอส UneS มาดามกล่องแดง Madam Double S+,Fat Blockers & Burners,350.0,฿300–499,,False,False,,,Samut Prakan,Greater Bangkok
4792601776,มายา อาร์เอ็ม Maya RM เพียวอาร์เอ็ม 1กล่อง 15แคปซูล,Appetite Suppressant,220.0,฿100–299,,False,False,,,Suphan Buri,Other provinces
4792603561,เอนชัวร์ แพ็คคู่ กลิ่นธัญพืช และกลิ่น กาแฟ 400 กรัม แถมฟรีกระบอกเช็คมูลค่า 120 บาท,Nutritional Foods & Drinks,820.0,฿500–999,,False,False,,,Nakhon Ratchasima,Other provinces
4792627942,โกโก้ยอดรัก คุมหิว อิ่มนาน น้ำหนักลงไว,Slimming Beverages,290.0,฿100–299,,False,False,,,Chiang Rai,Other provinces
4792656112,แบลคมอร์ส วิตามินบี Mega Complex B 75 Tablets B Vitamins Energy Support,Multivitamins,565.0,฿500–999,,False,False,,,Samut Prakan,Greater Bangkok
4792691334,BodyKey By Nutrilife ผลิตภัณฑ์ทดแทนมื้ออาหาร exp:03/2025,Meal Replacement,958.0,฿500–999,,False,False,1.0,,Khon Kaen,Other provinces
4792716001,Whey Protein Isolate เวย์โปรตีน คุณภาพพรีเมี่ยม แพคเกจใหม่ (2 กล่อง บรรจุ 20 ซอง)แท้100%,Mass Gainer,2490.0,"฿1,000+",,False,False,,,Phuket,Other provinces
4792729067,GREENY WAY Kale Veggies Powder เคล เวจจี พาวเด้อ & Rainbow Veggies Powder เรนโบว์ เวจจี พาวเด้อ ผงผักรวมจากผัก 7 ชนิด 150 g.,Nutritional Foods & Drinks,1290.0,"฿1,000+",,False,False,,,Chiang Mai,Other provinces
4792774907,**พร้อมส่ง** ชาผลไม้ ลดบวม ลดโซเดียม TTM Ticha,Slimming Beverages,340.0,฿300–499,,False,False,,,Nakhon Pathom,Greater Bangkok
4792804946,ผลิตภัณฑ์บำรุงน้ำนม หัวปลีชนิดผงชงดื่ม MM เสริมสารอาหารแก่น้ำนมเพื่อลูกน้อย ดูแลคุณแม่หลังคลอด,Pregnancy Care,380.0,฿300–499,,False,False,,,Songkhla,Other provinces
4792823173,Mixnineplus (มิกซ์ไนน์ พลัส) Green plus (กรีนพลัส),Brain & Memory,345.0,฿300–499,,False,False,,,Si Sa Ket,Other provinces
4792837230,โกโก้ยอดรัก คุมหิว อิ่มนาน น้ำหนักลงไว,Slimming Beverages,550.0,฿500–999,,False,False,,,Chiang Rai,Other provinces
4792893071,ยูเน่เอส (มาดามกล่องแดง) 1 แถม 1 ส่งฟรี,Appetite Suppressant,350.0,฿300–499,,False,False,,,Bangkok,Greater Bangkok
4792903884,Yanhee Ultimate L-Carnitine [ ซื้อ4แถมฟรี4 ] ยันฮี อัลติเมท แอลคานิทีน จากยันฮี,Fat Blockers & Burners,3690.0,"฿1,000+",,False,False,,,Chiang Mai,Other provinces
4792940581,กาแฟ ดอปปิโอ้ DOPPIO ( 3 กล่อง ) กาแฟสำหรับท่านชาย บำรุงต่อมลูกหมาก กระดูกและข้อ 1 กล่อง มี 10 ซอง,Men's Health,1170.0,"฿1,000+",,False,False,,,Bangkok,Greater Bangkok
4792971448,Yanhee Ultimate L-Carnitine [ ซื้อ1แถมฟรี1 ] ยันฮี อัลติเมท แอลคานิทีน จากยันฮี,Fat Blockers & Burners,1090.0,"฿1,000+",,False,False,,,Chiang Mai,Other provinces
4793035955,Pananchita S Sure Coffee ปนันชิตา เอส ชัวร์​ คอฟฟี่ [10 ซอง] กาแฟ กาแฟเป้ย เป้ย ปานวาด,Slimming Beverages,240.0,฿100–299,,False,False,3.0,,Pathum Thani,Greater Bangkok
4793077687,เอนชัวร์ ช็อกโกแลต 850 กรัม (โฉมใหม่) Ensure Chocolate 850g. อาหารสูตรครบถ้วน  [หมดอายุ 25/03/2024],Nutritional Foods & Drinks,790.0,฿500–999,,False,False,,,Udon Thani,Other provinces
4793157163,กาแฟบาลานซ์ คอฟฟี่ Balans Koffie ( 2 กล่อง ) สำหรับบำุกระดูกและข้อ บำรุงสุขภาพ ร่างกาย 1 กล่อง มี 15 ซอง,Nutritional Foods & Drinks,780.0,฿500–999,,False,False,,,Bangkok,Greater Bangkok
4793169988,Ultmate L-Carnitine Yanhee Callyn Plus+ ยันฮี คอลลินพลัส แอลคาร์นิทีน ยันฮีลดน้ำหนัก แอลคานิทีน ส่งฟรี,Fat Blockers & Burners,1480.0,"฿1,000+",,False,False,,,Chiang Mai,Other provinces
4793205579,Pananchita S Sure Coffee ปนันชิตา เอส ชัวร์​ คอฟฟี่ [3 กล่อง] กาแฟ กาแฟเป้ย เป้ย ปานวาด,Slimming Beverages,690.0,฿500–999,,False,False,1.0,,Pathum Thani,Greater Bangkok
4793212727,Scoopp Special Set โปรตีนจากพืช รสโกโก้ดัชท์ กลิ่นเฮเซลนัท Plant Protein - Cocoa Dutch Hazelnut Flavor (1Shaker+3Sachets) (300 g),Protein,490.0,฿300–499,,False,False,,,Bangkok,Greater Bangkok
4793240534,⚡️ส่งฟรี⚡️Ultmate L-Carnitine Yanhee Callyn Plus+ ยันฮี คอลลินพลัส แอลคาร์นิทีน ยันฮีลดน้ำหนัก แอลคานิทีน,Weight Management Value Sets,1480.0,"฿1,000+",,False,False,,,Chiang Mai,Other provinces
4793243235,FITNE Herbal Tea ฟิตเน่ ชาชงสมุนไพร กลิ่นดั้งเดิม (10ซอง/20ซอง/40ซอง) ผลิตภัณฑ์จำหน่ายทั่วไป 1ถุง,Herbs & Traditional Medicine,47.0,<฿100,,False,False,,,Bangkok,Greater Bangkok
4793252537,🔥🔥Exp.10/2024 One A Day Women 50+ 300 เม็ด,Women's Health,889.0,฿500–999,,False,False,,,Bangkok,Greater Bangkok
4793275014,กาแฟ ดอปปิโอ้ DOPPIO กาแฟสำหรับท่านชาย บำรุงต่อมลูกหมาก กระดูกและข้อ 1 กล่อง มี 10 ซอง,Men's Health,1560.0,"฿1,000+",,False,False,,,Bangkok,Greater Bangkok
4793287522,[2 กล่อง] กาแฟ Pananchita S Sure Coffee ปนันชิตา เอส ชัวร์​ คอฟฟี่ [10 ซอง] กาแฟเป้ย เป้ย ปานวาด,Slimming Beverages,468.0,฿300–499,,False,False,,,Pathum Thani,Greater Bangkok
4793365815,Slim plus Dtox เม็ดสีเหลือง (6แถม1) ขั้นต่ำ3ซอง ดีท๊อกลดพุง วิตมินสลายไขมัน พร้อมส่ง,Digestive Care,25.0,<฿100,,False,False,,,Nakhon Si Thammarat,Other provinces
4793396218,[4 กล่อง] กาแฟ Pananchita S Sure Coffee ปนันชิตา เอส ชัวร์​ คอฟฟี่ [10 ซอง] กาแฟเป้ย เป้ย ปานวาด,Slimming Beverages,919.0,฿500–999,,False,False,3.0,,Pathum Thani,Greater Bangkok
4793416974,Slim plus Dtox (6แถม1) ดีท๊อกสลายไขมัน บรรจุ20เม็ด,Fat Blockers & Burners,25.0,<฿100,,False,False,2.0,,Nakhon Si Thammarat,Other provinces
4793465992,พร้อมส่ง กาแฟNB nb Coffee กาแฟเอ็นบี กาแฟครูเบียร์ NB Coffee 1 ห่อม มี 7 ซอง โฉมใหม่,Slimming Beverages,185.0,฿100–299,,False,False,,,Bangkok,Greater Bangkok
4793500205,"""มีของแถม"" Nestle Boost Optimum, Care, Fiber & Collagen 400-800 g. บูสท์ อาหารทางการแพทย์สูตรครบถ้วน เวย์โปรตีน ผู้สูงอายุ (1 กระป๋อง)",Nutritional Foods & Drinks,425.0,฿300–499,,False,False,,,Nong Bua Lamphu,Other provinces
4793505474,อ้วยอันเถาเอ็นอ่อน 100 แคปซูล,Herbs & Traditional Medicine,160.0,฿100–299,,False,False,,,Samut Prakan,Greater Bangkok
4793556367,Maxxlife  Virgin Coconut Oil  น้ำมันมะพร้าว ( ชนิดเม็ด )  60 แคปซูล,Heart & Blood Pressure,358.0,฿300–499,,False,False,,,Bangkok,Greater Bangkok
4793587474,{ ของแท้ } ANGYER แองเยอร์ อัพ อาหารเสริมสำหรับผู้ชาย 1 กล่องมี 10 แคปซูล,Men's Health,199.0,฿100–299,200.0,False,True,,39800.0,Bangkok,Greater Bangkok
4793617572,[ของแท้] I Am Gluta X12 ไอแอมกลูต้า เอ็กซ์ ทเวลฟ์ พรีเมี่ยม กลูต้าเอศุภชัย กลูต้าพี่เอ  อาหารเสริม,Skin Nourishment,890.0,฿500–999,,False,False,,,Chiang Mai,Other provinces
4793634082,( ของแท้ ) แองเยอร์ อัพ ANGYER  อาหารเสริมสำหรับผู้ชาย 1 กล่องมี 10 แคปซูล,Men's Health,199.0,฿100–299,200.0,False,True,,39800.0,Bangkok,Greater Bangkok
4793647517,Healthy Care Evening Primrose Oil 1000mg - 200 Capsules | Relieve Menstrual Discomfort,Women's Health,749.96,฿500–999,,False,False,,,ต่างประเทศ,Other provinces
4793657665,Anlene Gold 5 แอนลีน โกลด์ 5 นมผงไขมันต่ำ แบบชง รสจืด กระป๋อง 400 กรัม,Nutritional Foods & Drinks,260.0,฿100–299,,False,False,,,Phitsanulok,Other provinces
4793673098,ไฟเบอร์ ดีท็อกซ์ ล้างลำไส้ ลดพุง ล้างตับ ลดกลิ่นตัว ควบคุมน้ำหนัก Fruity Mix Fiberry Detox ตรา บลูเบิร์ด ขนาด 600 มิลลิกรัม 60 แคปซูล // HiMyHealth,Digestive Care,159.0,฿100–299,,False,False,1.0,,Nakhon Ratchasima,Other provinces
4793684978,อภัย ลิฟเวล Abhai Livwell,Detoxification,250.0,฿100–299,,False,False,,,Udon Thani,Other provinces
4793691423,สมุนไพรพื้นบ้านจินดามณี,Herbs & Traditional Medicine,43.0,<฿100,,False,False,,,Loei,Other provinces
4793694393,Himalaya Abana 60 เม็ด เกี่ยวกับไขมัน ความดัน,Heart & Blood Pressure,72.0,<฿100,5.0,False,True,2.0,360.0,Bangkok,Greater Bangkok
4793710740,Gluta Complex 1000 (กลูต้า พลัส สารสกัดส้มสีแดง),Whitening,790.0,฿500–999,,False,False,,,Nong Khai,Other provinces
4793725596,Rice Bran Oil น้ำมันรำข้าว,Heart & Blood Pressure,450.0,฿300–499,,False,False,,,Nong Khai,Other provinces
4793730382,Nutrex Research Ultra Pure Creatine Monohydrate Powder - 300 g | 60 Servings สุดยอด เพิ่มแรง เพิ่มพลัง ก่อนออกกำลังกาย เสริมสร้างกล้ามเนื้อ,Pre-Workout,1090.0,"฿1,000+",,False,False,,,Chiang Rai,Other provinces
4793742610,VE MEAL วีมิล โปรตีนธัญพืชสกัด นวัตกรรมอาหารเพื่อสุขภาพ,Meal Replacement,1500.0,"฿1,000+",,False,False,,,Bangkok,Greater Bangkok
4793743517,ยินตัน เม็ดสีเงิน 150 เม็ด,Herbs & Traditional Medicine,18.0,<฿100,32.0,False,True,1.0,576.0,Bangkok,Greater Bangkok
4793761390,ยาอมสมุนไพรอ้วยอันโอสถ ตรามังกรทอง,Herbs & Traditional Medicine,11.0,<฿100,10.0,False,True,3.0,110.0,Bangkok,Greater Bangkok
4793774356,Dc slim,Weight Management Value Sets,250.0,฿100–299,,False,False,,,Prachuap Khiri Khan,Other provinces
4793792143,1 แถม 1 [ของแท้]  Jessina เม็ดเคี้ยวไฟเบอร์🍎  พุงยุบ ขับโซเดียม เอวเล็ก หน้าเรียว ลดบวม แขนขาเรียว ขับถ่ายง่าย,Weight Management Value Sets,230.0,฿100–299,,False,False,,,Bangkok,Greater Bangkok
4793795050,1 แถม 1 Jessina เม็ดเคี้ยวไฟเบอร์ ลดบวม แขนขาเรียว ขับถ่ายง่าย พุงยุบ ขับโซเดียม เอวเล็ก หน้าเรียว,Digestive Care,230.0,฿100–299,,False,False,,,Bangkok,Greater Bangkok
4793795063,Himalaya Liv.52 DS บำรุงตับเข้มข้น 60 เม็ด,Detoxification,75.0,<฿100,6.0,False,True,2.0,450.0,Bangkok,Greater Bangkok
4793806233,Grape seed สารสกัดจากเมล็ดองุ่น,Beauty Supplements Value Sets,380.0,฿300–499,,False,False,,,Nong Khai,Other provinces
4793847179,Mega Mass ขนาด 1Ib เวย์โปรตีนเพิ่มน้ำหนัก เพิ่มกล้ามเนื้อ whey protein,Mass Gainer,379.0,฿300–499,,False,False,1.0,,Roi Et,Other provinces
4793859128,probilac set 3กล่อง 90ซอง,Digestive Care,1350.0,"฿1,000+",,False,False,1.0,,Bangkok,Greater Bangkok
4793867050,วิโนน่าโพรไบโอ#สูตร3 Winona Probio TA โพรไบโอติกสายพันธุ์ไทย ดูแลสมดุลย์ลำไส้ ไขมันในเลือด ช่วยชะลอวัย,Digestive Care,3839.0,"฿1,000+",5.0,False,True,2.0,19195.0,Bangkok,Greater Bangkok
4793905125,คูรูริกิ Cururiki สารสกัดสมุนไพร บำรุงตับ ลดไขมันพอกตับ,Heart & Blood Pressure,790.0,฿500–999,,False,False,,,Nonthaburi,Greater Bangkok
4794008791,CLA Conjugated Linoleic Acid + L-carnitine ซีแอลเอ ตรา บลูเบิร์ด 600 มิลลิกรัม 60 แคปซูล,Fat Blockers & Burners,219.0,฿100–299,,False,False,,,Nakhon Ratchasima,Other provinces
4794046342,เวย์โปรตีนไอโซเลท รสดาร์กช้อกโกแลต 10 ซอง แพคเกจใหม่ (1 กล่อง ),Mass Gainer,1250.0,"฿1,000+",,False,False,,,Phuket,Other provinces
4794101488,วิโนน่าโพรไบโอ#สูตร3 Winona Probio TA โพรไบโอติกส์สายพันธุ์ไทย ดูแลสมดุลย์ลำไส้ ไขมันในเลือด ช่วยชะลอวัย,Digestive Care,1599.0,"฿1,000+",,False,False,,,Bangkok,Greater Bangkok
4794103538,กษัยเส้น เจ้าสัวสมุนไพร เจ้าสัว (หมดอายุ 19/10/23) ขนาด 30แคปซูล ของไทย เถาวัลย์เปรียง แก่นขี้เหล็ก พร้อมส่ง วันที่สั่ง**,Well Being Gifts & Value Sets,390.0,฿300–499,30.0,False,True,9.0,11700.0,Chachoengsao,Other provinces
4794213516,ออนฟลีค อาหารเสริมช่วยการเผาผลาญไขมัน บล็อคแป้ง เร่งเผาผลาญ,Fat Blockers & Burners,699.0,฿500–999,,False,False,1.0,,Bangkok,Greater Bangkok
4794244458,นมผึ้ง royal jelly ของแท้ นมผึ้งEX NBL Royal Jelly EX รอยัลเจลลี่ เกรดพรีเมี่ยม นมผึ้งโดสสูง 2545 mg (30 Capsules) มีฮาลาล,Multivitamins,650.0,฿500–999,32.0,False,True,11.0,20800.0,Chachoengsao,Other provinces
4794272259,โพรไบโอติกส์ วิโนน่า โพรไบโอ (สูตร3) Winona Probio TA ดูแลระบบขับถ่าย ไขมันในเลือด ผิวพรรณ,Digestive Care,1599.0,"฿1,000+",,False,False,,,Bangkok,Greater Bangkok
4794350656,โซคิวกลูต้าของแท้ 100% 3ชิ้นถูกกว่า!,Whitening,250.0,฿100–299,,False,False,1.0,,Bangkok,Greater Bangkok
4794351769,Set หลับง่ายคลายเครียด จีไนท์กัมมี่2ซอง+ไนท์ไนท์ช็อต1แพ็ค+จีไนท์เอ็กซ์ตร้า1แผง+จีไนท์มิลค์รสชาตละ1ขวด,"Stress, Sleep, and Anxiety",299.0,฿100–299,,False,False,1.0,,Nonthaburi,Greater Bangkok
4794434875,วีน่าx5 (1แถม1)วีน่าเอ็กซ์5 ผลิตภัณฑ์เสริมอาหารลดน้ำหนัก,Appetite Suppressant,299.0,฿100–299,,False,False,1.0,,Ratchaburi,Other provinces
4794446377,(ส่งฟรี) วีทกราส อัลฟาฟ่า คลอโรฟิลล์ ไฟเบอร์ ดีท็อก ลำไส้ ล้างสารพิษ ยูมิโกะ บรรจุ 200 กรัม,Detoxification,390.0,฿300–499,,False,False,,,Rayong,Other provinces
4794523366,แท้ 100 %  น้ำชงแตงโม  น้ำแตงโมรียา ช่วยคุมหิว และเร่งเผาผลาญ,Slimming Beverages,290.0,฿100–299,,False,False,1.0,,Bangkok,Greater Bangkok
4794534480,วีน่าเอ็กซ์5 (1แถม1)venaX5 ผลิตภัณฑ์เสริมอาหารลดน้ำหนักตัวใหม่,Appetite Suppressant,299.0,฿100–299,,False,False,,,Ratchaburi,Other provinces
4794537548,โอบา วิตต้าซี ส้มสีเลือด,Multivitamins,185.0,฿100–299,,False,False,,,Nakhon Pathom,Greater Bangkok
4794744944,Yanhee Callyn Plus [เซต 3 กล่อง ทานได้ 1เดือน] ยันฮี คอลลิน พลัส จากยันฮี,Women's Health,899.0,฿500–999,,False,False,,,Bangkok,Greater Bangkok
4794846277,Coatex Dogs Cats Help Skin & Coat 240caps อาหารเสริม บำรุงเส้นขนและผิวหนัง แบบเม็ด สุนัข แมว บรรจุ 1 กล่องใหญ่ 240 เม็ด,Multivitamins,2890.0,"฿1,000+",,False,False,,,Samut Sakhon,Greater Bangkok
4794846850,VISTRA CLA & L-Carnitine 1100mg 30 เม็ด,Fat Blockers & Burners,650.0,฿500–999,,False,False,,,Bangkok,Greater Bangkok
4794883757,ลดน้ำหนัก ส้มแขก ขับถ่ายดี ยุบพุง หอม อร่อย ชงง่าย ละลายไว ลดไขมันในสำใส้ Detox 15 ซอง,Weight Management Value Sets,460.0,฿300–499,,False,False,,,Nakhon Sawan,Other provinces
4794913821,ลดน้ำหนัก ตัวช่วยหุ่นสวย หุ่นดี ผงบุกเม็ดสกัด ควบคุมความอยากอาหาร (100เม็ด),Weight Management Value Sets,470.0,฿300–499,,False,False,,,Nakhon Sawan,Other provinces
4794945875,น้ำมันปลา ( 500 มิลลิกรัม 90 แคปซูล ) Fish oil GIFFARINE น้ำมันตับปลา  ทานได้ทุกวัย,Brain & Memory,235.2,฿100–299,,False,False,1.0,,Bangkok,Greater Bangkok
4794975540,จินดา Jindar Coffee Jindar Darkcocoa กาแฟจินดา โกโก้จินดา จินดาคอฟฟี่ จินดาดาร์กโกโก้ คุมหิว ลดการกินจุกจิก อิ่มนาน บล็อกแป้ง น้ำตาล 3 แถม 3,Slimming Beverages,1000.0,"฿1,000+",,False,False,,,Bangkok,Greater Bangkok
4794982621,น้ำมันสะกัดเย็น 5 ชนิดสยบความดัน ตราไร่ไทย,Heart & Blood Pressure,169.0,฿100–299,,False,False,1.0,,Bangkok,Greater Bangkok
4795004397,Amino Vit อาหารทดแทนโปรตีนสกัดจากธรรมชาติ 1กล่อง(30 ซอง),Meal Replacement,1350.0,"฿1,000+",,False,False,,,Phra Nakhon Si Ayutthaya,Other provinces
4795026580,สมุนไพรลดหน้าท้อง Abdomen Slim,Fat Blockers & Burners,138.0,฿100–299,,False,False,,,Bangkok,Greater Bangkok
4795026883,น้ำมันปลา  ( 500 มก. 50 แคปซูล ) Fish oil  น้ำมันตับปลา,Brain & Memory,147.0,฿100–299,,False,False,,,Bangkok,Greater Bangkok
4795030732,Ginkgo Biloba Extract Plus สารสกัดจากใบแปะก๊วย พลัส ตรา บลูเบิร์ด ขนาด 600 มิลลิกรัม 60 แคปซูล // HiMyHealth,Brain & Memory,219.0,฿100–299,,False,False,,,Nakhon Ratchasima,Other provinces
4795047788,น้ำมันปลา ( 1000 มก. 90 แคปซูล ) น้ำมันมันปลา Fish Oil GIFFARINE น้ำมันตับปลา,Brain & Memory,396.9,฿300–499,,False,False,1.0,,Bangkok,Greater Bangkok
4795063950,[Clearance Deal] 3 กระปุก Coconut Oil 1000 mg 60 แคปซูล (น้ำมันมะพร้าวสกัดเย็น 1000 มก.),Well Being Gifts & Value Sets,330.0,฿300–499,,False,False,,,Samut Prakan,Greater Bangkok
4795072638,น้ำมันปลา ( 500 มิลลิกรัม 90 แคปซูล ) Fish oil GIFFARINE น้ำมันตับปลา  ทานได้ทุกวัย,Brain & Memory,240.0,฿100–299,,False,False,1.0,,Bangkok,Greater Bangkok
4795115307,น้ำมันปลา  ( 500 มก. 50 แคปซูล ) Fish oil  น้ำมันตับปลา,Brain & Memory,150.0,฿100–299,23.0,False,True,2.0,3450.0,Bangkok,Greater Bangkok
4795130457,น้ำมันปลา  ( 1000 มิลลิกรัม 50 แคปซูล ) Fish oil น้ำมันตับปลา ทานได้ทุกวัย,Brain & Memory,262.5,฿100–299,,False,False,1.0,,Bangkok,Greater Bangkok
4795131717,[2 แถม 1] Jamsai Cordyceps Coffee แจ่มใส คอฟฟี่ [15 ซอง] กาแฟแจ่มใส ถั่งเช่า กาแฟถังเช่า,Slimming Beverages,209.0,฿100–299,,False,False,1.0,,Pathum Thani,Greater Bangkok
4795155003,Nepro เนบโปร เอชพี ชนิดผง วานิลลา 400 กรัม 1 กระป๋อง Nepro HP Powder Vanilla 400g 1 Tin สำหรับผู้ป่วยล้างไต,Nutritional Foods & Drinks,465.0,฿300–499,,False,False,1.0,,Nonthaburi,Greater Bangkok
4795156448,HICEE SWEETLETS 100mg. 200’S/BTL,Nutritional Foods & Drinks,160.0,฿100–299,,False,False,,,Samut Prakan,Greater Bangkok
4795158154,น้ำมันปลา  ( 1000 มิลลิกรัม 50 แคปซูล ) Fish oil น้ำมันตับปลา ทานได้ทุกวัย,Brain & Memory,256.8,฿100–299,,False,False,,,Bangkok,Greater Bangkok
4795168151,น้ำมันปลา ( 1000 มก. 90 แคปซูล ) น้ำมันมันปลา Fish Oil GIFFARINE น้ำมันตับปลา,Brain & Memory,405.0,฿300–499,,False,False,1.0,,Bangkok,Greater Bangkok
4795171651,ซิงค์ Vistra Zinc วิสทร้า ซิงค์ 15 มก. ขนาด 20 แคปซูล,Acne Care,79.0,<฿100,,False,False,,,Chiang Mai,Other provinces
4795186457,[4 แถม 2] Jamsai Cordyceps Coffee แจ่มใส คอฟฟี่ [15 ซอง] กาแฟแจ่มใส ถั่งเช่า กาแฟถังเช่า,Slimming Beverages,410.0,฿300–499,,False,False,1.0,,Pathum Thani,Greater Bangkok
4795203420,[Clearance Deal] น้ำมันปลา สูตรไร้กลิ่น (30 แคปซูล) Odourless Fish Oil 1000 MG OMEGA-3 -,Heart & Blood Pressure,95.0,<฿100,,False,False,1.0,,Samut Prakan,Greater Bangkok
4795213747,EverSlim Diet เม็ดฟู่บล๊อคไขมัน สุดฮิตจากเกาหลี 1หลอด มี 18เม็ด,Fat Blockers & Burners,95.0,<฿100,,False,False,,,Trat,Other provinces
4795219071,JESSIE M By JESSIE MUM แบบกล่อง,Pregnancy Care,890.0,฿500–999,,False,False,,,Bangkok,Greater Bangkok
4795219850,Blackmores Probiotics+ Womens Flora Balance ปรับความสมดุลโดยเฉพาะช่องคลอด,Women's Health,559.0,฿500–999,,False,False,,,Songkhla,Other provinces
4795228021,ยินตัน เม็ดสีเงิน 1 ซอง (150 เม็ด),Herbs & Traditional Medicine,18.0,<฿100,6.0,False,True,1.0,108.0,Bangkok,Greater Bangkok
4795236509,🇯🇵พร้อมส่ง🇯🇵 อาหารเสริม ลดน้ำหนักญี่ปุ่น Very Very Easy Diet 600 เม็ด,Appetite Suppressant,739.0,฿500–999,,False,False,1.0,,Bangkok,Greater Bangkok
4795249736,Mega We Care Garlic Oil 100 caps น้ำมันกระเทียมช่วยลดคอเลสเตอรอล,Heart & Blood Pressure,119.0,฿100–299,,False,False,,,Kanchanaburi,Other provinces
4795277459,Elevit DHA ดีเอชเอ สำหรับผู้หญิงตั้งครรภ์และให้นมบุตร 60 แคปซูล ออสเตรเลีย,Women's Health,690.0,฿500–999,,False,False,,,Songkhla,Other provinces
4795306152,[Clearance Deal] DHA Omega-3 ดีเอชเอจากน้ำมันปลาแซลม่อน (30 แคปซูล),Brain & Memory,105.0,฿100–299,,False,False,1.0,,Samut Prakan,Greater Bangkok
4795306641,โปรพิเศษ 1แถม1 Serine gluta grape seed กลูต้า เกรปซี้ด ผิวใส ลด ฝ้ากระ จุดด่างดำ,Whitening,290.0,฿100–299,,False,False,1.0,,Samut Prakan,Greater Bangkok
4795309367,NEOCA ORYZOL TS (30 แคปซูล) นีโอก้า ออไรซอล ทีเอส น้ำมันจมูกข้าว,Heart & Blood Pressure,299.0,฿100–299,,False,False,,,Kanchanaburi,Other provinces
4795329230,Naturopathica Fatblaster Platinum + ThermoBurn 40 แคปซูล 8 Keys Benefits จาก ออสเตรเลีย,Fat Blockers & Burners,690.0,฿500–999,,False,False,,,Songkhla,Other provinces
4795339208,Wagner Fish oil Omega3 เข้มข้น 3 เท่า 150 แคปซูล จากนิวซีแลนด์ ปราศจากสารตะกั่ว,Brain & Memory,550.0,฿500–999,,False,False,,,Songkhla,Other provinces
4795342171,Blackmores Omega 3 150 แคปซูล Triple Concentrated Fish Oil,Brain & Memory,980.0,฿500–999,,False,False,1.0,,Songkhla,Other provinces
4795368029,Healthy Care Lung Detox 180 แคปซูล บำรุงปกป้องปอด,Detoxification,685.0,฿500–999,,False,False,,,Songkhla,Other provinces
4795378019,[Clearance Deal] Royal Jelly Complex 40 Capsules นมผึ้งจากออสเตรเลีย,Immunity,109.0,฿100–299,7.0,False,True,2.0,763.0,Samut Prakan,Greater Bangkok
4795404685,1แถม1 รวม 2 ถุง NIKO S นิโกะเอส ผงบุกชง รสลิ้นจี่ ผงบุกชง หุ่น ขับถ่าย ผิว 1 ถุง 5 ซอง,Slimming Beverages,210.0,฿100–299,,False,False,,,Bangkok,Greater Bangkok
4795447713,คอลลาเจน ไตรเปปไทด์,Beauty Supplements Value Sets,200.0,฿100–299,,False,False,,,Kalasin,Other provinces
4795480547,Anlene Gold 5X (45+ years old)  นมผง แอนลีน โกลด์ (แบบผง) นมผงไขมันต่ำ แคลเซียมสูง นมคนสูงอายุ บำรุงกระดูก ขนาด 250g -1 kg,Nutritional Foods & Drinks,111.0,฿100–299,,False,False,,,Songkhla,Other provinces
4795495546,Wink White XS PROTEIN วิงค์ไวท์ เอ็กซ์เอส โปรตีน โปรตีนพืช Plant-Based โปรตีนคุมหิว โปรตีนลดน้ำหนัก อิ่มนาน ลดการอยากอาหาร เผาผลาญไขมัน 240g. 1 กระปุก,Protein,490.0,฿300–499,,False,False,,,Bangkok,Greater Bangkok
4795561865,น้ำ ฺBlue จากเยอรมนี กระตุ้นหญิง เพิ่มความสุข มีขนาดทดลอง,Sexual Health Vitamins,290.0,฿100–299,8.0,False,True,2.0,2320.0,Trat,Other provinces
4795621910,Pharma Nord Bio Quinone Q10 100 mg ฟาร์มา นอร์ด ไบโอ ควิโนน คิวเท็น (60 capsules) สินค้าใหม่ พร้อมส่งด่วน,Heart & Blood Pressure,2136.0,"฿1,000+",,False,False,2.0,,Satun,Other provinces
4795624605,[พร้อมส่ง]เจลลี่ไฟเบอร์ ลดโซเดียมลดบวมน้ำ,Weight Management Value Sets,1470.0,"฿1,000+",,False,False,,,Nonthaburi,Greater Bangkok
4795641755,[1 ซอง] LACTO-FIT Gold Probiotics แลคโตฟิต โกลด์ โพรไบโอติกส์,Weight Management Value Sets,9.0,<฿100,6.0,False,True,2.0,54.0,Bangkok,Greater Bangkok
4795690513,[พร้อมส่ง]S sure Coffee กาแฟเป้ย ปานวาด,Appetite Suppressant,850.0,฿500–999,,False,False,,,Nonthaburi,Greater Bangkok
4795691275,Per Jelly Fiber เพอร์เจลลี่ไฟเบอร์ มะขาม/ส้ม/มะม่วง,Digestive Care,490.0,฿300–499,,False,False,,,Pathum Thani,Greater Bangkok
4795697461,กระชายดำ แมกช์ พลัส+ กระชายดำ อาร์ดเอนออน  ถั่งเช่า ผลิตภัณฑ์เสริมอาหารแอล-อาร์จินีน ผสมทอรีน สารสกัดกระชายดำ สารสกัดโสม ซิงก์,Men's Health,330.0,฿300–499,,False,False,,,Bangkok,Greater Bangkok
4795702361,Jelly โสม รสน้ำผึ้ง Vip เพิ่มความเป็นชาย,Sexual Health Vitamins,425.0,฿300–499,,False,False,,,Trat,Other provinces
4795710484,ธาตุน้ำขาว ตรากระต่ายบิน (ยาสามัญประจำบ้าน),Herbs & Traditional Medicine,25.0,<฿100,,False,False,,,Bangkok,Greater Bangkok
4795716558,[ส่งฟรี] โกโก้ไนน์ กาแฟไนน์ ชาเขียวไนน์ น้ำผักไนน์ [แบบซอง] [โปร1แถม2] [ของแท้ 100%] ควบคุมน้ำหนัก ขับถ่ายดี NINE COCOA/COFFEE/GREEN TEA,Slimming Beverages,590.0,฿500–999,,False,False,,,Bangkok,Greater Bangkok
4795719543,ผลิตภัณฑ์เสริมอาหารแอล-อาร์จินีน กระชายดำแมกช์พลัส+ ผสมทอรีน สารสกัดกระชายดำ สารสกัดโสม ซิงก์ ไลโคพีน และวิตามิน บี12 ชนิดแคปซูล,Men's Health,340.0,฿300–499,,False,False,,,Bangkok,Greater Bangkok
4795721478,ผลิตภัณฑ์เสริมอาหารแอล-อาร์จินีน ผสมทอรีน สารสกัดกระชายดำ อาร์กเอนออน สารสกัดโสม ซิงก์ ไลโคพีน และวิตามิน บี12 ชนิดแคปซูล,Men's Health,350.0,฿300–499,,False,False,,,Bangkok,Greater Bangkok
4795749105,กาแฟโสมซูเลียน​ 84 ซอง คอฟฟี่พลัส ของแท้ 100% กาแฟซูเลียน กาแฟโสม coffee plus,Nutritional Foods & Drinks,895.0,฿500–999,,False,False,,,Bangkok,Greater Bangkok
4795760769,Wink White XS PROTEIN PINK MILK FLAVOR วิ้งไวท์ เอ็กซ์เอส โปรตีน โปรตีนลดน้ำหนัก โปรตีนคุมหิว ลดความอยากอาหาร เร่งเผาผลาญ รสนมชมพู 1 กระปุก,Protein,490.0,฿300–499,,False,False,,,Bangkok,Greater Bangkok
4795763765,🍄 แคปซูลเห็ดหัวลิง Lion's Mane Mushroom Capsules 🏷️ Value Pack of 6 Lion's Mane Bottles 💊 Select 60 or 120 Capsule Bottles,Brain & Memory,2995.0,"฿1,000+",,False,False,,,Phuket,Other provinces
4795777076,[พร้อมส่ง]เจลลี่ไฟเบอร์รสส้ม ลดโซเดียมลดบวม,Weight Management Value Sets,490.0,฿300–499,,False,False,0.0,,Nonthaburi,Greater Bangkok
4795778801,Honey Q เม็ดฟู่ คุมหิวอิ่มนาน ควบคุมน้ำหนัก ดูดซึมง่าย ปรับสมดุล อาหารเสริมคุมหิว,Weight Management Value Sets,2100.0,"฿1,000+",,False,False,,,Chiang Mai,Other provinces
4795786199,[พร้อมส่ง]S sure Coffee กาแฟเป้ย ปานวาด,Appetite Suppressant,1650.0,"฿1,000+",,False,False,,,Nonthaburi,Greater Bangkok
4795905473,นารีญาพลัส NAREEYA PLUS 1 กระปุก 60 เม็ด ของแท้ ส่งฟรี!! นารีญา สมุนไพร วิตามินซี คอลลาเจน collagen สารสกัด 19 ชนิด บำรุงผิว,Beauty Supplements Value Sets,340.0,฿300–499,,False,False,,,Si Sa Ket,Other provinces
4795929384,ใหม่!! NAREEYA PLUS นารีญา สมุนไพร วิตามิน เบต้ากลูแคน วิตามินซี คอลลาเจน collagen นารีญาพลัส สารสกัด 19 ชนิด บำรุงผิว 1 กระปุก บรรจุ 60 เม็ด,Beauty Supplements Value Sets,340.0,฿300–499,,False,False,,,Si Sa Ket,Other provinces
4796035062,🍄 แคปซูลเห็ดหัวลิง Lion's Mane Mushroom Capsules 🏷️ Value Pack of 3 Lion's Mane Bottles 💊 Select 60 or 120 Capsule Bottles,Brain & Memory,1595.0,"฿1,000+",,False,False,,,Phuket,Other provinces
4796191678,ของแท้ ส่งฟรี!! Nareeya Plus+ นารีญา พลัส สูตรใหม่!! สมุนไพรผู้หญิง Vitamin C + Collagen นารีญาสมุนไพร 1 กระปุก 60 เม็ด,Women's Health,340.0,฿300–499,,False,False,,,Si Sa Ket,Other provinces
4796373383,สมุนไพรคาวตองยศสุนทร🍀สูตรหมักออแกนิคเข้มข้น,Herbs & Traditional Medicine,1200.0,"฿1,000+",,False,False,,,Pathum Thani,Greater Bangkok
4796383760,โปร 1แถม 1 ฟรี 60 แคปซูลน้ำมันมะพร้าวผสมคอลลาเจนเกาหลี,Well Being Gifts & Value Sets,399.0,฿300–499,,False,False,,,Bangkok,Greater Bangkok
4796485819,Orange Jelly Fiber ส้ม เจลลี่ ไฟเบอร์ ปนันชิตา เจลลี่ไฟเบอร์ส้ม [7 ซอง/กล่อง] [1 กล่อง],Digestive Care,298.0,฿100–299,,False,False,,,Pathum Thani,Greater Bangkok
4796520522,นารีญา แพ็คเกจใหม่ สมุนไพร Nareeya Plus 10 กระปุก ของแท้ ส่งฟรี!! คอลลาเจน กลูต้าไธโอน อาหารเสริมผู้หญิง นารียา Nareeya ดูแลคุณผู้หญิงทุกวัย,Women's Health,340.0,฿300–499,,False,False,,,Chachoengsao,Other provinces
4796627025,เถาวัลย์เปรียงแคปซูล สมุนไพรแก้ปวดข้อ ปวดเข่า ปวดหลัง ปวดเอว ปวดเมื่อย ข้ออักเสบ เข่าเสื่อม เก้าท์ เส้นยึด เส้นตึง 60 แคปซูล 2 กระปุก,Herbs & Traditional Medicine,380.0,฿300–499,,False,False,,,Bangkok,Greater Bangkok
4796682348,Yanhee Callyn Plus [ คอลลิน3 + อัลติเมท 2] ยันฮี คอลลิน พลัส จากยันฮี,Weight Management Value Sets,2180.0,"฿1,000+",17.0,False,True,3.0,37060.0,Bangkok,Greater Bangkok
4796717885,พริ้มพราว อาหารเสริมผู้หญิง อาหารเสริมสำหรับผู้หญิง อาหารเสริมบำรุงผู้หญิง อาหารเสริมบำรุงสตรี อาหารเสริมสตรี,Women's Health,180.0,฿100–299,,False,False,,,Bangkok,Greater Bangkok
4796739250,(ขายดี) Ensure Gold เอนชัวร์ อาหารสูตรครบถ้วน กลิ่นวานิลลา 850 กรัม 1 กระป๋อง ถูกและดีที่สุด,Nutritional Foods & Drinks,820.0,฿500–999,,False,False,,,Bangkok,Greater Bangkok
4796798809,กลูเซอน่าเอสอาร์ทริปเปิลแคร์ กลิ่น วนิลา และกลูเซอน่า พลัสกลิ่นธัญพืช แพคคู่ราคาประหยัด แถมฟรีกระบอกเช็คมูลค่า 120 บาท,Nutritional Foods & Drinks,900.0,฿500–999,,False,False,,,Nakhon Ratchasima,Other provinces
4796804576,POW DAILY พาวเดลี่ โปรตีนเพื่อสุขภาพ เป็นมากกว่าโปรตีน ให้มากกว่าความอิ่ม,Protein,1980.0,"฿1,000+",,False,False,,,Sakon Nakhon,Other provinces
4796884784,ส่งฟรี ❗️Jessie Mum อาหารเสริมเพิ่มน้ำนม  กู้น้ำนม คุณแม่หลังคลอด โปร3แถม1กล่องฟรี,Women's Health,2670.0,"฿1,000+",,False,False,,,Bangkok,Greater Bangkok
4796895555,"Merry Plant Protein โปรตีนพืช 5 ชนิด : รส Matcha Green Tea Flavor 1 กระปุก 2.3lb. / 1,050g. [ 20 Servings ]",Protein,1290.0,"฿1,000+",8.0,False,True,2.0,10320.0,Bangkok,Greater Bangkok
4796920922,"Merry Plant Protein โปรตีนพืช 5 ชนิด : รส Thai Tea Flavor 1 กระปุก 2.3lb. / 1,050g. [ 20 Servings ]",Protein,1290.0,"฿1,000+",,False,False,1.0,,Bangkok,Greater Bangkok
4796929893,"Merry Plant Protein โปรตีนพืช 5 ชนิด : รส Strawberry Milk Flavor 1 กระปุก 2.3lb. / 1,050g. [ 20 Servings ]",Protein,1290.0,"฿1,000+",8.0,False,True,1.0,10320.0,Bangkok,Greater Bangkok
4796947884,"Merry Plant Protein โปรตีนพืช 5 ชนิด : รส Mixed Berry Flavor 1 กระปุก 2.3lb. / 1,050g. [ 20 Servings ]",Protein,1290.0,"฿1,000+",8.0,False,True,2.0,10320.0,Bangkok,Greater Bangkok
4797023826,แก้ปวดเมื่อย แคปซูล กรุงเทพทิพโอสถ,Herbs & Traditional Medicine,650.0,฿500–999,,False,False,,,Bangkok,Greater Bangkok
4797067716,ตรีผลา 100 แคปซูล กรุงเทพทิพโอสถ ล้างพิษ ปรับสมดุล ช่วยย่อย,Herbs & Traditional Medicine,200.0,฿100–299,,False,False,,,Bangkok,Greater Bangkok
4797229355,แถมฟรี S-Fiber 2 กระปุก [4 แพค] กาแฟแจ่มใส Jamsai Cordyceps Coffee แจ่มใส คอฟฟี่ [15 ซอง] กาแฟ สำเร็จรูป,Slimming Beverages,409.0,฿300–499,,False,False,,,Pathum Thani,Greater Bangkok
4797266646,พร้อมส่ง Pananchita ไฟเบอร์เจลลี่ ขับโซเดียมลดบวมน้ำ รสส้ม 5 กล่อง 1995 แบรนด์แท้100% สินค้ารับตรงจากบริษัท,Weight Management Value Sets,1995.0,"฿1,000+",,False,False,,,Pathum Thani,Greater Bangkok
4797279163,แถมฟรี S-Fiber 1 กระปุก [2 แพค] กาแฟแจ่มใส Jamsai Cordyceps Coffee แจ่มใส คอฟฟี่ [15 ซอง] กาแฟ สำเร็จรูป,Slimming Beverages,208.0,฿100–299,,False,False,,,Pathum Thani,Greater Bangkok
4797364346,"[[ลดพิเศษ]] ลินไลฟ์เจลลี่โปรตีน 3 กล่อง 1,190.-",Meal Replacement,1190.0,"฿1,000+",,False,False,,,Rayong,Other provinces
4797375269,[1 กล่อง][10 ซอง] สมุนไพรแก้กรดไหลย้อน สมุนไพรกรดไหลย้อน Minherb มินเฮิร์บ ใบย่านางแดง สมุนไพรบรรเทากรดไหลย้อน รักษากรดไหลย้อน จุกแน่นเฟ้อ,Herbs & Traditional Medicine,89.0,<฿100,,False,False,,,Bangkok,Greater Bangkok
4797394623,พร้อมส่ง Pananchita ไฟเบอร์เจลลี่ ขับโซเดียมลดบวมน้ำ รสมะขาม 5 กล่อง 1995 แบรนด์แท้100% สินค้ารับตรงจากบริษัท,Weight Management Value Sets,1995.0,"฿1,000+",,False,False,,,Pathum Thani,Greater Bangkok
4797439926,เซ็ต3ถุง รส นม X3 โปรตีนสูง 33 กรัม Isolate Milk Flavor เวย์โปรตีน ไอโซเลท ลดไขมัน เพิ่มกล้ามเนื้อ V.21,Protein,1535.0,"฿1,000+",5.0,False,True,1.0,7675.0,Chiang Mai,Other provinces
4797440984,MaxTech Isolate Protein รส นม Milk Flavor ลดไขมัน เพิ่มกล้ามเนื้อ V.22,Protein,690.0,฿500–999,5.0,False,True,,3450.0,Chiang Mai,Other provinces
4797549931,**ส่งฟรี** ของแท้ สูตรดั้งเดิม บาชิทอง ควบคุมน้ำหนัก Baschi บาชิ มี 40 เม็ด,Appetite Suppressant,126.0,฿100–299,8.0,False,True,1.0,1008.0,Bangkok,Greater Bangkok
4797557916,BAAM MY WHEY PROTEIN 10 LBS FITWHEY เวย์โปรตีนเพิ่มกล้ามเนื้อ ลดไขมัน รส ชาเขียว Matcha Green Tea,Protein,3198.0,"฿1,000+",,False,False,,,Samut Prakan,Greater Bangkok
4797617787,Sarms Anavar อนาว่า เสริมสร้างโปรตีน การสร้างและฟื้นฟูกล้ามเนื้อให้แข็งแรง,Protein,1250.0,"฿1,000+",,False,False,,,Chonburi,Other provinces
4797639908,Sarms Proviron เสริมสร้างฟื้นฟูกล้ามเนื้อให้ ฮอรโมนแข็งแรง,Mass Gainer,1150.0,"฿1,000+",,False,False,,,Chonburi,Other provinces
4797644924,Nutri Diabet Gold นมเบาหวาน นมลดเบาหวาน นมสำหรับผู้ป่วยเบาหวาน นมสำหรับคนเป็นเบาหวาน คุมเบาหวาน ลดเบาหวาน คุมน้ำตาล ลดน้ำตาล 400g 2 กระป๋อง,Nutritional Foods & Drinks,1600.0,"฿1,000+",,False,False,,,Bangkok,Greater Bangkok
4797665058,[1 กล่อง][10 ซอง] Minherb มินเฮิร์บ ใบย่านางแดง สมุนไพรแก้กรดไหลย้อน สมุนไพรกรดไหลย้อน สมุนไพรบรรเทากรดไหลย้อน รักษากรดไหลย้อน จุกแน่นเฟ้อ,Herbs & Traditional Medicine,89.0,<฿100,,False,False,,,Bangkok,Greater Bangkok
4797675854,Anlene Total 10 แอนลีน โททอล 10 เครื่องดื่มนม กลิ่นวานิลลา 400กรัม / 800 กรัม,Nutritional Foods & Drinks,415.0,฿300–499,,False,False,,,Samut Prakan,Greater Bangkok
4797699327,วีร่าเพอร์ เอส เซท4กล่อง(ส่งฟรี),Weight Management Value Sets,1000.0,"฿1,000+",,False,False,,,Nakhon Sawan,Other provinces
4797702287,ชมพูใส่ซอง20ท็อกแบบซองถูกก ของแท้ สีชมพู20เม็ดส่งแบบเม็ดใส่ซอง ขายส่งราคาถูกสุด ส่งไว 貢食食食女 (มีบริการปลายทาง)หมายเลขใบอนุญาต/ อย. ดีท็อกซ์ 741615023000า,Detoxification,19.0,<฿100,11.0,False,True,,209.0,Ratchaburi,Other provinces
4797704762,(ส่งฟรี) (สูตรดั่งเดิม) บาชิ baschi (เม็ดขาวแดง) 40เม็ด,Appetite Suppressant,129.0,฿100–299,30.0,False,True,8.0,3870.0,Bangkok,Greater Bangkok
4797728637,Nutri Diabet Gold นมเบาหวาน นมลดเบาหวาน นมสำหรับผู้ป่วยเบาหวาน นมสำหรับคนเป็นเบาหวาน คุมเบาหวาน ลดเบาหวาน คุมน้ำตาล ลดน้ำตาล 400g 1 กระป๋อง,Nutritional Foods & Drinks,920.0,฿500–999,,False,False,,,Bangkok,Greater Bangkok
4797735781,N SO S 1แถม1📌 I เอ็นโซเอสกล่องสีเขียว เจ้าของเดียวกับ กล่องแดง มาดามริต้า ลดอาการบวมน้ำ ขับโซเดียม เร่งการเผาพลาญ,Weight Management Value Sets,285.0,฿100–299,,False,False,,,Phatthalung,Other provinces
4797825184,[สูตรขายดี]WINK WHITE XS อาหารเสริมควบคุมน้ำหนัก + เจลลี่ไฟเบอร์,Weight Management Value Sets,970.0,฿500–999,,False,False,,,Chiang Mai,Other provinces
4797826254,[โปรเร่งเบิร์น ] WINK WHITE Fiber Jelly ไฟเบอร์เจลลี่ + XS อาหารเสริมควบคุมน้ำหนัก + กาแฟลาเต้ + กาแฟดำ,Weight Management Value Sets,1180.0,"฿1,000+",,False,False,,,Chiang Mai,Other provinces
4797851637,Thegoli กลูตาไธโอน คอลลาเจน กัมมี่ ไวท์เทนนิ่ง แอนตี้-เอจจิ้ง สกิน โกลว์ คอลลาเจน 1000มก Glutathione Collagen gummy whitening anti-aging skin glow collagen 1000 mg,Skin Nourishment,359.0,฿300–499,49.0,False,True,2.0,17591.0,Samut Sakhon,Greater Bangkok
4797902728,Tomatal มะเขือเทศน้ำชงขาว 🍅,Nutritional Foods & Drinks,99.0,<฿100,,False,False,,,Songkhla,Other provinces
4797908159,Nutri Diabet Gold นมเบาหวาน นมลดเบาหวาน นมสำหรับผู้ป่วยเบาหวาน นมสำหรับคนเป็นเบาหวาน คุมเบาหวาน ลดเบาหวาน คุมน้ำตาล ลดน้ำตาล 400g 3 แถม 1 กระป๋อง,Nutritional Foods & Drinks,2590.0,"฿1,000+",,False,False,,,Bangkok,Greater Bangkok
4797914093,กลูเซอนา เอสอาร์ขนาด 850 กรัม,Nutritional Foods & Drinks,1010.0,"฿1,000+",,False,False,,,Surat Thani,Other provinces
4797922541,วิตามินเม็ดฟู่ เครียดนอนไม่หลับ,Brain & Memory,134.0,฿100–299,,False,False,,,Bangkok,Greater Bangkok
4797953048,(ส่งฟรี) ของแท้เจ้าเเดิมลงใหม่ !! สมุนไพร บาชิ (เม็ดขาวแดง) สูตรดั้งเดิม 40 เม็ด เก็บเงินปลายทาง,Appetite Suppressant,130.0,฿100–299,33.0,False,True,6.0,4290.0,Bangkok,Greater Bangkok
4797992893,กาแฟแชมป์ / Champ Coffee ผสมกระชายดำ สำหรับท่านชาย (กล่อง 10 ซอง),Men's Health,1200.0,"฿1,000+",,False,False,,,Bangkok,Greater Bangkok
4797997706,ของแท้!! รุ่นดั่งเดิม บาชิส้ม (แบบกล่องรุ่นดั่งเดิม) บาชิเม็ดส้มเทา,Appetite Suppressant,134.0,฿100–299,25.0,False,True,2.0,3350.0,Bangkok,Greater Bangkok
4798004609,Pre-order : ทีรามิสุ โกโก้ โพรไบโอติก (ไม่มีคาเฟอีน) คุมหิว อิ่มนาน ปรับระบบขับถ่าย อร่อยระดับคาเฟ่,Appetite Suppressant,1999.0,"฿1,000+",,False,False,,,Bangkok,Greater Bangkok
4798030390,Thegoli  แอสตาแซนธิน จากญี่ปุ่น 6 มก ผิวขาวต่อต้านริ้วรอย Astaxanthin 6 mg AstaREAL from Japan Whitening anti-anging repair skin,Skin Nourishment,299.0,฿100–299,331.0,False,True,2.0,98969.0,Samut Sakhon,Greater Bangkok
4798030855,SN9 เอสเอ็น9 ของแท้ ส่งฟรี!! ปวดเข่า ปวดขา ปวดเมื่อย สมุนไพรคลายเส้น Sn9 1 กระปุก บรรจุ 30 เม็ด ทานวันล่ะ 1-2 เม็ด,Herbs & Traditional Medicine,390.0,฿300–499,,False,False,,,Si Sa Ket,Other provinces
4798076418,บาชิ ส้มมุก (เม็ดขาวแดง) #Baschi สูตรเพิ่มกลูต้าผอม+ขาวใส 30 แคปซูล,Appetite Suppressant,124.0,฿100–299,,False,False,,,Bangkok,Greater Bangkok
4798102261,อัลฟ่า คลอโรฟิลล์ พลัส 100g. ALFA Chlorophyll Plus ล้างของเสียสะสม ปรับสมดุลการขับถ่าย อัลฟา,Detoxification,335.0,฿300–499,,False,False,,,Chonburi,Other provinces
4798112168,เอ็นโซเอส 1แถม1 ขับโซเดียม ลดบวม,Appetite Suppressant,295.0,฿100–299,,False,False,,,Nakhon Si Thammarat,Other provinces
4798117326,อากาเนะ ไลโคบริ้ง Akane lyco Brink 🍅 มีแบ่งขาย 10 ซอง ผงชงกลูต้ามะเขือเทศ ของแท้100%,Whitening,130.0,฿100–299,,False,False,,,Ubon Ratchathani,Other provinces
4798131265,ส่งฟรี  [ ซื้อ 4 แถม 1 ] VEGGY วิตามินผัก แถมฟรี น้ำมันมิกซ์ รีเซตหุ่น ผอมด่วน ผอมไว พุงยุบทันตา สูตรรีดไขมัน เห็นผลทันตา หุ่นเป๊ะ ปัง,Weight Management Value Sets,390.0,฿300–499,,False,False,,,Phitsanulok,Other provinces
4798133509,นารีญา สมุนไพร ของแท้ 5 กระปุก ส่งฟรี!! Nareeya Plus ผลิตภัณฑ์อาหารเสริมผู้หญิง 1 กระปุก มี 60 เม็ด,Women's Health,1170.0,"฿1,000+",,False,False,,,Si Sa Ket,Other provinces
4798141311,Seattle Gummy Mocca Shots : กัมมี่ อาหารเสริมให้พลังงาน เพิ่มความดีด สำหรับนักกีฬา นักวิ่ง หรือผู้ที่ต้องการคาเฟอีนทดแทนการดื่มกาแฟ,Multivitamins,140.0,฿100–299,,False,False,2.0,,Pathum Thani,Greater Bangkok
4798201275,นารีญา พลัส 2 กระปุก ของแท้ ส่งฟรี!! Nareeya Plus+ สูตรใหม่!! สมุนไพรผู้หญิง Vitamin C + Collagen นารีญา สมุนไพร 1 กระปุก 60 เม็ด,Women's Health,560.0,฿500–999,,False,False,,,Si Sa Ket,Other provinces
4798228005,อากาเนะ ไลโคบริ้ง Akane lyco Brink 🍅 มีแบ่งขาย 10 ซอง ผงชงกลูต้ามะเขือเทศ ของแท้100%,Whitening,130.0,฿100–299,,False,False,,,Ubon Ratchathani,Other provinces
4798279164,นารีญา สมุนไพร 3 กระปุก ของแท้ ส่งฟรี!! นารีญา พลัส NAREEYA นารีญา สมุนไพร สำหรับผู้หญิง ของแท้100% 1 บรรจุ 60 เม็ด,Women's Health,770.0,฿500–999,,False,False,,,Si Sa Ket,Other provinces
4798309331,วิตามินเจริญอาหาร วิตามินเพิ่มน้ำหนักคลีนิค สูตรเดิม,Multivitamins,250.0,฿100–299,6.0,False,True,,1500.0,Nakhon Ratchasima,Other provinces
4798351347,S-PURE เอสเพรียว ใหม่สูตรx2 คนเคยทานรู้ดี❤️,Women's Health,99.0,<฿100,,False,False,,,Phitsanulok,Other provinces
4798689330,1แผง ยันฮีคอลลินพลัส Yanhee Callyn Plus ยันฮี คอลลีน พลัส ลดหุ่น คุมหิว 10 เม็ด,Weight Management Value Sets,390.0,฿300–499,,False,False,,,Bangkok,Greater Bangkok
4798763808,[✅พร้อมส่ง] Betaoil (เบต้าออยล์) รวมสารสกัดจากน้ำมันรำข้าว น้ำมันคาโนล่า น้ำมันมะกอกผลิตภัณฑ์เสริมอาหาร 1กล่อง 10แคปซูล,Heart & Blood Pressure,690.0,฿500–999,,False,False,,,Bangkok,Greater Bangkok
4798774636,Nareeya Plus+ สูตรใหม่!! นารีญาของแท้ 2 กระปุก ส่งฟรี!! นารีญา พลัส สมุนไพรผู้หญิง Vitamin C + Collagen นารีญา สมุนไพร 1 กระปุก 60 เม็ด,Women's Health,560.0,฿500–999,,False,False,,,Si Sa Ket,Other provinces
4798801439,นารีญาของแท้ 2 กระปุก ส่งฟรี!! Nareeya Plus+ สูตรใหม่!! นารีญา พลัส สมุนไพรผู้หญิง Vitamin C + Collagen นารีญา สมุนไพร 1 กระปุก 60 เม็ด,Women's Health,560.0,฿500–999,,False,False,,,Si Sa Ket,Other provinces
4798826391,นารีญา พลัส Nareeya Plus+ 3 กระปุก ส่งฟรี! สูตรใหม่!! นารีญาของแท้ สมุนไพรผู้หญิง Vitamin C + Collagen นารีญา สมุนไพร 1 กระปุก 60 เม็ด,Women's Health,770.0,฿500–999,,False,False,,,Si Sa Ket,Other provinces
4798855380,ผิวกระจ่างใส ออร่า  อากาเนะ ไลโคบริ้ง,Whitening,350.0,฿300–499,,False,False,,,Phetchaburi,Other provinces
4798903490,(ส่งฟรี) น้ำแตงโมรียา น้ำชงแตงโม คุมหิว ลดพุง,Slimming Beverages,290.0,฿100–299,,False,False,,,Nakhon Pathom,Greater Bangkok
4798926131,พร้อมส่ง คอลลาเจนแม่น้ำหนึ่ง  Malinest L-Gluta  มาลิเนส คอลลาเจน แอลกลูต้า 1 ซอง บรรจุ 15 เม็ด (เม็ดเจลทานง่าย),Skin Nourishment,90.0,<฿100,,False,False,1.0,,Bangkok,Greater Bangkok
4798947248,Pu Gra อาหารเสริมผู้ชาย ชิ้นเล็ก ราคาเพียง69บาท,Men's Health,69.0,<฿100,,False,False,,,Pathum Thani,Greater Bangkok
4798977104,⚡️พร้อมส่งจ้า⚡️C-Brink Collagen ซีบริ้งคอลลาเจน 🍓🍊,Whitening,390.0,฿300–499,,False,False,1.0,,Bangkok,Greater Bangkok
4799054982,กษัยเส้น ตราเด็กในพานทอง กษัยเส้น กษัยลม ของแท้ ส่งไว,Herbs & Traditional Medicine,35.0,<฿100,,False,False,,,Surat Thani,Other provinces
4799056789,"[Pre-Order 999.-] Merry Plant Protein :  Mixed Berries Flavor 1 กระปุก 2.3lb. / 1,050g.",Protein,999.0,฿500–999,,False,False,,,Bangkok,Greater Bangkok
4799138415,"[Pre-Order Buy 4 Get 1] Merry Plant Protein : 4 Flavor 3 กระปุก เเถม 1 [ 2.3lb. / 1,050g. ]",Protein,3590.0,"฿1,000+",,False,False,1.0,,Bangkok,Greater Bangkok
4799154814,สมุนไพรพื้นบ้านจินดามณี ซองสีขาว,Herbs & Traditional Medicine,42.0,<฿100,36.0,False,True,,1512.0,Loei,Other provinces
4799172144,"[Pre-Order 999.-] Merry Plant Protein :  Strawberry Milk Flavor 1 กระปุก 2.3lb. / 1,050g.",Protein,999.0,฿500–999,,False,False,,,Bangkok,Greater Bangkok
4799179886,DHC Vitamin B-Mix วิตามินบีรวม (สำหรับ 20 วัน),Acne Care,75.0,<฿100,,False,False,,,Pathum Thani,Greater Bangkok
4799299306,🔥ส่งฟรี🔥ลดน้ำหนัก พุงยุบ ขับถ่ายดี ผิวใส กลิ่นกายหอม วิตามินผัก ผลไม้รวม ยุบพุง 60แคปซูล,Weight Management Value Sets,720.0,฿500–999,,False,False,,,Nakhon Sawan,Other provinces
4799323305,🔥สูตรใหม่🔥ลดน้ำหนัก สำหรับคนดื้อยา ลงไว ไฟเบอร์ ดีท๊อกซ์ หุ่นสวย พุงยุบ ขับถ่ายดี ไม่มีโยโย่,Weight Management Value Sets,720.0,฿500–999,,False,False,,,Nakhon Sawan,Other provinces
4799330389,คละได้ทุกรส [6แถม8] มานาไฟเบอร์ Mana Prolean fiber ลีนไขมัน พุงยุบ ดีท็อกซ์ลำไส้ ไฟเบอร์สูงเทียบเท่าผักสลัด 51 จาน!!,Digestive Care,1800.0,"฿1,000+",,False,False,,,Bangkok,Greater Bangkok
4799343582,Anlene แอนลีน [ โททอล 10 ] ขนาด 800 กรัม **แพ๊ค 2 แถม 1** แถมขนาด 400 กรัม,Nutritional Foods & Drinks,1420.0,"฿1,000+",,False,False,,,Nakhon Pathom,Greater Bangkok
4799349809,ส่งฟรี อาหารเสริมควบคุมน้ำหนัก ผลิตภัณฑ์อาหารเสริมควบคุมน้ำหนัก ลดน้ำหนัก ยุบพุง สลายไขมัน C L A,Weight Management Value Sets,880.0,฿500–999,,False,False,,,Nakhon Sawan,Other provinces
4799368146,สินค้าใหม่ [ไฟเบอร์3รส] มานาไฟเบอร์ Mana Prolean fiber ลีนไขมัน พุงยุบ ดีท็อกซ์ลำไส้ ไฟเบอร์สูงเทียบเท่าผักสลัด 51 จาน!!,Digestive Care,249.0,฿100–299,,False,False,,,Bangkok,Greater Bangkok
4799371551,เกร็กคู gracku 1 กล่อง 6 แคปซูล,Digestive Care,379.0,฿300–499,9.0,False,True,1.0,3411.0,Songkhla,Other provinces
4799394802,Pu Graอาหารเสริมผู้ชาย ราคา279บาท,Men's Health,279.0,฿100–299,,False,False,,,Pathum Thani,Greater Bangkok
4799404224,อาหารเสริมสำหรับผู้หญิง ผลิตภัณฑ์เสริมอาหาร สำหรับผู้หญิงทุกวัย อาหารเสริมเพื่อสุขภาพ อาหารเสริมสำหรับผิวใส ริ้วรอย,Women's Health,824.0,฿500–999,,False,False,,,Nakhon Sawan,Other provinces
4799420342,ส่งฟรี ผลิตภัณฑ์ลดน้ำหนัก อาหารเสริมควบคุมน้ำหนัก ส้มแขก ส้มแขกญี่ปุ่น สูตรใหม่ ลดพุง ลดขา ลดแขน Garcinia,Weight Management Value Sets,580.0,฿500–999,,False,False,,,Nakhon Sawan,Other provinces
4799433760,เกร็กคู 2และ3 กล่อง กล่องละ 6 แคปซูล รับประกันแท้,Well Being Gifts & Value Sets,730.0,฿500–999,,False,False,1.0,,Songkhla,Other provinces
4799464116,ส่งฟรี อาหารเสริมควบคุมน้ำหนัก ผลิตภัณฑ์ลดน้ำหนัก ขับถ่ายดี หุ่นสวย ผิวใส ผลไม้ลดน้ำหนัก ควบคุมความอยาก ลงดี ไม่มีโย่ มะม่วง,Weight Management Value Sets,880.0,฿500–999,,False,False,,,Nakhon Sawan,Other provinces
4799582423,เวย์โปรตีนแบ่งขาย แบบไม่บวกราคาเพิ่ม เหมาะสำหรับทดลองหรืองบน้อย,Protein,319.0,฿300–499,8.0,False,True,,2552.0,Trat,Other provinces
4799738075,วิตามินลดบวม ลดโซเดียม หุ่นเฟิร์ม แพค 30 เม็ด,Weight Management Value Sets,57.0,<฿100,,False,False,,,Bangkok,Greater Bangkok
4799756605,Amado Gold Collagen - อมาโด้ โกลด์ คอลลาเจน 1 ซอง (300กรัม/กระป๋อง),Bone & Joint Support,799.0,฿500–999,,False,False,,,Bangkok,Greater Bangkok
4799808434,Amado Gold Collagen - อมาโด้ โกลด์ คอลลาเจน 3 ซอง (300กรัม/ซอง),Bone & Joint Support,2290.0,"฿1,000+",,False,False,,,Bangkok,Greater Bangkok
4799815354,Glucerna SR กลูเซอนา พลัส รสวานิลลา 1200 g. รุ่นถุงเติม (400ก X 3 ถุง),Immunity,1480.0,"฿1,000+",,False,False,,,Samut Prakan,Greater Bangkok
4799825503,(ส่งฟรี) กระชายดำ  กระชายดำ แมกซ์ พลัส+ อาหารเสริมผู้ชาย Krachai Dum Maxx Plus+,Men's Health,322.5,฿300–499,,False,False,,,Songkhla,Other provinces
4799829777,Liv-N ลีฟเอ็น ดื่มหนัก จนตับพัง! ลดอาการเมาค้าง (กันแฮงค์) ช่วยลดสารพิษในตับ Liv-N ลีฟเอ็น ช่วยได้ แค่วันละ 1 เม็ด,Detoxification,590.0,฿500–999,,False,False,,,Suphan Buri,Other provinces
4799894922,นารีญา สมุนไพร 2 กระปุก ของแท้ ส่งฟรี!! NAREEYA ผลิตภัณฑ์เสริมอาหาร นารีญา ตัวช่วยดูแลผู้หญิงทุกวัย ได้จากสารสกัดจากสมุนไพร 1 กระปุก 60 เม็ด,Women's Health,560.0,฿500–999,,False,False,,,Si Sa Ket,Other provinces
4799925152,"น้ำมันปลา 1,000mg 90 แคปซูล  Fish Oil  สำหรับเด็กและผู้ใหญ่ #ดีเอชเอ #DHA #EPA #OMEGA3 #โอเมก้า3 #สมอง #ความจำ #อัลไซเมอร์",Brain & Memory,540.0,฿500–999,,False,False,,,Songkhla,Other provinces
4799945941,Mass gainer whey protein ( 1Ib 1 ปอนด์ ) เวย์โปรตีนสูตรเพิ่มน้ำหนัก เพิ่มกล้ามเนื้อ,Mass Gainer,159.0,฿100–299,15.0,False,True,3.0,2385.0,Roi Et,Other provinces
4799949621,น้ำชงคุมหิวรสแตงโม 2 แถมกาแฟ3ซอง,Slimming Beverages,580.0,฿500–999,,False,False,,,Ratchaburi,Other provinces
4799983994,เซตคละ3กระปุก! วิโนน่าโพรไบโอ Winona Probio (สูตร1+สูตร2+สูตร3) โพรไบโอติกส์ สายพันธุ์ไทย🇨🇷ดูแลร่างกายครบแบบองค์รวม,Digestive Care,3839.0,"฿1,000+",,False,False,1.0,,Bangkok,Greater Bangkok
4800027335,โกโก้ไนท์ cocoa ซื้อ 2 แถม1,Slimming Beverages,250.0,฿100–299,,False,False,,,Phetchaburi,Other provinces
4800058765,[ 1 ห่อ ]C Brink College ซี บริ้งค์ คอลลาเจน ผิวกระจ่างใสมีออร่า,Whitening,390.0,฿300–499,,False,False,1.0,,Bangkok,Greater Bangkok
4800060931,มายาอาร์เอ็ม สูตรเดิม เพ็คเกจใหม่ล่าสุด,Appetite Suppressant,80.0,<฿100,,False,False,,,Unknown,Unknown
4800069824,[ อย่างละ 1 ห่อ ]C Brink College ซี บริ้งค์ คอลลาเจน ผิวกระจ่างใสมีออร่า กับ อากาเนะ ไลโคบริ๊ง 🍓 Akane lyco Brink 🍅,Whitening,690.0,฿500–999,,False,False,,,Bangkok,Greater Bangkok
4800071501,กาแฟ โกโก้ ชัวร์เฮิร์บ ตัวช่วยของคนอยากหุ่นสวย แบ่งขาย 10 ซอง,Slimming Beverages,109.0,฿100–299,,False,False,,,Songkhla,Other provinces
4800090278,30แคปซูล สมุนไพรสลายไขมัน สลายเซลลูไลท์,Fat Blockers & Burners,99.0,<฿100,37.0,False,True,9.0,3663.0,Bangkok,Greater Bangkok
4800133319,[ อย่างละ 1 ห่อ]Brink College ซี บริ้งค์ คอลลาเจน กับ Akane lyco blinkอากาเนะ ไลโคบริ้ง✨,Whitening,690.0,฿500–999,,False,False,1.0,,Bangkok,Greater Bangkok
4800145158,"Glycine & NAC (60 แคปซูล) Do Not Age 1,200 mg.",Immunity,1190.0,"฿1,000+",,False,False,,,Nong Khai,Other provinces
4800202058,Detox kokando จากญี่ปุ่น🇯🇵แบบกล่องมี8แผง400เม็ด(หมดอายุ2026),Digestive Care,369.0,฿300–499,,False,False,1.0,,Phatthalung,Other provinces
4800260479,Saltstick Electrolyte Fastchews : เม็ดเคี้ยว เกลือแร่ ป้องกันตะคริวสำหรับนักกีฬา นักวิ่ง นักป้่น,Mass Gainer,160.0,฿100–299,,False,False,,,Pathum Thani,Greater Bangkok
4800267248,บูการิน,Herbs & Traditional Medicine,175.0,฿100–299,,False,False,,,Songkhla,Other provinces
4800271426,Saltstick Electrolyte Caps : แคปซูล อิเลคโทรไลต์ อาหารเสริม ป้องกันตะคริวสำหรับนักวิ่ง นักปั่น และนักกีฬา,Mass Gainer,1199.0,"฿1,000+",,False,False,1.0,,Pathum Thani,Greater Bangkok
4800369204,แถมฟรีดีท็อกซ์(ของทางร้าน)ของแท้ส่งด่วน DELLA เดลล่า เดลล่าเอส พลัส ซ้อฝัน,Detoxification,80.0,<฿100,,False,False,,,Udon Thani,Other provinces
4800411657,"วิตามินซี เคิร์กแลนด์ 
Kirkland Signature Vitamin C  1000 mg. 500 tabs นำเข้าจากอเมริกา",Immunity,709.0,฿500–999,5.0,False,True,3.0,3545.0,Pathum Thani,Greater Bangkok
4800585011,🔥โปร 3+1 🔥Ovisure Gold นมวีแกนธัญพืช กระปุกละ 400กรัม,Nutritional Foods & Drinks,3490.0,"฿1,000+",,False,False,,,Bangkok,Greater Bangkok
4800648820,เกร็กคู เกร๊คคู 1 กล่อง 6 แคปซูล การันตีของแท้ 💯💯 [GRACKU],Well Being Gifts & Value Sets,359.0,฿300–499,,False,False,,,Songkhla,Other provinces
4800811569,[1 ห่อ 390 บาท] C Brink Collagen  ตรา อากาเนะ,Beauty Supplements Value Sets,390.0,฿300–499,,False,False,,,Chonburi,Other provinces
4800836544,Kobayashi Inochi no haha เป็นวิตามินปรับสมดุลฮอร์โมน (วิตามินวันทอง)ในร่างกายของผู้หญิง,Women's Health,270.0,฿100–299,,False,False,,,Suphan Buri,Other provinces
4800922940,ดาร์เลเน่ ชาเน่ SS แคปซูล DARLENE Chane SS ชาลดไขมัน เร่งระบบเผาผลาญ ลดหุ่น ลดแขนใหญ่ ขาใหญ่ ชุดทดลอง 1 แผง 10 วัน,Fat Blockers & Burners,290.0,฿100–299,,False,False,1.0,,Ubon Ratchathani,Other provinces
4801026156,Pick ‘n Mix: Four Sachets in Mixed Flavours,Protein,450.0,฿300–499,,False,False,,,Samut Sakhon,Greater Bangkok
4801104453,อาร์ก เอน ออน กิฟฟารีน อาหารเสริมท่านชาย เสริมสร้างสมรรถภาพทางเพศ ฟรีค่าส่ง,Sexual Health Vitamins,580.0,฿500–999,,False,False,,,Ubon Ratchathani,Other provinces
4801108543,Swisse Odourless Fish Oil 1500mg/1000mg 400 capsules,Heart & Blood Pressure,550.0,฿500–999,,False,False,,,Songkhla,Other provinces
4801376882,แบ่งขาย พร้อมส่ง เวย์โปรตีนเพิ่มน้ำหนัก เวย์โปรตีนเพิ่มกล้ามเนื้อ Mega Mass Pro1350 อัดให้ใหญ่ไม่ใช่ให้อ้วน!!,Mass Gainer,159.0,฿100–299,,False,False,,,Bangkok,Greater Bangkok
4801393394,ဝုန်းဝမ်း မဟာဖြေဆေး - Myanmar Medicine,Herbs & Traditional Medicine,22.0,<฿100,,False,False,,,Bangkok,Greater Bangkok
4801402136,VISTRA Acerola Cherry 1000 mg. 45 เม็ด,Multivitamins,270.0,฿100–299,,False,False,1.0,,Bangkok,Greater Bangkok
4801500691,Mass Soy Protein Gainer 2 lb แมส ซอย โปรตีน 2 ปอนด์ หรือ 908กรัม (Non Wheyเวย์) เพิ่มน้ำหนัก + เพิ่มกล้ามเนื้อ,Mass Gainer,299.0,฿100–299,,False,False,,,Roi Et,Other provinces
4801534447,ESTRIX เอสทรีกซ์ ควบคุมน้ำหนัก ไม่ต้องอด ตัวช่วยดูแลขับถ่ายจากหลากหลายสารสกัดธรรมชาติ แก้ไขปัญหาท้องผูก สูตรถนอมลำไส้,Appetite Suppressant,399.0,฿300–499,,False,False,,,Bangkok,Greater Bangkok
4801811806,Grakcu เกร็กคู แบบ 3 กล่อง กล่องละ 6 แคปซูล ราคาสุดคุ้ม พร้อมส่ง ของแท้ 100%,Multivitamins,1120.0,"฿1,000+",6.0,False,True,,6720.0,Songkhla,Other provinces
4801816808,Gracku เกร๊กคู 2 กล่อง กล่อง 6 แคปซูล มีของ พร้อมส่งทันที,Multivitamins,750.0,฿500–999,6.0,False,True,,4500.0,Songkhla,Other provinces
4801880467,Amsel L-Arginine Plus Zinc แอมเซล แอล-อาร์จินีน พลัส ซิงค์ 40 แคปซูล [2 ขวด],Men's Health,262.0,฿100–299,,False,False,,,Bangkok,Greater Bangkok
4801944494,เครื่องดื่มโปรตีนถั่วลันเตา ผสมงาดำแปะก๊วย (บรรจุ 5 ซอง) Plant Based Protein ไม่มีน้ำตาล Keto Friendly ซองเดอร์ Xongdur,Nutritional Foods & Drinks,129.0,฿100–299,,False,False,,,Chanthaburi,Other provinces
4802013062,เครื่องดื่มโปรตีนถั่วลันเตาผสมโกโก้เฮเซลนัท (บรรจุ 5 ซอง) Plant Base Protein ไม่มีน้ำตาล Keto Friendly ซองเดอร์ Xongdur,Nutritional Foods & Drinks,129.0,฿100–299,,False,False,,,Chanthaburi,Other provinces
4802072947,ดาร์เลเน่ ชาเน่ SS แคปซูล DARLENE Chane SS ชาลดไขมัน เร่งระบบเผาผลาญ ลดหุ่น ลดแขนใหญ่ ขาใหญ่ ชุด 3 แผง 30วัน,Appetite Suppressant,799.0,฿500–999,,False,False,,,Ubon Ratchathani,Other provinces
4802200660,S sure Cocoa โกโก้คุมหิวพุงแบนราบ,Appetite Suppressant,1650.0,"฿1,000+",,False,False,,,Nonthaburi,Greater Bangkok
4802204191,S sure Cocoa โกโก้คุมหิวพุงแบนราบ,Appetite Suppressant,290.0,฿100–299,,False,False,,,Nonthaburi,Greater Bangkok
4802206407,MATELL Soy Protein Isolate Plant based ถั่วเหลือง ซอย โปรตีน ไอโซเลท (Non Whey เวย์),Protein,259.0,฿100–299,,False,False,,,Maha Sarakham,Other provinces
4802212277,S sure Cocoa โกโก้คุมหิวพุงแบนราบ,Appetite Suppressant,850.0,฿500–999,,False,False,,,Nonthaburi,Greater Bangkok
4802330976,ยาเม็ดลี้บ้วนซัว ตราตกเบ็ด,Herbs & Traditional Medicine,35.0,<฿100,,False,False,,,Bangkok,Greater Bangkok
4802454094,[ สินค้าใหม่ ] WINK WHITE XS Protein โปรตีนชงผอม,Protein,490.0,฿300–499,,False,False,,,Lopburi,Other provinces
4802496906,ยาน้ำ ขับลม ตราคีมเหล็ก ขวดใหญ่ 450cc,Herbs & Traditional Medicine,85.0,<฿100,,False,False,,,Nonthaburi,Greater Bangkok
4802543004,[ เช็ตใหญ่ ] WINK WHITE XS Protein โปรตีนชงผอม,Protein,2580.0,"฿1,000+",,False,False,,,Lopburi,Other provinces
4802573259,Elevit DHA วิตามินสำหรับการตั้งครรภ์และการให้นมบุตร 60 capsules พัฒนาสมองและสายตาทารก,Women's Health,689.0,฿500–999,,False,False,,,Nonthaburi,Greater Bangkok
4802622548,Detox ดีท็อกญี่ปุ่น 50 เม็ดเล็กทานง่าย ดีท็อกซ์ของเสียตกค้าง ล้างลำไส้ ใม่ปวดมวนท้อง,Detoxification,240.0,฿100–299,,False,False,,,Kalasin,Other provinces
4802650147,ดีท็อกญี่ปุ่น 400 Detox Slim ผลิตภัณฑ์เสริมขับถ่าย ดีท็อกซ์ล้างลำไส้ แก้ท้องผูกและของเสียสะสม,Detoxification,480.0,฿300–499,,False,False,,,Kalasin,Other provinces
4802834768,"LACTO-FIT LACTO-Joy Gummi Jelly MIX เยลลี่โพรไบโอติก รสพีช,มะม่วง [25 กรัม/ซอง]",Weight Management Value Sets,29.0,<฿100,,False,False,,,Bangkok,Greater Bangkok
4802853194,ผลิตภัณฑ์อาหารเสริม VENA X5 (วีเลน่าสูตรใหม่)การเผาผลาญไขมัน,Weight Management Value Sets,950.0,฿500–999,,False,False,,,Nakhon Ratchasima,Other provinces
4802855515,ส่งฟรี!! ส่งด่วน!!  มีโปร 2 แถม 1 Balance Y - BLY อาหารเสริมผู้หญิง ลดอาการปวดประจำเดือน แบบแคปซูล 10 / กล่อง,Women's Health,690.0,฿500–999,,False,False,,,Bangkok,Greater Bangkok
4802871437,^_^ 30 ผลิตภัณฑ์สมุนไฟรขายทั่วไป ยาหอมฤาษีทรงม้า กล่องใหญ่พิเศษ ขนาดใหญ่ 30 G,Herbs & Traditional Medicine,53.0,<฿100,,False,False,,,Ang Thong,Other provinces
4802876258,ส่งฟรี!! ส่งด่วน!! Balance Y - BLY มีโปร 2 แถม 1 ผลิตภัณฑ์เสริมอาหารสำหรับผู้หญิง ลดอาการปวดประจำเดือน ชนิดแคปซูล 10/กล่อง,Women's Health,690.0,฿500–999,,False,False,,,Bangkok,Greater Bangkok
4803006504,💢ใหม่ล่าสุดปี 2023 Transino White C Premium,Breast Enlargement,1290.0,"฿1,000+",,False,False,,,Chonburi,Other provinces
4803054083,BELL LERINE กลูต้าเบลล์ เลอรีน วิตซีสูตรคุณหมอ กลูต้านางฟ้า 1 แถม1 (มีขายแยก 1 กระปุก) 🍅 แท้100%,Whitening,80.0,<฿100,,False,False,,,Ubon Ratchathani,Other provinces
4803132827,Mass 2600 เวย์โปรตีนเพิ่มน้ำหนัก เพิ่มกล้ามเนื้อ สูตรเพิ่ม 2600 แคลอรี่ ให้สารอาหารครบ,Mass Gainer,128.0,฿100–299,,False,False,,,Roi Et,Other provinces
4803563214,(สูตรใหม่) Ensure Gold เอนชัวร์ โกลด์ สูตรโปรตีนจากธัญพืช 3 ชนิด 850g 1 กระป๋อง,Bone & Joint Support,799.0,฿500–999,,False,False,,,Buri Ram,Other provinces
4803645234,อาหารเสริม เดิมแคร์10วันอาหารเสริม เดิมแคร์10วัน,Appetite Suppressant,55.0,<฿100,8.0,False,True,3.0,440.0,Ratchaburi,Other provinces
4803660764,S sure Cocoa โกโก้คุมหิวพุงแบนราบ,Appetite Suppressant,290.0,฿100–299,,False,False,,,Nonthaburi,Greater Bangkok
4803743392,S sure Cocoa โกโก้คุมหิวพุงแบนราบ,Appetite Suppressant,850.0,฿500–999,,False,False,,,Nonthaburi,Greater Bangkok
4803821511,WINK WHITE XS PROTEIN COOKIE & CREAM โปรตีนคุกกี้แอนด์ครีม,Protein,1760.0,"฿1,000+",,False,False,,,Lopburi,Other provinces
4803834282,ส่งฟรี Honey Q ลดน้ำหนัก มาแรงแห่งปี ส่งตรงจากโรงงานผลิต ของแท้ 100%,Weight Management Value Sets,490.0,฿300–499,,False,False,,,Bangkok,Greater Bangkok
4803835266,ส่งฟรี Honey Q ลดน้ำหนัก มาแรงแห่งปี ส่งตรงจากโรงงานผลิต ของแท้ 100%,Weight Management Value Sets,490.0,฿300–499,,False,False,,,Bangkok,Greater Bangkok
4803862748,พร้อมส่ง✅ มิลค์ ออฟ แมกนีเซีย Milk of magnesia ยาระบาย ชนิดน้ำ,Nutritional Foods & Drinks,60.0,<฿100,,False,False,,,Sing Buri,Other provinces
4803906042,WINK WHITE XS PROTEIN PINK MILK  WHEY L-CARNITINE PINK MILK โปรตีนนมชมพู,Protein,1760.0,"฿1,000+",,False,False,,,Lopburi,Other provinces
4803918851,"Mega We Care Lecithin 1200 mg. 100 Capsules เมก้า วี แคร์ เลซิติน 1200 มก. 30,100 เม็ด เสริมสร้างความจำ บำรุงตับ ไขมันคลอเลสเตอรอล",Brain & Memory,89.0,<฿100,,False,False,,,Bangkok,Greater Bangkok
4804020019,NOW FOODS   50 mg 100 mg 200 mg 5 HTP ครบทุกแบบ ช่วยให้หลับสบาย ของแท้ พร้อมส่ง,Whitening,819.0,฿500–999,,False,False,,,Nonthaburi,Greater Bangkok
4804143921,ส่งฟรี ยันฮี คอลลิน พลัส Yanhee Callyn Plus ของแท้ 100 %,Women's Health,1990.0,"฿1,000+",,False,False,,,Bangkok,Greater Bangkok
4804242902,ส่งฟรี ยันฮี คอลลิน พลัส Yanhee Callyn Plus ของแท้ 100 %,Women's Health,1990.0,"฿1,000+",,False,False,,,Bangkok,Greater Bangkok
4804253656,(ฉลากอังกฤษ) 102 กรัม Herbalife Lemon and Hibiscus Tea Mix เครื่องดื่มชาเขียวผงสกัดกลิ่นมะนาว,Slimming Beverages,728.0,฿500–999,,False,False,,,Lampang,Other provinces
4804294219,*พร้อมส่ง/ของแท้‼️* Advil Liqui PM มีหลายขนาด,Multivitamins,450.0,฿300–499,,False,False,,,Nonthaburi,Greater Bangkok
4804298986,✅ของแท้ ส่งไว✅ เซตลืมหิว ชาน่าเอส ชาน่าดีท็อกซ์ พิชาโกโก้เอส การเผาผลาญไขมัน,Fat Blockers & Burners,290.0,฿100–299,,False,False,,,Samut Prakan,Greater Bangkok
4804358726,สารสกัดถั่วขาว บล็อคแป้ง บล็อคน้ำตาล กิฟฟารีน บล็อค-โฟร์-สลิม Block 4 Slimm Giffarine,Fat Blockers & Burners,585.0,฿500–999,,False,False,,,Bangkok,Greater Bangkok
4804377042,Beta-X เบต้าเอ็กซ์แคปซูล สูตร Premium ผลิตภัณฑ์เสริมอาหาร ตัวช่วยฟื้นฟูบำรุง ดูแลปอด ดีท็อกซ์ ล้างสารพิษ สกัดจากกระชายขาว จากสมุนไพร ของแท้จากบริษัท พร้อมส่ง 1 กล่อง มี 10 แคปซูล (พิเศษโปร2แถม1) RUNoi888,Detoxification,990.0,฿500–999,,False,False,,,Bangkok,Greater Bangkok
4804433272,🎁มีของแถม! แท้! ส่งฟรี! สูตรใหม่ ชาน่าเอส Shana S Apple คุมหิว อิ่มนาน การเผาผลาญไขมัน 30แคปซูล,Fat Blockers & Burners,260.0,฿100–299,,False,False,,,Samut Prakan,Greater Bangkok
4804540012,ชาสตรี ชาสมุนไพร ชาโอลิเวียร์ ชาเรียกประจำเดือน ประจำเดือนขาด ประจำเดือนไม่ปกติ ตกขาว น้ำคาวปลา ผิวคล้ำเสีย ฝ้าหนา,Women's Health,189.0,฿100–299,,False,False,,,Chonburi,Other provinces
4804815953,นารีญาพลัส NAREEYA plus ผลิตภัณฑ์เสริมอาหารสำหรับผู้หญิง ดูแลคุณผู้หญิงทุกวัย 1กระปุกบรรจุ 60 เม็ด ⭐️ส่งทุกวัน ⭐️ส่งด่วน!!!,Women's Health,2000.0,"฿1,000+",,False,False,,,Chiang Mai,Other provinces
4805180289,วีน่าเอ็กซ์5 VENA X5 (1แถม1) ควบคุมน้ำหนัก,Weight Management Value Sets,299.0,฿100–299,,False,False,,,Ratchaburi,Other provinces
4805419748,โปร 1 แถม 2 อารยา คอลลาเจน ARAYA COLLAGEN คอลลาเจนราสเบอรี่ คอลลาเจนผู้หญิง บำรุงภายใน ตกขาว ฟิตกระชับ หน้าใส ฮอร์โมนผู้หญิง,Women's Health,390.0,฿300–499,,False,False,,,Udon Thani,Other provinces
4805570784,คินเน่เอส kinne s ลดน้ำหนัก ลดพุง คุมหิว อิ่มนาน สูตรล้มช้าง สูตรดื้อยา ลดบวม พร้อมส่ง จัดส่งไว ของแท้ ปลอดภัย,Appetite Suppressant,290.0,฿100–299,,False,False,,,Surin,Other provinces
4805594816,ผลิตภัณฑ์อาหารเสริมของท่านชาย   แองเยอร์ ANGYER  (1 กล่อง 10 แคปซูล),Men's Health,199.0,฿100–299,,False,False,,,Bangkok,Greater Bangkok
4805676165,CRARA apple Cider Vineger GUMMY🍎 (แอปเปิ้ล ไซเดอร์) กัมมี่ ลดน้ำหนัก คุมหิว อิ่มนาน ลดความอยากอาหาร,Weight Management Value Sets,5600.0,"฿1,000+",,False,False,,,Bangkok,Greater Bangkok
4805702228,Nareeya Plus นารีญา พลัส วิตามิน สำหรับผู้หญิง มีคอลลาเจน นารีญาสมุนไพร หอมสมุนไพร  60เม็ด/กระปุก แท้ ส่งฟรี,Women's Health,340.0,฿300–499,,False,False,,,Chiang Mai,Other provinces
4805708786,[พิเศษแถมแก้ว] Protein โปรตีนจากพืช 1 กระBenefit กระปุก  : โปรตีนลีน ไขมันน้ำตาล 0% เบเน่ฟิต Plant Protein Vegan Protein Halal,Meal Replacement,1688.0,"฿1,000+",,False,False,,,Nonthaburi,Greater Bangkok
4805710693,Jamille Black Sessme Oilจามิลลี่น้ำมันงาดำ(60แคปซูล),Heart & Blood Pressure,997.0,฿500–999,,False,False,,,Bangkok,Greater Bangkok
4805753330,Benefit Protein โปรตีนจากพืช 3 กล่อง แถมแก้วเชค : โปรตีนลีน ไขมันน้ำตาล 0% เบเน่ฟิต Plant Protein โปรตีนสูง วีแกน Vegan Protein Halal,Meal Replacement,1088.0,"฿1,000+",,False,False,2.0,,Nonthaburi,Greater Bangkok
4805974163,วิตามินเพิ่มน้ำหนักคลีนิค สูตรเดิม ผู้ใหญ่(อยากอ้วน อยากอวบ มีน้ำมีนวล),Mass Gainer,245.0,฿100–299,,False,False,,,Nakhon Ratchasima,Other provinces
4806310824,Balance P BLP อาหารเสริม ของแท้จากบริษัท พร้อมแนะนำและแนะนำวิธีทาน อาหารเสริมเพื่อสุขภาพ ลดน้ำตาล ความดัน,Heart & Blood Pressure,990.0,฿500–999,,False,False,,,Samut Prakan,Greater Bangkok
4806337855,ยูเน่เอส1 +เอ็นโซเอส1คู่จิ้นลงไว เห็นผลไวสำหรับสายที่อยากลงแบบจริงจัง คลีนลำไส้+เผาผลาญ  ยูเน่เอส 1 กล่อง บรรจุ 10 แคปซูล เอ็นโซเอส,Appetite Suppressant,619.0,฿500–999,,False,False,1.0,,Bangkok,Greater Bangkok
4806380862,โปรตีน ฟิตมิล  Fitt Meal by  ฟิตต์ มีล บาย  ผลิตภัณฑ์ทดแทนมื้ออาหาร โปรตีน,Meal Replacement,1700.0,"฿1,000+",68.0,False,True,,115600.0,Bangkok,Greater Bangkok
4806410857,Blue S Plus บลูเอสเม็ดฟ้า บลูกเอสพลัส,Appetite Suppressant,180.0,฿100–299,,False,False,,,Nakhon Si Thammarat,Other provinces
4806468377,คลอโรฟิลล์ คลอโรฟิล คลอโรฟีน คลอโรฟิว CHLOROPHYLL,Detoxification,480.0,฿300–499,69.0,False,True,,33120.0,Bangkok,Greater Bangkok
4806483337,โคลีนบี  วิตามินบีรวม วิตามินบี  Choline - B GIFFARINE สมอง ความจำ ปลายประสาท,Food Supplement,280.0,฿100–299,69.0,False,True,,19320.0,Bangkok,Greater Bangkok
4806489245,สมุนไพรนารีญา สำหรับคุณผู็หญิงที่ดูแลสุขภาพ nareeya กระชับ หลับยาก หงุดหงิด ร้อนๆหนาวๆ[ส่งฟรี],Women's Health,770.0,฿500–999,,False,False,,,Bangkok,Greater Bangkok
4806492324,โคซานอล โคซานอล มัลติ แพลนท์ โอเมก้า 3 ออยล์ น้ำมันงาขี้ม่อน น้ำมันเมล็ดแฟลกซ์ และน้ำมันงา ผสมวิตามินอี,Food Supplement,220.0,฿100–299,50.0,False,True,,11000.0,Bangkok,Greater Bangkok
4806504249,โฟลิคโฟลิก โฟลิก โฟลิค เสริมธาตุเหล็ก NUTRI FOLIC,Food Supplement,180.0,฿100–299,67.0,False,True,,12060.0,Bangkok,Greater Bangkok
4806534114,กระเทียม กระเทียมแคปซูล กระเทียม  กระเทียมสกัด  GARLIC,Food Supplement,400.0,฿300–499,56.0,False,True,,22400.0,Bangkok,Greater Bangkok
4806549089,น้ำมันปลา  ( 500 มก. 50 แคปซูล ) Fish oil  น้ำมันตับปลา,Food Supplement,200.0,฿100–299,60.0,False,True,,12000.0,Bangkok,Greater Bangkok
4807207360,{ ของแท้ / พร้อมส่ง } TTM TICHA MIXED FRUIT TEA ชาผลไม้ มีพรีไบโอติก ขับถ่ายง่าย ไม่ปวดบิด,Appetite Suppressant,390.0,฿300–499,,False,False,,,Bangkok,Greater Bangkok
4807279962,Detox ญี่ปุ่น [1แผง],Detoxification,65.0,<฿100,,False,False,,,Kamphaeng Phet,Other provinces
4807296225,หมอสมหมาย เซตคู่ สุดคุ้ม จีเฮิร์บ แคปซูล วัน (1) เจลอาบน้ำ (1) ดูแลสุขภาพ ดูแลผิวพรรณ,Detoxification,1159.0,"฿1,000+",,False,False,1.0,,Nonthaburi,Greater Bangkok
4807320983,Detox ญี่ปุ่น [3แผง],Detoxification,180.0,฿100–299,,False,False,,,Kamphaeng Phet,Other provinces
4807477635,Detox ญี่ปุ่น [1 กล่อง],Detoxification,390.0,฿300–499,,False,False,,,Kamphaeng Phet,Other provinces
4807478492,Detox ญี่ปุ่น [2แผง],Detoxification,125.0,฿100–299,,False,False,,,Kamphaeng Phet,Other provinces
4807496506,Detox ญี่ปุ่น [4แผง],Detoxification,240.0,฿100–299,,False,False,,,Kamphaeng Phet,Other provinces
4807682674,[✔️ลด100 ] เบต้าลีฟ BetaLiv ขับสารพิษ ฟื้นฟูตับ ป้องกันการเกิดไขมันพอกตับ,Detoxification,640.0,฿500–999,,False,False,,,Bangkok,Greater Bangkok
4808065607,Nn Yaeyama Chlorella Green Algae สาหร่ายคลอเรลล่ากำจัดสารพิษภายใน(300mg),Detoxification,460.0,฿300–499,,False,False,,,Bangkok,Greater Bangkok
4808233780,Herbalife nutrition protein vanilla flavor 550g l นิวทริชั่นแนล โปรตีน ดริ้งค์ มิกซ์ กลิ่นวานิลลา 550 กรัม l 1 กระปุก l ทานง่าย รสชาติอร่อย,Meal Replacement,1799.0,"฿1,000+",,False,False,,,Chonburi,Other provinces
4808234994,Herbalife nutrition protein choccolate flavor 550g l นิวทริชั่นแนล โปรตีน ดริ้งค์ มิกซ์ กลิ่นช็อกโกแลต 550 กรัม l 1 กระปุก l ทานง่าย รสชาติอร่อย,Meal Replacement,1799.0,"฿1,000+",,False,False,,,Chonburi,Other provinces
4808258907,Herbalife nutrition protein cookies&cream flavor 550g l นิวทริชั่นแนล โปรตีน ดริ้งค์ มิกซ์ กลิ่นคุกกี้&ครีม l 1 กระปุก l ทานง่าย รสชาติอร่อย,Meal Replacement,1799.0,"฿1,000+",,False,False,,,Chonburi,Other provinces
4808263951,Herbalife nutrition protein bar 14 bar/box l ขนมผสมโปรตีนนมชนิดแท่ง ดีลักซ์โปรตีนบาร์แสนอร่อย เคี้ยวง่าย เคลือบด้วยช็อกโกแลตคุณภาพดีจากเยอรมัน,Meal Replacement,899.0,฿500–999,,False,False,,,Chonburi,Other provinces
4808267771,Herbalife nutrition protein chocolate mint flavor 550g โปรตีน ดริ้งค์ มิกซ์ กลิ่นช็อกโกแลตมินต์ 550 กรัม l 1 กระปุก l ทานง่าย รสชาติอร่อย,Meal Replacement,1799.0,"฿1,000+",,False,False,,,Chonburi,Other provinces
4808284792,Une’s+Nsos (ยูเน่เอส+เอ็นโซเอส)ลดบวมพุงยุบ ของแท้💯 ส่งฟรี!,Weight Management Value Sets,950.0,฿500–999,,False,False,,,Sa Kaeo,Other provinces
4808371239,Herbalife nutrition protein strawberry flavor 550g l นิวทริชั่นแนล โปรตีน ดริ้งค์ มิกซ์ กลิ่นสตรอเบอร์รี 550 กรัม l 1 กระปุก l ทานง่าย รสชาติอร่อย,Meal Replacement,1799.0,"฿1,000+",,False,False,,,Chonburi,Other provinces
4808385285,Herbalife nutrition protein coffee latte flavor 550g l นิวทริชั่นแนล โปรตีน ดริ้งค์ มิกซ์ กลิ่นคาเฟ่ ลาเต้ 550 กรัม l 1 กระปุก l ทานง่าย รสชาติอร่อย,Meal Replacement,1799.0,"฿1,000+",,False,False,,,Chonburi,Other provinces
4808393928,ชุดทดลอง /ส่งฟรี/ อาหารเสริมเพิ่มน้ำนม Jessie mum เจสซี่มัม  ดูแลน้ำนม กู้น้ำนม สมุนไพรเพิ่มน้ำนม / 1 ซอง 5 แคปซูล,Women's Health,180.0,฿100–299,,False,False,,,Bangkok,Greater Bangkok
4808500844,โคซานอล โคซานอล มัลติ แพลนท์ โอเมก้า 3 ออยล์ น้ำมันงาขี้ม่อน น้ำมันเมล็ดแฟลกซ์ และน้ำมันงา ผสมวิตามินอี,Food Supplement,220.0,฿100–299,48.0,False,True,,10560.0,Pathum Thani,Greater Bangkok
4808513784,คลอโรฟิลล์ คลอโรฟิล คลอโรฟีน คลอโรฟิว CHLOROPHYLL,Detoxification,480.0,฿300–499,51.0,False,True,,24480.0,Pathum Thani,Greater Bangkok
4808549166,Goodies โปรตีนพืชรสช็อคโกแลต 1 กระปุก,Food Supplement,1390.0,"฿1,000+",,False,False,3.0,,Nakhon Pathom,Greater Bangkok
4808638242,คลอโรฟิลล์ กิฟฟารีน คลอโรฟิลล์แท้100 คลอโรฟิลล์ giffarine คลอโรฟิลล์กิฟฟารีน chlorophyll,Detoxification,360.0,฿300–499,70.0,False,True,,25200.0,Pathum Thani,Greater Bangkok
4808922014,สินค้า Himalaya Liv.52 DS อาหารเสริมบำรุงตับสูตรเข้มข้น นำเข้าจากอินเดีย ชนิดเม็ด 60 เม็ด จำนวน 2 กระปุก,Detoxification,220.0,฿100–299,,False,False,,,Bangkok,Greater Bangkok
4809133986,โปรตีน ฟิตมิล  Fitt Meal by  ฟิตต์ มีล บาย  ผลิตภัณฑ์ทดแทนมื้ออาหาร โปรตีน,Meal Replacement,1700.0,"฿1,000+",,False,False,,,Pathum Thani,Greater Bangkok
4809183462,"Real Elixir Alfa Chlorophyll Plus ( คลอโรฟิลล์ ) 5,000mg.",Detoxification,290.0,฿100–299,,False,False,,,Samut Prakan,Greater Bangkok
4809326259,SUPER MASS GAINER 12ปอนด์ สร้างกล้ามเนื้อเพิ่มน้ำหนัก,Mass Gainer,2599.0,"฿1,000+",,False,False,,,Khon Kaen,Other provinces
4809425505,UneSใหม่ ยูเน่ เอส ขนาดบรรจุ 10 แคปซูล,Appetite Suppressant,145.0,฿100–299,,False,False,,,Bangkok,Greater Bangkok
4809850454,"(ของแท้ พร้อมส่ง) Primaforce, Creatine-X, Unflavored, 250 g",Pre-Workout,1190.0,"฿1,000+",,False,False,,,Samut Prakan,Greater Bangkok
4809943579,ยกกล่อง!! BAKAMOL Paracetamol 500 mg. บาคามอล พาราเซตามอล 500 มก. บรรเทาปวด ลดไข้ (1 กล่อง = 10 แผง),Immunity,85.0,<฿100,,False,False,,,Bangkok,Greater Bangkok
4809986550,เข้าใหม่!!CrampFix 20ml แคมฟริกเครื่องดื่มสำหรับตัวช่วยคลายตะคริว แบบซอง,Pre-Workout,130.0,฿100–299,,False,False,,,Nakhon Nayok,Other provinces
4809997541,5ฟรี1 ทุกรสคละได้ Active Peak Energy Gel เจล ให้พลังงาน 120 แคล,Pre-Workout,79.0,<฿100,,False,False,,,Nakhon Nayok,Other provinces
4810004394,สินค้าเข้าใหม่! GU Energy Gel เจลให้พลังงานที่ดีทีสุด,Pre-Workout,85.0,<฿100,,False,False,,,Nakhon Nayok,Other provinces
4810292265,YANHEE Callyn Plus ยันฮี คอลลิน พลัส,Appetite Suppressant,390.0,฿300–499,,False,False,,,Bangkok,Greater Bangkok
4810713415,Asahi SUS CP1563 Slim Lactic Acid Bacteria Burn Fat Shake 250g 2ชนิด / Tablet 20วัน slim up slim,Fat Blockers & Burners,949.0,฿500–999,,False,False,,,Chonburi,Other provinces
4810743456,เข้าใหม่ GU Roctane Energy Gel เจลให้พลังงาน หมดอายุ2/2024,Pre-Workout,135.0,฿100–299,,False,False,,,Nakhon Nayok,Other provinces
4810890583,8.8 ⚡ ซื้อ 1 แถม 1 แถมฟรี ZINC SOAP สบู่ซินซี [AGLAM ASTRA Q10 แอสตร้าคิวเท็น ] วิตามินสำหรับคนเป็น ฝ้า กระ,Food Supplement,399.0,฿300–499,5.0,False,True,2.0,1995.0,Pathum Thani,Greater Bangkok
4810913942,แคปซูลเกลือแร่ Salt Pro (ซอลท์ โปร) แผง 6 แคปซูล,Pre-Workout,100.0,฿100–299,,False,False,,,Nakhon Nayok,Other provinces
4810964850,เข้าใหม่JETdro Energy Gel 40 ml (ซื้อ 5 แถมฟรี 1 ซอง) เจลให้พลังงาน ให้พลังงานสูงถึง 130 KCal  กินง่าย ดูดซึมเร็ว,Pre-Workout,80.0,<฿100,,False,False,,,Nakhon Nayok,Other provinces
4810991800,เข้าใหม่พร้อมส่งทุกรส(ซื้อ​ 5​ แถม​ 1​)​ Bolt Energy Gel เจลให้พลังงานโบลท์,Pre-Workout,75.0,<฿100,,False,False,,,Nakhon Nayok,Other provinces
4811021058,8.8 ⚡ ซื้อ 1 แถม 1 แถมฟรี ZINC SOAP สบู่ซินซี [AGLAM COLLCERA&ASTRA Q10 คอลเซร่า&แอสตร้าคิวเท็น] วิตามินสำหรับคนเป็นฝ้า กระ ผิวคล้ำ,Food Supplement,399.0,฿300–499,,False,False,,,Pathum Thani,Greater Bangkok
4811202933,[8.8] โพรไบโอต้า (Probiota) นวัตกรรมโพรไบโอติกสำหรับดูแลระบบทางเดินอาหารและลำไส้ (1 กล่อง 30 ซอง),Food Supplement,1399.0,"฿1,000+",,False,False,,,Bangkok,Greater Bangkok
4811243284,POWZ UP sun dried banana : กล้วยตากให้พลังงานจากธรรมชาติ 100%,Pre-Workout,20.0,<฿100,,False,False,,,Nakhon Nayok,Other provinces
4811385290,น้ำมันปลา 4X กิฟฟารีน น้ำมันตับปลา FISH OIL GIFFARINE มี DHA สูงถึง 500 mg สูตรเข้มข้น,Food Supplement,620.0,฿500–999,40.0,False,True,,24800.0,Pathum Thani,Greater Bangkok
4811606777,MUTANT MADNESS Pre-Workout 30 Serving เพิ่มแรง เพิ่มพลัง ก่อนออกกำลังกาย,Pre-Workout,990.0,฿500–999,,False,False,,,Khon Kaen,Other provinces
4811781646,PVL Creatine X8 Creatine + Amino Acid Supplement - 249 g 30 Serving สุดยอด เพิ่มแรง เพิ่มพลัง สร้างกล้าม + กรดอะมิโน,Pre-Workout,720.0,฿500–999,,False,False,,,Khon Kaen,Other provinces
4811944033,MUTANT MADNESS ALL-IN Pre-Workout 34 Serving เพิ่มแรง เพิ่มพลัง ตัวแรง ก่อนออกกำลังกาย ครบจบในกระปุกเดียว,Pre-Workout,1350.0,"฿1,000+",,False,False,,,Khon Kaen,Other provinces
4811988028,BSN Amino X Muscle Recovery & Endurance Powder 30 Servings กรดอะมิโน กระตุ้นการสังเคราะห์โปรตีนเพื่อสร้างกล้ามเนื้อ,Pre-Workout,1290.0,"฿1,000+",,False,False,,,Khon Kaen,Other provinces
4812162946,Scivation Xtend BCAA + Electrolytes - Air Heads 30 Servings กรดอะมิโนป้องกันกล้ามเนื้อสลายตัว,Pre-Workout,1699.0,"฿1,000+",,False,False,,,Bangkok,Greater Bangkok
4812302137,Cellucor C4 Original 60 Servings - Sour Batch Bros (Pre-Workout) กรดอมิโนเพิ่มแรงในการออกกำลังกาย,Pre-Workout,2599.0,"฿1,000+",,False,False,,,Bangkok,Greater Bangkok
4812321231,กรดอมิโนเพิ่มแรง + ลดไขมัน Cellucor C4 Ripped 30 Servings - Raspberry Lemonade,Pre-Workout,1699.0,"฿1,000+",,False,False,,,Bangkok,Greater Bangkok
4812621679,โคซานอล โอเมก้า3 กิฟฟารีน โคซานอลกิฟฟารีน น้ำมันงาขี้ม่อน เมล็ดแฟลกซ์ cosanol giffarine,Food Supplement,220.0,฿100–299,120.0,False,True,,26400.0,Pathum Thani,Greater Bangkok
4813244577,เพิ่มน้ำหนักคลีนิค สูตรเดิม หิวX2 เพิ่มโปรตีน,Mass Gainer,245.0,฿100–299,,False,False,,,Nakhon Ratchasima,Other provinces
